ID,JiraID,Name,State,Start_Date,Activated_Date,End_Date,Complete_Date,Project_Name
490,8,"Q2'14 Sprint 1",CLOSED,"2014-05-05 18:00:16",NULL,"2014-05-15 00:00:00","2014-05-15 21:16:18","Apache Mesos"
489,12,"Q2'14 Sprint 2",CLOSED,"2014-05-15 21:33:31",NULL,"2014-05-29 00:00:00","2014-05-30 19:24:37","Apache Mesos"
488,13,"Q2 Sprint 3",CLOSED,"2014-05-31 00:00:30",NULL,"2014-06-12 00:00:00","2014-06-13 23:05:05","Apache Mesos"
487,20,"Q2 Sprint 4",CLOSED,"2014-06-13 23:07:41",NULL,"2014-06-26 00:00:00","2014-06-26 17:14:41","Apache Mesos"
486,22,"Q2 Sprint 5",CLOSED,"2014-06-30 19:00:15",NULL,"2014-07-05 00:00:00","2014-07-14 18:07:50","Apache Mesos"
485,24,"Q3 Sprint 1",CLOSED,"2014-07-14 19:03:07",NULL,"2014-07-24 00:00:00","2014-07-28 18:06:46","Apache Mesos"
484,25,"Q3 Sprint 2",CLOSED,"2014-07-28 19:05:44",NULL,"2014-08-07 00:00:00","2014-08-11 17:30:40","Apache Mesos"
483,30,"Q3 Sprint 3",CLOSED,"2014-08-11 19:00:26",NULL,"2014-08-23 00:00:00","2014-08-25 21:10:36","Apache Mesos"
482,31,"Q3 Sprint 4",CLOSED,"2014-08-25 21:32:11",NULL,"2014-09-06 01:00:00","2014-09-08 18:07:29","Apache Mesos"
481,36,"Mesos Q3 Sprint 5",CLOSED,"2014-09-08 18:00:33",NULL,"2014-09-22 18:00:00","2014-09-22 18:04:35","Apache Mesos"
480,38,"Mesos Q3 Sprint 6",CLOSED,"2014-09-22 18:30:00",NULL,"2014-10-06 18:00:00","2014-10-06 21:04:04","Apache Mesos"
479,43,"Twitter Q4 Sprint 1",CLOSED,"2014-10-06 22:00:00",NULL,"2014-10-20 18:00:00","2014-10-20 18:02:29","Apache Mesos"
477,45,"Mesosphere Q4 Sprint 1 10/31",CLOSED,"2014-10-19 18:29:04",NULL,"2014-10-31 17:29:00","2014-11-04 00:25:45","Apache Mesos"
478,49,"Twitter Mesos Q4 Sprint 2",CLOSED,"2014-10-21 19:00:15",NULL,"2014-11-04 19:00:00","2014-11-03 19:01:59","Apache Mesos"
475,51,"Twitter Mesos Q4 Sprint 3",CLOSED,"2014-11-03 19:00:04",NULL,"2014-11-17 19:00:00","2014-11-17 18:59:59","Apache Mesos"
474,47,"Mesosphere Q4 Sprint 2 - 11/14",CLOSED,"2014-11-04 18:40:29",NULL,"2014-11-14 18:40:00","2014-11-17 18:50:24","Apache Mesos"
473,56,"Twitter Mesos Q4 Sprint 4",CLOSED,"2014-11-17 19:30:00",NULL,"2014-12-01 19:00:00","2014-12-01 19:16:37","Apache Mesos"
472,55,"Mesosphere Q4 Sprint 3 - 12/7",CLOSED,"2014-11-19 17:58:45",NULL,"2014-12-07 17:58:00","2015-01-15 21:15:18","Apache Mesos"
471,57,"Twitter Mesos Q4 Sprint 5",CLOSED,"2014-12-01 19:30:00",NULL,"2014-12-15 19:00:00","2014-12-15 19:22:03","Apache Mesos"
476,69,"Mesosphere Q1 Sprint 1 - 1/23",CLOSED,"2015-01-15 21:16:49",NULL,"2015-01-23 21:16:00","2015-01-23 16:40:02","Apache Mesos"
469,72,"Twitter Mesos Q1 Sprint 1",CLOSED,"2015-01-20 19:59:00",NULL,"2015-02-03 19:48:00","2015-02-02 18:45:12","Apache Mesos"
470,74,"Mesosphere Q1 Sprint 2 - 2/6",CLOSED,"2015-01-23 16:54:35",NULL,"2015-02-06 16:54:00","2015-02-06 16:22:48","Apache Mesos"
468,80,"Twitter Mesos Q1 Sprint 2",CLOSED,"2015-02-02 20:00:11",NULL,"2015-02-16 19:00:00","2015-02-17 17:46:05","Apache Mesos"
467,75,"Mesosphere Q1 Sprint 3 - 2/20",CLOSED,"2015-02-06 16:47:50",NULL,"2015-02-20 16:47:00","2015-02-20 16:16:31","Apache Mesos"
466,87,"Twitter Mesos Q1 Sprint 3",CLOSED,"2015-02-17 18:00:00",NULL,"2015-03-02 19:00:00","2015-03-02 19:09:50","Apache Mesos"
465,81,"Mesosphere Q1 Sprint 4 - 3/6",CLOSED,"2015-02-20 16:28:58",NULL,"2015-03-06 16:28:00","2015-03-09 23:11:32","Apache Mesos"
464,93,"Twitter Mesos Q1 Sprint 4",CLOSED,"2015-03-02 19:31:49",NULL,"2015-03-16 19:31:00","2015-03-16 18:20:23","Apache Mesos"
463,95,"Mesosphere Q1 Sprint 5 - 3/20",CLOSED,"2015-03-09 23:12:34",NULL,"2015-03-20 23:12:00","2015-03-20 15:31:23","Apache Mesos"
462,99,"Twitter Mesos Q1 Sprint 5",CLOSED,"2015-03-16 18:00:39",NULL,"2015-03-30 18:00:00","2015-03-30 18:13:37","Apache Mesos"
461,102,"Mesosphere Q1 Sprint 6 - 4/3",CLOSED,"2015-03-20 15:41:35",NULL,"2015-04-03 15:41:00","2015-04-03 16:56:08","Apache Mesos"
460,104,"Twitter Mesos Q1 Sprint 6",CLOSED,"2015-03-30 18:19:21",NULL,"2015-04-06 18:00:00","2015-04-13 18:11:10","Apache Mesos"
459,106,"Mesosphere Q1 Sprint 7 - 4/17",CLOSED,"2015-04-03 16:57:36",NULL,"2015-04-17 16:57:00","2015-04-17 15:13:56","Apache Mesos"
458,113,"Twitter Q2 Sprint 1 - 4/13",CLOSED,"2015-04-13 18:00:42",NULL,"2015-04-27 18:00:00","2015-04-27 18:26:06","Apache Mesos"
457,108,"Mesosphere Q2 Sprint 8 - 5/1",CLOSED,"2015-04-17 15:46:14",NULL,"2015-05-01 15:46:00","2015-05-01 15:23:06","Apache Mesos"
455,118,"Twitter Q2 Sprint 2",CLOSED,"2015-04-27 20:59:03",NULL,"2015-05-11 20:59:00","2015-05-11 18:26:37","Apache Mesos"
456,115,"Mesosphere Q1 Sprint 9 - 5/15",CLOSED,"2015-05-01 15:00:00",NULL,"2015-05-16 00:00:00","2015-05-15 16:47:08","Apache Mesos"
454,128,"Twitter Q2 Sprint 3 - 5/11",CLOSED,"2015-05-11 18:00:12",NULL,"2015-05-25 18:00:00","2015-05-26 18:13:38","Apache Mesos"
453,130,"Mesosphere Sprint 10",CLOSED,"2015-05-15 16:30:26",NULL,"2015-05-26 01:00:00","2015-05-27 19:49:52","Apache Mesos"
452,134,"Mesosphere Sprint 11",CLOSED,"2015-05-26 17:54:14",NULL,"2015-06-08 16:00:00","2015-06-08 20:13:57","Apache Mesos"
451,132,"Twitter Q2 Sprint 3",CLOSED,"2015-05-26 18:00:31",NULL,"2015-06-08 18:00:00","2015-06-08 18:13:04","Apache Mesos"
450,142,"Mesosphere Sprint 12",CLOSED,"2015-06-08 16:00:47",NULL,"2015-06-22 16:00:00","2015-06-22 17:54:29","Apache Mesos"
449,141,"Twitter Mesos Q2 Sprint 5",CLOSED,"2015-06-08 19:00:00",NULL,"2015-06-22 18:00:00","2015-06-22 18:13:49","Apache Mesos"
447,143,"Mesosphere Sprint 13",CLOSED,"2015-06-22 17:00:57",NULL,"2015-07-06 16:00:00","2015-07-06 19:05:04","Apache Mesos"
448,150,"Twitter Mesos Q2 Sprint 6",CLOSED,"2015-06-22 18:27:42",NULL,"2015-07-06 18:00:00","2015-07-06 18:38:22","Apache Mesos"
446,154,"Mesosphere Sprint 14",CLOSED,"2015-07-06 17:00:32",NULL,"2015-07-20 17:00:00","2015-07-20 20:35:43","Apache Mesos"
445,155,"Twitter Mesos Q3 Sprint 1",CLOSED,"2015-07-06 18:52:39",NULL,"2015-07-20 18:00:00","2015-07-20 19:30:20","Apache Mesos"
444,158,"Mesosphere Sprint 15",CLOSED,"2015-07-20 20:00:47",NULL,"2015-08-03 17:00:00","2015-08-03 20:30:09","Apache Mesos"
443,159,"Twitter Mesos Q3 Sprint 2",CLOSED,"2015-07-21 19:09:42",NULL,"2015-08-03 18:00:00","2015-08-03 18:11:30","Apache Mesos"
441,164,"Twitter Mesos Q3 Sprint 3",CLOSED,"2015-08-03 18:22:05",NULL,"2015-08-17 18:00:00","2015-08-31 18:08:06","Apache Mesos"
442,161,"Mesosphere Sprint 16",CLOSED,"2015-08-03 20:00:40",NULL,"2015-08-17 19:00:00","2015-08-17 23:30:57","Apache Mesos"
440,175,"Mesosphere Sprint 17",CLOSED,"2015-08-17 19:00:49",NULL,"2015-08-31 19:00:00","2015-08-31 20:21:32","Apache Mesos"
439,180,"Twitter Mesos Q3 Sprint 4",CLOSED,"2015-08-31 19:01:28",NULL,"2015-09-14 18:00:00","2015-09-14 18:06:38","Apache Mesos"
438,181,"Mesosphere Sprint 18",CLOSED,"2015-08-31 20:44:13",NULL,"2015-09-14 20:44:00","2015-09-14 20:43:45","Apache Mesos"
437,188,"Twitter Mesos Q3 Sprint 5",CLOSED,"2015-09-14 18:53:25",NULL,"2015-09-28 18:00:00","2015-09-28 18:07:39","Apache Mesos"
436,189,"Mesosphere Sprint 19",CLOSED,"2015-09-14 20:54:44",NULL,"2015-09-28 20:54:00","2015-09-28 20:13:34","Apache Mesos"
435,192,"Twitter Mesos Q3 Sprint 6",CLOSED,"2015-09-28 18:38:27",NULL,"2015-10-12 18:00:00","2015-12-07 21:27:50","Apache Mesos"
434,193,"Mesosphere Sprint 20",CLOSED,"2015-09-28 20:37:51",NULL,"2015-10-12 20:37:00","2015-10-12 20:45:16","Apache Mesos"
433,199,"Mesosphere Sprint 21",CLOSED,"2015-10-12 20:46:10",NULL,"2015-10-26 19:00:00","2015-11-09 21:25:04","Apache Mesos"
432,207,"Mesosphere Sprint 22",CLOSED,"2015-11-09 21:00:43",NULL,"2015-11-23 21:00:00","2015-11-23 21:39:05","Apache Mesos"
430,208,"Mesosphere Sprint 23",CLOSED,"2015-11-23 22:08:23",NULL,"2015-12-07 22:08:00","2015-12-07 19:07:58","Apache Mesos"
428,214,"Mesosphere Sprint 24",CLOSED,"2015-12-07 21:28:11",NULL,"2015-12-21 21:28:00","2015-12-21 17:58:03","Apache Mesos"
429,215,"Mesosphere Sprint 25",CLOSED,"2015-12-21 22:33:11",NULL,"2016-01-04 22:33:00","2016-01-04 19:11:33","Apache Mesos"
427,216,"Mesosphere Sprint 26",CLOSED,"2016-01-04 23:06:24",NULL,"2016-01-18 23:06:00","2016-01-21 07:54:52","Apache Mesos"
426,217,"Mesosphere Sprint 27",CLOSED,"2016-01-21 07:55:27",NULL,"2016-02-04 07:55:00","2016-02-01 20:18:57","Apache Mesos"
425,219,"Mesosphere Sprint 28",CLOSED,"2016-02-01 20:19:53",NULL,"2016-02-15 20:19:00","2016-02-16 23:11:28","Apache Mesos"
424,222,"Mesosphere Sprint 29",CLOSED,"2016-02-16 23:11:51",NULL,"2016-03-01 23:11:00","2016-03-01 17:40:16","Apache Mesos"
423,225,"Mesosphere Sprint 30",CLOSED,"2016-03-01 17:40:49",NULL,"2016-03-15 17:40:00","2016-03-15 18:05:37","Apache Mesos"
422,227,"Mesosphere Sprint 31",CLOSED,"2016-03-15 18:06:45",NULL,"2016-03-29 18:06:00","2016-03-30 00:39:24","Apache Mesos"
421,230,"Mesosphere Sprint 32",CLOSED,"2016-03-30 00:40:05",NULL,"2016-04-13 00:40:00","2016-04-12 16:14:26","Apache Mesos"
420,234,"Mesosphere Sprint 33",CLOSED,"2016-04-12 16:14:54",NULL,"2016-04-26 16:14:00","2016-04-27 16:13:10","Apache Mesos"
419,235,"Mesosphere Sprint 34",CLOSED,"2016-04-27 16:13:40",NULL,"2016-05-11 16:13:00","2016-05-13 14:53:33","Apache Mesos"
418,236,"Mesosphere Sprint 35",CLOSED,"2016-05-13 14:54:02",NULL,"2016-05-27 14:54:00","2016-05-29 20:29:10","Apache Mesos"
417,238,"Mesosphere Sprint 36",CLOSED,"2016-05-29 20:29:35",NULL,"2016-06-12 20:29:00","2016-06-13 05:42:37","Apache Mesos"
416,239,"Mesosphere Sprint 37",CLOSED,"2016-06-13 05:43:03",NULL,"2016-06-27 05:43:00","2016-06-27 23:26:17","Apache Mesos"
415,242,"Mesosphere Sprint 38",CLOSED,"2016-06-27 23:27:22",NULL,"2016-07-11 23:27:00","2016-07-08 16:27:30","Apache Mesos"
414,244,"Mesosphere Sprint 39",CLOSED,"2016-07-08 16:27:48",NULL,"2016-07-22 16:27:00","2016-07-22 14:27:36","Apache Mesos"
413,245,"Mesosphere Sprint 40",CLOSED,"2016-07-22 14:28:06",NULL,"2016-08-05 14:28:00","2016-08-09 21:58:27","Apache Mesos"
412,247,"Mesosphere Sprint 41",CLOSED,"2016-08-09 21:58:52",NULL,"2016-08-23 21:58:00","2016-09-03 11:14:20","Apache Mesos"
411,249,"Mesosphere Sprint 42",CLOSED,"2016-09-03 11:15:36",NULL,"2016-09-17 11:15:00","2016-09-18 18:02:51","Apache Mesos"
410,252,"Mesosphere Sprint 43",CLOSED,"2016-09-19 14:11:40",NULL,"2016-10-03 14:11:00","2016-09-29 16:40:10","Apache Mesos"
408,255,"Mesosphere Sprint 44",CLOSED,"2016-09-29 16:40:30",NULL,"2016-10-13 16:40:00","2016-10-14 23:11:31","Apache Mesos"
409,257,"Mesosphere Sprint 45",CLOSED,"2016-10-13 18:58:52",NULL,"2016-10-27 18:58:00","2016-10-28 16:21:34","Apache Mesos"
407,258,"Mesosphere Sprint 46",CLOSED,"2016-10-28 16:22:08",NULL,"2016-11-11 16:22:00","2016-11-15 15:10:30","Apache Mesos"
406,260,"Mesosphere Sprint 47",CLOSED,"2016-11-15 15:11:03",NULL,"2016-11-29 15:11:00","2016-12-08 17:46:36","Apache Mesos"
405,261,"Mesosphere Sprint 48",CLOSED,"2016-12-10 01:12:49",NULL,"2016-12-24 01:12:00","2017-01-07 00:41:38","Apache Mesos"
404,268,"Mesosphere Sprint 49",CLOSED,"2017-01-07 00:42:04",NULL,"2017-01-21 00:42:00","2017-01-27 18:03:29","Apache Mesos"
403,269,"Mesosphere Sprint 50",CLOSED,"2017-01-27 18:03:42",NULL,"2017-02-10 18:03:00","2017-02-04 01:05:49","Apache Mesos"
402,271,"Mesosphere Sprint 51",CLOSED,"2017-02-14 01:38:14",NULL,"2017-02-28 01:38:00","2017-02-21 09:53:45","Apache Mesos"
401,277,"Mesosphere Sprint 52",CLOSED,"2017-02-17 22:30:39",NULL,"2017-03-03 22:30:00","2017-03-23 20:01:05","Apache Mesos"
400,278,"Mesosphere Sprint 53",CLOSED,"2017-03-17 20:01:19",NULL,"2017-03-30 20:01:00","2017-03-31 20:28:07","Apache Mesos"
399,280,"Mesosphere Sprint 54",CLOSED,"2017-03-30 20:00:08",NULL,"2017-04-13 20:00:00","2017-04-14 08:53:41","Apache Mesos"
398,281,"Mesosphere Sprint 55",CLOSED,"2017-04-13 20:00:56",NULL,"2017-04-27 20:00:00","2017-05-02 15:32:22","Apache Mesos"
397,284,"Mesosphere Sprint 56",CLOSED,"2017-04-27 15:33:44",NULL,"2017-05-11 15:33:00","2017-05-12 15:53:52","Apache Mesos"
396,285,"Mesosphere Sprint 57",CLOSED,"2017-05-11 15:54:18",NULL,"2017-05-25 15:54:00","2017-06-13 20:15:39","Apache Mesos"
395,287,"Mesosphere Sprint 58",CLOSED,"2017-06-08 20:20:04",NULL,"2017-06-22 20:20:00","2017-07-07 20:47:44","Apache Mesos"
394,292,"Mesosphere Sprint 59",CLOSED,"2017-07-06 20:50:24",NULL,"2017-07-20 20:50:00","2017-07-21 22:51:35","Apache Mesos"
393,293,"Mesosphere Sprint 60",CLOSED,"2017-07-20 22:52:52",NULL,"2017-08-03 22:52:00","2017-08-07 17:43:43","Apache Mesos"
392,304,"Mesosphere Sprint 61",CLOSED,"2017-08-03 17:44:35",NULL,"2017-08-17 17:44:00","2017-08-18 18:02:55","Apache Mesos"
391,308,"Mesosphere Sprint 62",CLOSED,"2017-08-17 18:03:01",NULL,"2017-08-31 18:03:00","2017-09-06 00:07:34","Apache Mesos"
390,315,"Mesosphere Sprint 63",CLOSED,"2017-09-01 00:08:29",NULL,"2017-09-15 00:08:00","2017-09-19 22:53:28","Apache Mesos"
389,318,"Mesosphere Sprint 64",CLOSED,"2017-09-14 22:53:08",NULL,"2017-09-28 22:53:00","2017-09-29 04:48:21","Apache Mesos"
388,320,"Mesosphere Sprint 65",CLOSED,"2017-09-29 04:49:32",NULL,"2017-10-13 04:49:00","2017-10-16 18:37:17","Apache Mesos"
387,323,"Mesosphere Sprint 66",CLOSED,"2017-10-12 09:00:55",NULL,"2017-10-26 09:00:00","2017-10-30 17:50:51","Apache Mesos"
386,324,"Mesosphere Sprint 67",CLOSED,"2017-10-26 18:00:44",NULL,"2017-11-09 19:00:00","2017-11-13 01:03:16","Apache Mesos"
385,326,"Mesosphere Sprint 68",CLOSED,"2017-11-10 01:00:23",NULL,"2017-11-24 01:00:00","2017-11-27 18:56:18","Apache Mesos"
384,327,"Mesosphere Sprint 69",CLOSED,"2017-11-23 18:57:39",NULL,"2017-12-07 18:57:00","2017-12-08 23:49:29","Apache Mesos"
383,331,"Mesosphere Sprint 70",CLOSED,"2017-12-07 23:50:25",NULL,"2017-12-21 23:50:00","2017-12-22 10:41:03","Apache Mesos"
382,332,"Mesosphere Sprint 71",CLOSED,"2017-12-21 20:26:11",NULL,"2018-01-04 20:26:00","2018-01-08 21:02:32","Apache Mesos"
381,334,"Mesosphere Sprint 72",CLOSED,"2018-01-04 21:03:54",NULL,"2018-01-18 21:03:00","2018-01-21 01:11:32","Apache Mesos"
380,338,"Mesosphere Sprint 73",CLOSED,"2018-01-19 01:12:02",NULL,"2018-02-02 01:12:00","2018-02-01 19:40:44","Apache Mesos"
379,339,"Mesosphere Sprint 74",CLOSED,"2018-02-01 18:00:46",NULL,"2018-02-15 18:00:00","2018-02-15 17:36:28","Apache Mesos"
378,342,"Mesosphere Sprint 75",CLOSED,"2018-02-15 17:59:57",NULL,"2018-03-01 17:59:00","2018-03-03 06:46:22","Apache Mesos"
377,344,"Mesosphere Sprint 76",CLOSED,"2018-03-08 16:28:02",NULL,"2018-03-29 16:00:00","2018-03-30 18:28:28","Apache Mesos"
376,350,"Mesosphere Sprint 77",CLOSED,"2018-03-29 16:00:01",NULL,"2018-04-12 16:00:00","2018-04-12 17:10:49","Apache Mesos"
374,354,"Mesosphere Sprint 78",CLOSED,"2018-04-12 17:11:36",NULL,"2018-04-26 17:11:00","2018-04-30 18:40:28","Apache Mesos"
373,359,"Mesosphere Sprint 79",CLOSED,"2018-04-26 16:00:04",NULL,"2018-05-10 16:00:00","2018-05-10 21:30:40","Apache Mesos"
372,360,"Mesosphere Sprint 2018-20",CLOSED,"2018-05-10 16:00:41",NULL,"2018-05-24 16:00:00","2018-05-25 05:26:33","Apache Mesos"
371,364,"Mesosphere Sprint 2018-21",CLOSED,"2018-05-24 16:00:59",NULL,"2018-06-07 16:00:00","2018-06-11 22:37:50","Apache Mesos"
369,366,"Mesosphere Sprint 2018-22",CLOSED,"2018-06-07 16:00:48",NULL,"2018-06-21 16:00:00","2018-06-21 17:29:19","Apache Mesos"
366,369,"Mesosphere Sprint 2018-23",CLOSED,"2018-06-21 16:00:55",NULL,"2018-07-05 16:00:00","2018-07-05 20:22:13","Apache Mesos"
365,372,"Mesosphere Sprint 2018-24",CLOSED,"2018-07-05 16:00:02",NULL,"2018-07-19 16:00:00","2018-07-19 22:03:09","Apache Mesos"
363,379,"Mesosphere Sprint 2018-25",CLOSED,"2018-07-19 16:00:43",NULL,"2018-08-02 16:00:00","2018-08-02 16:12:08","Apache Mesos"
362,382,"Mesosphere Sprint 2018-26",CLOSED,"2018-08-02 16:00:37",NULL,"2018-08-16 16:00:00","2018-08-16 21:52:53","Apache Mesos"
361,388,"Mesosphere Sprint 2018-27",CLOSED,"2018-08-16 16:00:43",NULL,"2018-08-30 16:00:00","2018-08-30 22:49:02","Apache Mesos"
360,392,"Mesosphere Sprint 2018-28",CLOSED,"2018-08-30 16:00:44",NULL,"2018-09-13 16:00:00","2018-09-15 22:11:58","Apache Mesos"
359,396,"Mesosphere Sprint 2018-29",CLOSED,"2018-09-13 16:00:31",NULL,"2018-09-27 16:00:00","2018-09-27 23:03:12","Apache Mesos"
358,402,"Mesosphere RI-6 Sprint 2018-30",CLOSED,"2018-09-27 09:00:28",NULL,"2018-10-11 09:00:00","2018-10-15 15:30:26","Apache Mesos"
354,403,"Mesosphere RI-6 Sprint 2018-31",CLOSED,"2018-10-11 16:00:33",NULL,"2018-10-25 16:00:00","2018-10-25 16:31:17","Apache Mesos"
353,405,"Mesos Foundations R7 Sprint 32",CLOSED,"2018-10-25 22:04:01",NULL,"2018-11-08 17:00:00","2018-11-08 19:21:44","Apache Mesos"
357,414,"Resource Mgmt R7 Sprint 32",CLOSED,"2018-10-25 22:05:33",NULL,"2018-11-08 17:00:00","2018-11-08 19:23:09","Apache Mesos"
352,413,"Containerization R7 Sprint 32",CLOSED,"2018-10-26 14:01:54",NULL,"2018-11-08 17:00:00","2018-11-08 19:22:36","Apache Mesos"
351,415,"Storage R7 Sprint 33",CLOSED,"2018-11-07 18:19:00",NULL,"2018-11-21 18:19:00","2018-11-21 17:21:04","Apache Mesos"
350,419,"Mesos Foundation R7 Sprint 33",CLOSED,"2018-11-08 19:25:42",NULL,"2018-11-22 14:20:00","2018-11-22 20:45:40","Apache Mesos"
356,418,"Mesos Integration R7 Sprint 33",CLOSED,"2018-11-09 16:35:31",NULL,"2018-11-22 09:00:00","2018-11-22 20:45:00","Apache Mesos"
348,428,"Storage R8 Sprint 34",CLOSED,"2018-11-21 17:28:31",NULL,"2018-12-05 17:28:00","2018-12-06 17:11:10","Apache Mesos"
349,421,"Mesos Integration R8 Sprint 34",CLOSED,"2018-11-22 20:47:59",NULL,"2018-12-06 15:42:00","2018-12-13 09:54:46","Apache Mesos"
367,426,"Containerization R8 Sprint 34",CLOSED,"2018-11-22 20:48:19",NULL,"2018-12-06 15:43:00","2018-12-06 17:16:03","Apache Mesos"
368,425,"Resource Mgmt R8 Sprint 34",CLOSED,"2018-12-03 17:17:44",NULL,"2018-12-06 09:00:00","2018-12-06 19:12:26","Apache Mesos"
346,437,"Mesos Foundations R8 Sprint 35",CLOSED,"2018-12-06 04:10:04",NULL,"2018-12-20 04:10:00","2018-12-20 01:07:17","Apache Mesos"
344,439,"Storage R8 Sprint 35",CLOSED,"2018-12-06 17:28:24",NULL,"2018-12-20 17:28:00","2018-12-19 17:24:54","Apache Mesos"
345,438,"Containerization R8 Sprint 35",CLOSED,"2018-12-06 17:42:12",NULL,"2018-12-20 17:42:00","2018-12-19 17:30:19","Apache Mesos"
347,440,"Resource Mgmt R8 Sprint 35",CLOSED,"2018-12-06 19:32:14",NULL,"2018-12-20 19:32:00","2018-12-19 19:31:49","Apache Mesos"
341,452,"Storage R9 Sprint 36",CLOSED,"2018-12-19 17:32:58",NULL,"2019-01-02 17:32:00","2019-01-08 17:23:17","Apache Mesos"
355,443,"Resource Mgmt R9 Sprint 36",CLOSED,"2018-12-19 19:33:28",NULL,"2019-01-02 19:33:00","2019-01-02 19:04:47","Apache Mesos"
340,448,"Mesos Foundations R9 Sprint 37",CLOSED,"2019-01-02 16:33:44",NULL,"2019-01-16 16:33:00","2019-01-17 01:01:25","Apache Mesos"
343,447,"Containerization R9 Sprint 37",CLOSED,"2019-01-02 17:21:17",NULL,"2019-01-16 17:21:00","2019-01-16 17:36:12","Apache Mesos"
339,449,"Resource Mgmt R9 Sprint 37",CLOSED,"2019-01-02 19:22:05",NULL,"2019-01-16 19:22:00","2019-01-16 19:12:46","Apache Mesos"
338,453,"Storage R9 Sprint 37",CLOSED,"2019-01-08 17:24:43",NULL,"2019-01-16 17:24:00","2019-01-16 17:23:10","Apache Mesos"
336,465,"Containerization RI10 Spr 38",CLOSED,"2019-01-16 17:38:40",NULL,"2019-01-24 17:38:00","2019-01-30 17:24:44","Apache Mesos"
335,458,"Storage R10 Sprint 38",CLOSED,"2019-01-16 17:39:57",NULL,"2019-01-24 17:39:00","2019-01-30 17:14:41","Apache Mesos"
337,463,"Mesos Foundations R10 Sp 38",CLOSED,"2019-01-17 01:02:23",NULL,"2019-01-31 01:02:00","2019-01-30 18:15:12","Apache Mesos"
332,459,"Storage R10 Sprint 39",CLOSED,"2019-01-30 17:39:46",NULL,"2019-02-07 17:39:00","2019-02-13 17:19:34","Apache Mesos"
333,464,"Mesos Foundations RI10 Sp 39",CLOSED,"2019-01-30 18:28:01",NULL,"2019-02-13 18:28:00","2019-02-14 03:26:17","Apache Mesos"
334,468,"Resource Mgmt RI10 Sp 39",CLOSED,"2019-01-30 20:51:56",NULL,"2019-02-13 20:51:00","2019-02-13 19:49:15","Apache Mesos"
342,466,"Containerization RI10 Spr 39",CLOSED,"2019-01-30 22:06:25",NULL,"2019-02-13 22:06:00","2019-02-14 18:43:16","Apache Mesos"
323,482,"Storage R11 Sprint 40",CLOSED,"2019-02-13 17:43:31",NULL,"2019-02-21 17:43:00","2019-03-28 17:09:56","Apache Mesos"
328,450,"Mesos Integration RI11 Sp 40",CLOSED,"2019-02-13 18:29:10",NULL,"2019-02-27 18:29:00","2019-02-28 22:10:01","Apache Mesos"
327,473,"Resource Mgmt RI11 Sp 40",CLOSED,"2019-02-13 19:54:34",NULL,"2019-02-27 19:54:00","2019-02-27 19:07:02","Apache Mesos"
330,478,"Mesos Foundations RI11 Sp 40",CLOSED,"2019-02-14 03:30:44",NULL,"2019-02-28 03:30:00","2019-02-27 18:16:04","Apache Mesos"
370,476,"Containerization RI11 Sp 40",CLOSED,"2019-02-14 18:44:05",NULL,"2019-02-28 18:44:00","2019-02-28 06:52:00","Apache Mesos"
326,479,"Mesos Foundations RI11 Sp 41",CLOSED,"2019-02-27 18:43:04",NULL,"2019-03-13 18:43:00","2019-03-13 16:17:48","Apache Mesos"
331,474,"Resource Mgmt RI11 Sp 41",CLOSED,"2019-02-27 19:32:37",NULL,"2019-03-13 19:32:00","2019-03-13 20:05:27","Apache Mesos"
325,477,"Containerization RI11 Sp 41",CLOSED,"2019-02-28 06:53:38",NULL,"2019-03-14 06:53:00","2019-03-13 15:11:10","Apache Mesos"
322,490,"Containerization RI12 Sp 42",CLOSED,"2019-03-13 15:44:04",NULL,"2019-03-27 15:44:00","2019-03-27 20:09:56","Apache Mesos"
324,488,"Mesos Foundations RI12 Sp 42",CLOSED,"2019-03-13 16:56:55",NULL,"2019-03-27 16:56:00","2019-03-27 17:18:57","Apache Mesos"
329,492,"Resource Mgmt RI12 Sp 42",CLOSED,"2019-03-13 20:30:18",NULL,"2019-03-27 20:30:00","2019-03-27 18:08:42","Apache Mesos"
321,489,"Mesos Foundations RI12 Sp 43",CLOSED,"2019-03-27 17:50:59",NULL,"2019-04-10 17:50:00","2019-04-10 17:05:53","Apache Mesos"
317,484,"Storage: RI-12 Sprint 43",CLOSED,"2019-03-27 18:24:16",NULL,"2019-04-10 18:24:00","2019-04-10 15:17:48","Apache Mesos"
318,493,"Resource Mgmt RI12 Sp 43",CLOSED,"2019-03-27 18:53:14",NULL,"2019-04-10 18:53:00","2019-04-10 18:05:07","Apache Mesos"
320,491,"Containerization RI12 Sp 43",CLOSED,"2019-03-27 21:15:32",NULL,"2019-04-10 21:15:00","2019-04-10 15:07:37","Apache Mesos"
364,494,"Mesos Integration RI12 Sp 43",CLOSED,"2019-03-28 17:13:50",NULL,"2019-04-05 17:13:00","2019-04-11 16:12:03","Apache Mesos"
314,503,"Storage: RI-13 Sprint 44",CLOSED,"2019-04-10 15:14:01",NULL,"2019-04-24 15:14:00","2019-04-24 17:15:39","Apache Mesos"
316,506,"Containerization: RI-13 Sp 44",CLOSED,"2019-04-10 15:57:04",NULL,"2019-04-24 15:57:00","2019-04-24 20:08:44","Apache Mesos"
315,508,"Mesos Foundations: RI-13 Sp 44",CLOSED,"2019-04-10 17:42:48",NULL,"2019-04-24 17:42:00","2019-04-24 17:14:58","Apache Mesos"
313,510,"Resource Mgmt: RI-13 Sp 44",CLOSED,"2019-04-10 18:52:34",NULL,"2019-04-24 18:52:00","2019-04-24 18:21:31","Apache Mesos"
311,517,"Storage: RI-13 Sprint 45",CLOSED,"2019-04-24 17:15:59",NULL,"2019-05-08 17:15:00","2019-05-08 16:22:18","Apache Mesos"
310,514,"Mesos Foundations: RI13 Sp 45",CLOSED,"2019-04-24 17:36:44",NULL,"2019-05-08 17:36:00","2019-05-08 17:31:46","Apache Mesos"
312,516,"Resource Mgmt: RI13 Sp 45",CLOSED,"2019-04-24 18:34:53",NULL,"2019-05-08 18:34:00","2019-05-08 16:15:56","Apache Mesos"
319,513,"Containerization: RI13 Sp 45",CLOSED,"2019-04-24 20:42:54",NULL,"2019-05-08 20:42:00","2019-05-08 20:12:09","Apache Mesos"
307,521,"Resource Mgmt: RI14 Sp 46",CLOSED,"2019-05-08 16:40:02",NULL,"2019-05-22 16:40:00","2019-05-22 16:28:28","Apache Mesos"
304,522,"Storage: RI-14 Sprint 46",CLOSED,"2019-05-08 17:03:52",NULL,"2019-05-22 17:03:00","2019-06-05 16:37:47","Apache Mesos"
308,519,"Mesos Foundations: RI14 Sp 46",CLOSED,"2019-05-08 18:05:49",NULL,"2019-05-22 18:05:00","2019-05-22 17:29:10","Apache Mesos"
309,520,"Containerization: RI14 Sp 46",CLOSED,"2019-05-08 20:40:29",NULL,"2019-05-22 20:40:00","2019-05-22 18:28:30","Apache Mesos"
305,526,"Resource Mgmt: RI14 Sp 47",CLOSED,"2019-05-22 17:02:18",NULL,"2019-06-05 17:02:00","2019-06-05 16:10:49","Apache Mesos"
306,528,"Containerization: RI14 Sp 47",CLOSED,"2019-05-22 18:51:31",NULL,"2019-06-05 18:51:00","2019-06-05 18:17:26","Apache Mesos"
301,532,"Resource Mgmt: RI15 Sp 48",CLOSED,"2019-06-05 16:41:01",NULL,"2019-06-19 16:41:00","2019-06-19 20:08:43","Apache Mesos"
303,531,"Mesos Foundations: RI15 Sp 48",CLOSED,"2019-06-05 17:50:31",NULL,"2019-06-19 17:50:00","2019-06-19 17:05:28","Apache Mesos"
302,533,"Containerization: RI15 Sp 48",CLOSED,"2019-06-05 18:50:23",NULL,"2019-06-19 18:50:00","2019-06-19 18:12:28","Apache Mesos"
300,538,"Mesos Foundations: RI 15 Sp 49",CLOSED,"2019-06-19 17:18:32",NULL,"2019-07-03 17:18:00","2019-07-03 17:20:59","Apache Mesos"
297,539,"Containerization: RI 15 Sp 49",CLOSED,"2019-06-19 18:16:37",NULL,"2019-07-03 18:16:00","2019-07-03 18:17:44","Apache Mesos"
298,536,"Resource Mgmt: RI 15 Sp 49",CLOSED,"2019-06-19 20:41:23",NULL,"2019-07-03 20:41:00","2019-07-03 16:16:03","Apache Mesos"
296,540,"Resource Mgmt: RI-16 Sp 50",CLOSED,"2019-07-03 16:33:47",NULL,"2019-07-17 16:33:00","2019-07-17 16:06:58","Apache Mesos"
294,541,"Mesos Foundations: RI-16 Sp 50",CLOSED,"2019-07-03 17:27:00",NULL,"2019-07-17 17:27:00","2019-07-17 17:05:43","Apache Mesos"
299,542,"Containerization: RI-16 Sp 50",CLOSED,"2019-07-03 18:43:30",NULL,"2019-07-17 18:43:00","2019-07-18 16:24:10","Apache Mesos"
292,549,"Storage: RI-16 Sprint 51",CLOSED,"2019-07-17 16:50:44",NULL,"2019-07-31 16:50:00","2019-07-31 18:05:10","Apache Mesos"
293,544,"Resource Mgmt: RI-16 51",CLOSED,"2019-07-17 16:57:31",NULL,"2019-07-31 16:57:00","2019-07-31 16:04:54","Apache Mesos"
295,545,"Mesos Foundations: RI-16 51",CLOSED,"2019-07-17 17:47:44",NULL,"2019-07-31 17:47:00","2019-07-31 17:24:23","Apache Mesos"
291,546,"Containerization: RI-16 51",CLOSED,"2019-07-18 16:25:26",NULL,"2019-08-01 16:25:00","2019-07-31 23:11:11","Apache Mesos"
290,548,"Resource Mgmt: RI17 Sp 52",CLOSED,"2019-07-31 16:39:47",NULL,"2019-08-14 16:39:00","2019-08-14 16:05:11","Apache Mesos"
285,550,"Storage: RI-17 Sprint 52",CLOSED,"2019-07-31 18:06:59",NULL,"2019-08-14 18:06:00","2019-08-28 15:27:15","Apache Mesos"
288,554,"Containerization: RI-17 52",CLOSED,"2019-07-31 23:13:02",NULL,"2019-08-14 23:13:00","2019-08-15 20:32:50","Apache Mesos"
289,553,"Foundations: RI-17 Sprint 52",CLOSED,"2019-08-01 02:32:51",NULL,"2019-08-15 02:32:00","2019-08-14 17:17:50","Apache Mesos"
286,558,"Resource Mgmt: RI-17 Sprint 53",CLOSED,"2019-08-14 16:15:51",NULL,"2019-08-28 16:15:00","2019-08-28 15:38:18","Apache Mesos"
287,555,"Foundations: RI-17 Sprint 53",CLOSED,"2019-08-14 17:27:56",NULL,"2019-08-28 17:27:00","2019-08-28 17:20:22","Apache Mesos"
284,564,"Storage: RI-18 54",CLOSED,"2019-08-28 15:29:23",NULL,"2019-09-11 15:29:00","2019-11-20 17:37:23","Apache Mesos"
431,562,"Resource Mgmt: RI-18 54",CLOSED,"2019-08-28 15:47:30",NULL,"2019-09-11 15:47:00","2019-09-11 15:20:01","Apache Mesos"
283,563,"Foundations: RI-18 54",CLOSED,"2019-08-28 17:39:01",NULL,"2019-09-11 17:39:00","2019-09-11 17:06:45","Apache Mesos"
375,561,"Containerization: RI-18 54",CLOSED,"2019-08-28 18:57:48",NULL,"2019-09-11 18:57:00","2019-09-11 22:22:43","Apache Mesos"
280,565,"Resource Mgmt: RI-18 55",CLOSED,"2019-09-11 15:32:39",NULL,"2019-09-25 15:32:00","2019-09-25 16:25:17","Apache Mesos"
281,566,"Foundations: RI-18 55",CLOSED,"2019-09-11 17:42:07",NULL,"2019-09-25 17:42:00","2019-09-25 15:06:41","Apache Mesos"
282,567,"Containerization: RI-18 55",CLOSED,"2019-09-11 22:37:28",NULL,"2019-09-25 22:37:00","2019-09-25 18:54:48","Apache Mesos"
279,572,"Foundations: RI-19 56",CLOSED,"2019-09-25 15:27:45",NULL,"2019-10-09 15:27:00","2019-10-09 15:11:08","Apache Mesos"
277,571,"Resource Mgmt: RI-19 56",CLOSED,"2019-09-25 16:42:25",NULL,"2019-10-09 16:42:00","2019-10-09 17:10:39","Apache Mesos"
275,573,"Foundations: RI-19 57",CLOSED,"2019-10-09 15:29:13",NULL,"2019-10-23 15:29:00","2019-10-23 15:20:58","Apache Mesos"
278,578,"Foundations: RI-20 58",CLOSED,"2019-10-23 15:59:15",NULL,"2019-11-06 16:59:00","2019-11-06 16:16:00","Apache Mesos"
276,577,"Resource Mgmt: RI-20 58",CLOSED,"2019-10-23 17:02:35",NULL,"2019-11-06 17:02:00","2019-11-06 17:07:29","Apache Mesos"
274,580,"Foundations: RI-20 59",CLOSED,"2019-11-06 16:56:38",NULL,"2019-11-20 16:56:00","2019-11-20 15:29:09","Apache Mesos"
272,582,"Studio 4: RI-21 60",CLOSED,"2019-11-20 16:02:56",NULL,"2019-12-04 16:02:00","2019-12-04 14:22:16","Apache Mesos"
270,584,"Studio 4: RI-21 61",CLOSED,"2019-12-04 14:22:44",NULL,"2019-12-18 14:22:00","2019-12-18 14:19:53","Apache Mesos"
273,589,"Studio 4: RI-22 62",CLOSED,"2019-12-18 14:24:55",NULL,"2020-01-01 14:24:00","2020-01-06 14:15:10","Apache Mesos"
268,590,"Studio 4: RI-22 63",CLOSED,"2020-01-06 14:18:17",NULL,"2020-01-15 14:18:00","2020-01-15 14:18:37","Apache Mesos"
266,596,"Studio 4: RI-23 64",ACTIVE,"2020-01-15 15:22:18",NULL,"2020-01-29 15:22:00",NULL,"Apache Mesos"
269,597,"Studio 1: RI-23 64",CLOSED,"2020-01-15 15:23:02",NULL,"2020-01-29 15:23:00","2020-01-29 16:20:22","Apache Mesos"
271,598,"Studio 3: RI-23 64",CLOSED,"2020-01-15 15:23:36",NULL,"2020-01-29 15:23:00","2020-02-26 14:07:47","Apache Mesos"
267,599,"Studio 1: RI-24 65",CLOSED,"2020-01-29 16:36:24",NULL,"2020-02-12 16:36:00","2020-02-12 16:16:06","Apache Mesos"
265,600,"Studio 1: RI-23 66",CLOSED,"2020-02-12 16:16:55",NULL,"2020-02-26 16:16:00","2020-02-26 14:08:30","Apache Mesos"
264,603,"Studio 1: RI-23 68",ACTIVE,"2020-03-11 15:51:02",NULL,"2020-03-25 15:51:00",NULL,"Apache Mesos"
4668,3,"Release 3.0.0",CLOSED,"2012-09-27 05:26:47",NULL,"2012-10-08 20:05:00","2012-12-20 17:03:19","Appcelerator Studio"
4667,12,"2013 Sprint 14",CLOSED,"2013-07-02 20:29:00",NULL,"2013-07-15 20:29:00","2013-09-26 16:01:32","Appcelerator Studio"
4666,13,"2013 Sprint 15",CLOSED,"2013-07-16 15:31:18",NULL,"2013-07-29 15:31:18","2013-09-26 16:01:41","Appcelerator Studio"
4665,15,"2013 Sprint 16",CLOSED,"2013-07-30 23:54:12",NULL,"2013-08-12 23:54:12","2013-09-26 16:01:49","Appcelerator Studio"
4664,16,"2013 Sprint 17",CLOSED,"2013-08-14 00:48:00",NULL,"2013-08-24 00:48:00","2013-09-26 16:01:57","Appcelerator Studio"
4663,17,"2013 Sprint 18",CLOSED,"2013-08-27 20:50:19",NULL,"2013-09-06 20:49:19","2013-09-26 16:02:06","Appcelerator Studio"
4662,18,"2013 Sprint 19",CLOSED,"2013-09-09 22:34:05",NULL,"2013-09-20 22:34:05","2013-09-26 16:02:13","Appcelerator Studio"
4661,19,"2013 Sprint 20",CLOSED,"2013-09-23 21:56:10",NULL,"2013-10-07 00:01:10","2013-10-08 19:26:08","Appcelerator Studio"
4660,20,"2013 Sprint 21",CLOSED,"2013-10-08 00:24:28",NULL,"2013-10-19 00:24:28","2013-10-24 17:40:23","Appcelerator Studio"
4659,21,"2013 Sprint 22",CLOSED,"2013-10-21 20:22:56",NULL,"2013-11-03 21:23:56","2013-11-21 16:47:06","Appcelerator Studio"
4658,22,"2013 Sprint 23",CLOSED,"2013-11-04 23:11:22",NULL,"2013-11-16 04:11:00","2013-11-21 16:47:18","Appcelerator Studio"
4657,23,"2013 Sprint 24",CLOSED,"2013-11-19 19:13:37",NULL,"2013-12-01 19:13:37","2013-12-03 18:22:18","Appcelerator Studio"
4656,24,"2013 Sprint 25",CLOSED,"2013-12-02 22:12:56",NULL,"2013-12-15 22:12:56","2013-12-16 16:59:16","Appcelerator Studio"
4655,25,"2013 Sprint 26",CLOSED,"2013-12-16 05:19:34",NULL,"2013-12-30 05:19:34","2014-01-07 17:15:59","Appcelerator Studio"
4654,26,"2014 Sprint 01",CLOSED,"2014-01-06 22:45:17",NULL,"2014-01-19 22:46:17","2014-01-28 17:43:56","Appcelerator Studio"
4653,29,"2014 Sprint 03",CLOSED,"2014-02-03 23:29:46",NULL,"2014-02-16 23:29:46","2014-02-27 21:07:49","Appcelerator Studio"
4652,30,"2014 Sprint 05",CLOSED,"2014-03-03 18:55:29",NULL,"2014-03-17 18:55:29","2014-03-17 02:23:55","Appcelerator Studio"
4651,31,"2014 Sprint 06",CLOSED,"2014-03-17 16:00:00",NULL,"2014-03-31 02:29:00","2014-03-31 14:27:58","Appcelerator Studio"
4650,32,"2014 Sprint 07",CLOSED,"2014-03-31 14:31:35",NULL,"2014-04-12 02:32:35","2014-04-14 05:54:15","Appcelerator Studio"
4649,33,"2014 Sprint 08",CLOSED,"2014-04-14 16:00:00",NULL,"2014-04-26 02:36:00","2014-04-28 15:27:03","Appcelerator Studio"
4648,50,"2014 Sprint 09 Tooling",CLOSED,"2014-04-28 15:43:24",NULL,"2014-05-10 03:44:00","2014-05-12 13:36:16","Appcelerator Studio"
4647,108,"2014 Sprint 10 Studio",CLOSED,"2014-05-12 16:00:00",NULL,"2014-05-24 00:00:00","2014-05-26 23:48:54","Appcelerator Studio"
4646,109,"2014 Sprint 11 Studio",CLOSED,"2014-05-27 16:00:38",NULL,"2014-06-07 01:00:00","2014-06-09 14:52:16","Appcelerator Studio"
4645,118,"2014 Sprint 12 Studio",CLOSED,"2014-06-09 15:05:33",NULL,"2014-06-21 01:31:00","2014-06-23 17:05:44","Appcelerator Studio"
4644,134,"2014 Sprint 13 Studio",CLOSED,"2014-06-23 16:22:31",NULL,"2014-07-04 00:00:00","2014-07-05 09:54:33","Appcelerator Studio"
4643,146,"2014 Sprint 14 Studio",CLOSED,"2014-07-07 21:58:33",NULL,"2014-07-19 00:00:00","2014-07-21 15:58:13","Appcelerator Studio"
4642,156,"2014 Sprint 15 Studio",CLOSED,"2014-07-21 16:48:34",NULL,"2014-08-02 01:48:00","2014-08-02 03:11:07","Appcelerator Studio"
4641,162,"2014 Sprint 16 Studio",CLOSED,"2014-08-04 16:36:42",NULL,"2014-08-16 01:36:00","2014-08-18 08:08:27","Appcelerator Studio"
4640,178,"2014 Sprint 17 Studio",CLOSED,"2014-08-18 16:06:19",NULL,"2014-08-30 02:06:00","2014-09-02 07:05:00","Appcelerator Studio"
4639,186,"2014 Sprint 18 Studio",CLOSED,"2014-09-02 16:08:00",NULL,"2014-09-13 01:08:00","2014-09-15 15:12:55","Appcelerator Studio"
4638,207,"2014 Sprint 19 Studio",CLOSED,"2014-09-15 16:00:13",NULL,"2014-09-27 01:00:00","2014-09-29 14:02:53","Appcelerator Studio"
4637,223,"2014 Sprint 20 Studio",CLOSED,"2014-09-29 17:05:08",NULL,"2014-10-11 01:05:00","2014-10-11 00:46:08","Appcelerator Studio"
4636,232,"2014 Sprint 21 Studio",CLOSED,"2014-10-13 15:41:34",NULL,"2014-10-25 01:41:00","2014-10-25 02:09:35","Appcelerator Studio"
4635,235,"2014 Sprint 22 Studio",CLOSED,"2014-10-27 15:59:36",NULL,"2014-11-08 02:30:00","2014-11-10 06:04:44","Appcelerator Studio"
4633,253,"2014 Sprint 23 Studio",CLOSED,"2014-11-10 17:30:47",NULL,"2014-11-22 02:30:00","2014-11-22 05:04:40","Appcelerator Studio"
4634,263,"2014 Sprint 24 Studio",CLOSED,"2014-11-24 17:30:10",NULL,"2014-12-06 02:55:00","2014-12-07 19:06:36","Appcelerator Studio"
4632,275,"2014 Sprint 25 Studio",CLOSED,"2014-12-08 17:32:32",NULL,"2014-12-20 02:32:00","2014-12-20 01:48:42","Appcelerator Studio"
4631,301,"2015 Sprint 01 Studio",CLOSED,"2015-01-02 17:30:00",NULL,"2015-01-17 01:00:00","2015-01-17 01:48:39","Appcelerator Studio"
4630,310,"2015 Sprint 02 Studio",CLOSED,"2015-01-17 01:00:00",NULL,"2015-01-31 02:00:00","2015-01-31 03:37:36","Appcelerator Studio"
4628,325,"2015 Sprint 03 Studio",CLOSED,"2015-01-31 03:57:19",NULL,"2015-02-14 02:30:00","2015-02-14 02:39:22","Appcelerator Studio"
4627,346,"2015 Sprint 04 Studio",CLOSED,"2015-02-14 02:39:48",NULL,"2015-02-28 02:39:00","2015-02-28 15:57:23","Appcelerator Studio"
4629,353,"2015 Sprint 05 Studio",CLOSED,"2015-02-28 15:57:11",NULL,"2015-03-14 00:00:00","2015-03-14 01:05:45","Appcelerator Studio"
4626,360,"2015 Sprint 06 Studio",CLOSED,"2015-03-14 13:54:24",NULL,"2015-03-28 00:00:00","2015-03-30 03:40:17","Appcelerator Studio"
4625,372,"2015 Sprint 07 Studio",CLOSED,"2015-03-30 15:42:00",NULL,"2015-04-11 03:42:00","2015-04-13 16:11:51","Appcelerator Studio"
4624,385,"2015 Sprint 08 Studio",CLOSED,"2015-04-11 00:00:57",NULL,"2015-04-25 00:00:00","2015-04-30 19:41:45","Appcelerator Studio"
4623,399,"2015 Sprint 09 Studio",CLOSED,"2015-04-25 00:00:41",NULL,"2015-05-09 00:00:00","2015-05-11 13:53:49","Appcelerator Studio"
4622,409,"2015 Sprint 10 Studio",CLOSED,"2015-05-11 13:55:58",NULL,"2015-05-23 01:55:00","2015-05-24 02:15:48","Appcelerator Studio"
4621,412,"2015 Sprint 11 Studio",CLOSED,"2015-05-23 02:20:40",NULL,"2015-06-06 02:20:00","2015-06-06 02:02:37","Appcelerator Studio"
4619,430,"2015 Sprint 12 Studio",CLOSED,"2015-06-06 00:00:55",NULL,"2015-06-20 00:00:00","2015-06-22 17:59:55","Appcelerator Studio"
4618,438,"2015 Sprint 13 Studio",CLOSED,"2015-06-22 16:14:27",NULL,"2015-07-04 01:14:00","2015-07-06 17:41:41","Appcelerator Studio"
4617,449,"2015 Sprint 14 Studio",CLOSED,"2015-07-06 16:47:28",NULL,"2015-07-18 01:47:00","2015-07-30 23:23:52","Appcelerator Studio"
4616,472,"2015 Sprint 16 Studio",CLOSED,"2015-08-03 16:06:07",NULL,"2015-08-15 01:06:00","2015-08-17 19:04:57","Appcelerator Studio"
4610,479,"2015 Sprint 17 Studio",CLOSED,"2015-08-17 16:05:34",NULL,"2015-08-29 01:05:00","2015-09-09 23:57:53","Appcelerator Studio"
4620,486,"2015 Sprint 18 Studio",CLOSED,"2015-09-01 16:00:30",NULL,"2015-09-12 00:00:00","2015-09-14 22:38:24","Appcelerator Studio"
4614,493,"2015 Sprint 19 Studio",CLOSED,"2015-09-14 16:40:52",NULL,"2015-09-26 01:40:00","2015-09-28 16:05:52","Appcelerator Studio"
4613,501,"2015 Sprint 20 Studio",CLOSED,"2015-09-28 15:54:31",NULL,"2015-10-10 01:54:00","2015-10-12 21:09:09","Appcelerator Studio"
4612,502,"2015 Sprint 20 Tooling",CLOSED,"2015-09-28 16:01:48",NULL,"2015-10-10 01:01:00","2015-10-12 21:13:40","Appcelerator Studio"
4611,516,"2015 Sprint 21 Studio",CLOSED,"2015-10-12 21:20:32",NULL,"2015-10-24 01:20:00","2015-10-26 16:25:30","Appcelerator Studio"
4593,521,"2015 Sprint 22 Studio",CLOSED,"2015-10-26 16:25:53",NULL,"2015-11-07 03:25:00","2015-11-10 00:23:26","Appcelerator Studio"
4609,530,"2015 Sprint 23 Studio",CLOSED,"2015-11-10 00:23:22",NULL,"2015-11-21 02:23:00","2015-11-23 23:52:20","Appcelerator Studio"
4608,531,"2015 Sprint 23 Tooling",CLOSED,"2015-11-10 23:44:28",NULL,"2015-11-21 02:44:00","2015-11-23 20:21:45","Appcelerator Studio"
4607,533,"2015 Sprint 24 Studio",CLOSED,"2015-11-23 23:53:47",NULL,"2015-12-05 02:53:00","2015-12-07 23:45:38","Appcelerator Studio"
4606,542,"2015 Sprint 25 Studio",CLOSED,"2015-12-08 05:48:27",NULL,"2015-12-21 17:48:00","2015-12-23 00:55:33","Appcelerator Studio"
4605,551,"2015 Sprint 26 Studio",CLOSED,"2015-12-22 03:48:07",NULL,"2016-01-05 03:48:00","2016-01-04 22:18:31","Appcelerator Studio"
4597,555,"2016 Sprint 1 SDK",CLOSED,"2016-01-02 01:31:50",NULL,"2016-01-16 01:31:00","2016-01-18 00:52:44","Appcelerator Studio"
4604,564,"2016 Sprint 01 Studio",CLOSED,"2016-01-05 03:50:57",NULL,"2016-01-19 03:50:00","2016-01-19 02:42:10","Appcelerator Studio"
4603,572,"2016 Sprint 02 Studio",CLOSED,"2016-01-19 03:31:22",NULL,"2016-02-02 03:31:00","2016-02-04 04:42:02","Appcelerator Studio"
4601,584,"2016 Sprint 03 Studio",CLOSED,"2016-02-02 06:13:34",NULL,"2016-02-13 06:13:00","2016-02-16 23:28:47","Appcelerator Studio"
4602,586,"2016 Sprint 04 Studio",CLOSED,"2016-02-16 23:29:22",NULL,"2016-03-01 23:29:00","2016-03-01 03:26:46","Appcelerator Studio"
4600,595,"2016 Sprint 05 Studio",CLOSED,"2016-03-01 03:32:00",NULL,"2016-03-15 03:31:00","2016-03-15 03:28:32","Appcelerator Studio"
4598,609,"2016 Sprint 06 Studio",CLOSED,"2016-03-15 03:37:04",NULL,"2016-03-29 03:37:00","2016-03-29 04:59:10","Appcelerator Studio"
4599,129,"To Be Scheduled",CLOSED,"2016-03-28 04:03:55",NULL,"2016-04-08 04:03:00","2016-03-29 04:09:04","Appcelerator Studio"
4596,616,"2016 Sprint 07 Studio",CLOSED,"2016-03-29 05:51:59",NULL,"2016-04-12 05:51:00","2016-04-12 02:44:44","Appcelerator Studio"
4595,622,"2016 Sprint 08 Studio",CLOSED,"2016-04-12 02:45:16",NULL,"2016-04-26 02:45:00","2016-04-21 11:35:36","Appcelerator Studio"
4594,629,"2016 Sprint 09 Studio",CLOSED,"2016-04-25 04:38:41",NULL,"2016-05-10 04:38:00","2016-05-10 04:19:43","Appcelerator Studio"
4592,633,"2016 Sprint 10 Studio",CLOSED,"2016-05-10 04:20:18",NULL,"2016-05-24 04:20:00","2016-05-24 04:07:06","Appcelerator Studio"
4591,640,"2016 Sprint 11 Studio",CLOSED,"2016-05-24 04:37:45",NULL,"2016-06-07 04:37:00","2016-06-07 05:04:27","Appcelerator Studio"
4590,648,"2016 Sprint 12 Studio",CLOSED,"2016-06-07 05:23:04",NULL,"2016-06-21 05:23:00","2016-06-21 09:08:18","Appcelerator Studio"
4576,676,"2016 Sprint 13 Studio",CLOSED,"2016-06-22 05:27:48",NULL,"2016-07-06 05:27:00","2016-07-04 03:56:53","Appcelerator Studio"
4589,677,"2016 Sprint 14 Studio",CLOSED,"2016-07-05 04:35:12",NULL,"2016-07-19 04:35:00","2016-07-18 05:29:31","Appcelerator Studio"
4588,684,"2016 Sprint 15 Studio",CLOSED,"2016-07-18 05:40:15",NULL,"2016-08-01 05:40:00","2016-08-01 04:08:48","Appcelerator Studio"
4587,687,"2016 Sprint 16 Studio",CLOSED,"2016-08-01 04:15:03",NULL,"2016-08-15 04:15:00","2016-08-16 07:53:57","Appcelerator Studio"
4585,690,"2016 Sprint 17 Tooling",CLOSED,"2016-08-13 00:01:26",NULL,"2016-08-27 00:01:00","2016-08-29 03:15:36","Appcelerator Studio"
4586,691,"2016 Sprint 17 Studio",CLOSED,"2016-08-16 08:09:38",NULL,"2016-08-30 08:09:00","2016-08-30 04:20:42","Appcelerator Studio"
4584,692,"2016 Sprint 18 Studio",CLOSED,"2016-08-30 04:31:35",NULL,"2016-09-13 04:31:00","2016-09-13 09:10:24","Appcelerator Studio"
4583,693,"2016 Sprint 19 Studio",CLOSED,"2016-09-13 09:24:23",NULL,"2016-09-27 09:24:00","2016-09-27 10:26:41","Appcelerator Studio"
4582,694,"2016 Sprint 20 Studio",CLOSED,"2016-09-27 15:50:49",NULL,"2016-10-11 15:50:00","2016-10-11 01:57:23","Appcelerator Studio"
4564,732,"2016 Sprint 21 Tooling",CLOSED,"2016-10-08 00:54:00",NULL,"2016-10-22 00:54:00","2016-10-24 04:18:14","Appcelerator Studio"
4565,734,"2016 Sprint 21 Studio",CLOSED,"2016-10-11 05:50:22",NULL,"2016-10-25 05:50:00","2016-10-25 06:55:27","Appcelerator Studio"
4581,735,"2016 Sprint 22 Studio",CLOSED,"2016-10-25 10:17:13",NULL,"2016-11-08 10:17:00","2016-11-12 02:56:20","Appcelerator Studio"
4579,753,"2016 Sprint 23 Studio",CLOSED,"2016-11-08 02:46:01",NULL,"2016-11-22 02:46:00","2016-11-28 03:29:09","Appcelerator Studio"
4580,769,"2016 Sprint 24 Studio",CLOSED,"2016-11-23 03:31:02",NULL,"2016-12-06 03:31:00","2016-12-06 03:54:11","Appcelerator Studio"
4577,766,"2016 Sprint 25 Studio",CLOSED,"2016-12-06 04:21:54",NULL,"2016-12-20 04:21:00","2017-01-03 03:57:50","Appcelerator Studio"
4574,788,"2017 Sprint 01 Tooling",CLOSED,"2016-12-31 02:14:38",NULL,"2017-01-14 02:14:00","2017-01-15 00:01:47","Appcelerator Studio"
4578,767,"2017 Sprint 01 Studio",CLOSED,"2017-01-03 05:03:02",NULL,"2017-01-17 05:03:00","2017-01-16 08:29:09","Appcelerator Studio"
4562,799,"2017 Sprint 02 Tooling",CLOSED,"2017-01-15 00:01:58",NULL,"2017-01-29 00:01:00","2017-01-30 21:11:45","Appcelerator Studio"
4575,797,"2017 Sprint 02 Studio",CLOSED,"2017-01-16 11:19:10",NULL,"2017-01-30 11:19:00","2017-01-31 03:33:16","Appcelerator Studio"
4573,803,"2017 Sprint 03 Studio",CLOSED,"2017-01-31 03:38:31",NULL,"2017-02-14 03:38:00","2017-02-14 10:40:08","Appcelerator Studio"
4572,835,"2017 Sprint 04 Studio",CLOSED,"2017-02-14 13:56:19",NULL,"2017-02-27 13:56:00","2017-02-28 01:09:15","Appcelerator Studio"
4571,836,"2017 Sprint 05 Studio",CLOSED,"2017-02-28 01:37:43",NULL,"2017-03-14 01:37:00","2017-03-13 04:44:32","Appcelerator Studio"
4570,853,"2017 Sprint 06 Studio",CLOSED,"2017-03-14 04:46:00",NULL,"2017-03-27 04:46:00","2017-03-27 16:18:48","Appcelerator Studio"
4569,866,"2017 Sprint 07 Studio",CLOSED,"2017-03-27 16:19:12",NULL,"2017-04-10 16:19:00","2017-04-10 08:28:41","Appcelerator Studio"
4567,876,"2017 Sprint 08 Studio",CLOSED,"2017-04-10 13:36:33",NULL,"2017-04-24 13:36:00","2017-04-25 02:22:59","Appcelerator Studio"
4568,881,"2017 Sprint 09 Studio",CLOSED,"2017-04-25 02:31:16",NULL,"2017-05-09 02:31:00","2017-05-09 03:57:20","Appcelerator Studio"
4563,886,"2017 Sprint 10 Studio",CLOSED,"2017-05-09 04:02:01",NULL,"2017-05-23 04:02:00","2017-05-24 07:24:40","Appcelerator Studio"
4566,898,"2017 Sprint 11 Studio",CLOSED,"2017-05-22 07:25:46",NULL,"2017-06-05 07:25:00","2017-06-05 09:03:33","Appcelerator Studio"
4561,908,"2017 Sprint 12 Studio",CLOSED,"2017-06-05 09:04:53",NULL,"2017-06-19 09:04:00","2017-06-20 06:04:07","Appcelerator Studio"
4560,910,"2017 Sprint 13 QE",CLOSED,"2017-06-19 21:12:17",NULL,"2017-07-02 21:12:00","2018-01-18 06:00:00","Appcelerator Studio"
4559,914,"2017 Sprint 13 Studio",CLOSED,"2017-06-19 23:50:20",NULL,"2017-07-03 23:50:00","2017-07-04 04:19:24","Appcelerator Studio"
4558,915,"2017 Sprint 14 Studio",CLOSED,"2017-07-04 04:21:10",NULL,"2017-07-18 04:21:00","2017-07-19 02:15:20","Appcelerator Studio"
4557,916,"2017 Sprint 15 Studio",CLOSED,"2017-07-17 23:50:30",NULL,"2017-07-31 23:50:00","2017-08-01 04:39:23","Appcelerator Studio"
4555,932,"2017 Sprint 16 Studio",CLOSED,"2017-08-01 04:48:09",NULL,"2017-08-15 04:48:00","2017-08-14 09:33:01","Appcelerator Studio"
4556,941,"2017 Sprint 17 Studio",CLOSED,"2017-08-15 03:20:31",NULL,"2017-08-29 03:20:00","2017-09-01 03:06:43","Appcelerator Studio"
4554,943,"2017 Sprint 18 Studio",CLOSED,"2017-08-28 09:05:32",NULL,"2017-09-11 09:05:00","2017-09-19 04:17:47","Appcelerator Studio"
4553,946,"2017 Sprint 19 Studio",CLOSED,"2017-09-12 04:39:50",NULL,"2017-09-26 04:39:00","2017-09-25 05:58:57","Appcelerator Studio"
4552,947,"2017 Sprint 20 Studio",CLOSED,"2017-09-26 06:09:00",NULL,"2017-10-10 06:09:00","2017-10-09 09:37:17","Appcelerator Studio"
4551,953,"2017 Sprint 21 Studio",CLOSED,"2017-10-10 03:21:38",NULL,"2017-10-24 03:21:00","2017-10-23 16:27:59","Appcelerator Studio"
4550,954,"2017 Sprint 22 Studio",CLOSED,"2017-10-23 16:33:30",NULL,"2017-11-06 16:33:00","2017-11-06 10:36:13","Appcelerator Studio"
4549,970,"2017 Sprint 23 Studio",CLOSED,"2017-11-06 10:37:49",NULL,"2017-11-20 10:37:00","2017-11-21 07:01:47","Appcelerator Studio"
4548,971,"2017 Sprint 24 Studio",CLOSED,"2017-11-21 07:20:41",NULL,"2017-12-05 07:20:00","2017-12-01 21:41:16","Appcelerator Studio"
4547,972,"2017 Sprint 25 Studio",CLOSED,"2017-12-05 02:57:18",NULL,"2017-12-19 02:57:00","2017-12-18 06:21:52","Appcelerator Studio"
4546,982,"2017 Sprint 26 Studio",CLOSED,"2017-12-18 07:41:29",NULL,"2018-01-01 07:41:00","2018-01-04 04:45:10","Appcelerator Studio"
4545,989,"2018 Sprint 01 Studio",CLOSED,"2018-01-02 06:01:57",NULL,"2018-01-16 06:01:00","2018-01-18 04:39:09","Appcelerator Studio"
4544,994,"2018 Sprint 02 Studio",CLOSED,"2018-01-16 06:00:43",NULL,"2018-01-30 06:00:00","2018-01-30 02:19:37","Appcelerator Studio"
4543,995,"2018 Sprint 03 Studio",CLOSED,"2018-01-30 02:32:51",NULL,"2018-02-13 02:32:00","2018-02-12 06:11:50","Appcelerator Studio"
4542,1002,"2018 Sprint 04 Studio",CLOSED,"2018-02-12 06:12:53",NULL,"2018-02-26 06:12:00","2018-02-26 05:20:52","Appcelerator Studio"
4615,126,"2018 Sprint 05 SDK",CLOSED,"2018-02-25 19:38:09",NULL,"2018-03-11 18:38:00","2018-03-11 22:06:02","Appcelerator Studio"
4541,1003,"2018 Sprint 05 Studio",CLOSED,"2018-02-26 05:22:00",NULL,"2018-03-12 05:21:00","2018-03-12 04:52:25","Appcelerator Studio"
4540,1012,"2018 Sprint 06 Studio",CLOSED,"2018-03-12 05:00:09",NULL,"2018-03-26 05:00:00","2018-03-26 02:47:29","Appcelerator Studio"
4539,1013,"2018 Sprint 07 Studio",CLOSED,"2018-03-26 02:49:14",NULL,"2018-04-09 01:49:00","2018-04-09 04:13:52","Appcelerator Studio"
4538,1030,"2018 Sprint 08 Studio",CLOSED,"2018-04-09 04:14:02",NULL,"2018-04-23 03:14:00","2018-04-23 03:58:37","Appcelerator Studio"
4537,1031,"2018 Sprint 09 Studio",CLOSED,"2018-04-23 04:09:29",NULL,"2018-05-07 03:09:00","2018-05-07 06:39:19","Appcelerator Studio"
4535,1032,"2018 Sprint 10 Studio",CLOSED,"2018-05-07 06:44:11",NULL,"2018-05-21 05:44:00","2018-05-29 11:24:12","Appcelerator Studio"
4536,1038,"2018 Sprint 11 Studio",CLOSED,"2018-05-21 11:24:49",NULL,"2018-06-03 10:24:00","2018-06-04 07:19:23","Appcelerator Studio"
4534,1044,"2018 Sprint 12 Studio",CLOSED,"2018-06-04 07:22:31",NULL,"2018-06-17 06:22:00","2018-06-19 03:44:41","Appcelerator Studio"
4532,1051,"2018 Sprint 13 Studio",CLOSED,"2018-06-17 09:13:49",NULL,"2018-07-01 08:13:00","2018-07-02 04:37:57","Appcelerator Studio"
4531,1052,"2018 Sprint 14 Studio",CLOSED,"2018-07-02 04:40:52",NULL,"2018-07-16 03:40:00","2018-07-16 04:05:05","Appcelerator Studio"
4529,1053,"2018 Sprint 15 SDK",CLOSED,"2018-07-15 21:52:05",NULL,"2018-07-29 21:52:00","2018-07-29 22:25:12","Appcelerator Studio"
4530,1057,"2018 Sprint 15 Studio",CLOSED,"2018-07-16 04:32:41",NULL,"2018-07-30 03:32:00","2018-07-30 06:33:18","Appcelerator Studio"
4528,1061,"2018 Sprint 16 Studio",CLOSED,"2018-07-30 06:35:58",NULL,"2018-08-13 06:35:00","2018-08-14 04:28:27","Appcelerator Studio"
4533,1062,"2018 Sprint 17 Studio",CLOSED,"2018-08-13 04:31:36",NULL,"2018-08-27 04:31:00","2018-08-28 00:05:35","Appcelerator Studio"
4527,1063,"2018 Sprint 18 Studio",CLOSED,"2018-08-27 00:08:08",NULL,"2018-09-10 00:08:00","2018-09-10 06:30:40","Appcelerator Studio"
4669,1073,"2018 Sprint 19 SDK",CLOSED,"2018-09-09 21:02:56",NULL,"2018-09-23 21:02:00","2018-09-23 22:28:11","Appcelerator Studio"
4526,1077,"2018 Sprint 19 Studio",CLOSED,"2018-09-10 06:49:03",NULL,"2018-09-24 06:49:00","2018-09-24 06:47:43","Appcelerator Studio"
4525,1083,"2018 Sprint 20 Studio",CLOSED,"2018-09-24 06:49:43",NULL,"2018-10-08 06:49:00","2018-10-08 02:09:14","Appcelerator Studio"
4524,1086,"2018 Sprint 21 Studio",CLOSED,"2018-10-08 02:09:07",NULL,"2018-10-22 02:09:00","2018-10-22 18:15:57","Appcelerator Studio"
4523,1089,"2018 Sprint 22 Studio",CLOSED,"2018-10-21 18:16:48",NULL,"2018-11-04 18:16:00","2018-11-05 06:39:21","Appcelerator Studio"
4522,1096,"2018 Sprint 23 Studio",CLOSED,"2018-11-05 06:41:35",NULL,"2018-11-19 06:41:00","2018-11-19 05:20:09","Appcelerator Studio"
4521,1097,"2018 Sprint 24 Studio",CLOSED,"2018-11-19 05:21:34",NULL,"2018-12-03 05:21:00","2019-05-08 17:38:25","Appcelerator Studio"
4520,1112,"2019 Sprint 4",CLOSED,"2019-02-11 16:16:38",NULL,"2019-02-23 16:16:00","2019-02-24 18:35:43","Appcelerator Studio"
4519,1119,"2019 Sprint 6",CLOSED,"2019-03-03 22:20:00",NULL,"2019-03-15 22:20:00","2019-03-18 17:26:43","Appcelerator Studio"
4518,1129,"2019 Sprint 10",CLOSED,"2019-04-28 22:06:00",NULL,"2019-05-17 22:06:00","2019-05-20 16:48:43","Appcelerator Studio"
4516,1146,"2019 Sprint 13",CLOSED,"2019-06-18 06:36:50",NULL,"2019-07-01 06:36:00","2019-07-01 16:45:24","Appcelerator Studio"
4517,1149,"2019 Sprint 14",CLOSED,"2019-07-01 16:55:05",NULL,"2019-07-14 16:55:00","2019-07-15 15:41:02","Appcelerator Studio"
4515,1160,"2019 Sprint 17",CLOSED,"2019-08-12 07:59:29",NULL,"2019-08-25 07:59:00","2019-08-26 15:35:30","Appcelerator Studio"
4514,1170,"2019 Sprint 23",CLOSED,"2019-11-04 18:38:15",NULL,"2019-11-17 18:38:00","2019-11-18 16:38:18","Appcelerator Studio"
4513,1171,"2019 Sprint 24",CLOSED,"2019-11-18 16:40:09",NULL,"2019-12-01 16:40:00","2019-12-02 23:06:25","Appcelerator Studio"
4511,1177,"2020 Sprint 2",CLOSED,"2020-01-20 17:44:38",NULL,"2020-01-31 17:44:00","2020-01-31 16:57:45","Appcelerator Studio"
4512,1179,"2020 Sprint 3",CLOSED,"2020-02-03 16:58:00",NULL,"2020-02-14 16:58:00","2020-02-17 09:45:06","Appcelerator Studio"
4510,1181,"2020 Sprint 5",CLOSED,"2020-03-02 18:45:03",NULL,"2020-03-13 18:45:00","2020-03-13 16:42:05","Appcelerator Studio"
4509,1182,"2020 Sprint 6",CLOSED,"2020-03-16 21:38:00",NULL,"2020-03-27 21:38:00","2020-03-27 16:02:03","Appcelerator Studio"
4508,43,"2020 Sprint 7",CLOSED,"2020-04-13 17:48:00",NULL,"2020-04-24 17:48:00","2020-04-23 18:07:57","Appcelerator Studio"
4507,1195,"2020 Sprint 10",CLOSED,"2020-05-08 16:37:58",NULL,"2020-05-22 16:37:00","2020-05-21 15:26:11","Appcelerator Studio"
1490,6155,"Next sprint",FUTURE,NULL,NULL,NULL,NULL,"Atlassian Confluence Cloud"
1686,3677,"0 Blast off - Mar 13-17 - SYD",FUTURE,NULL,NULL,NULL,NULL,"Atlassian Confluence Cloud"
1705,3640,"2 Bug fixes - Feb 27- Mar 3",FUTURE,NULL,NULL,NULL,NULL,"Atlassian Confluence Cloud"
1781,4270,"Bug Fixing Dec 29",FUTURE,NULL,NULL,NULL,NULL,"Atlassian Confluence Cloud"
1870,4411,"0 Blast off - Mar 13-17 - SYD",FUTURE,NULL,NULL,NULL,NULL,"Atlassian Confluence Cloud"
1879,4383,"2 Bug fixes - Feb 27- Mar 3",FUTURE,NULL,NULL,NULL,NULL,"Atlassian Confluence Cloud"
1928,4410,"1 Cleanup tasks - Mar 6-10",FUTURE,NULL,NULL,NULL,NULL,"Atlassian Confluence Cloud"
1760,3874,"Sprint 1",CLOSED,"2012-06-05 02:43:00",NULL,"2012-06-19 04:32:00","2012-06-18 04:41:03","Atlassian Confluence Cloud"
1938,3885,"Sprint 2",CLOSED,"2012-06-13 05:13:52",NULL,"2012-06-26 05:13:52","2012-06-19 04:31:04","Atlassian Confluence Cloud"
1749,3857,"Sprint 2 - TEAMCAL 2.4",CLOSED,"2012-06-18 05:11:14",NULL,"2012-08-09 05:11:00","2012-08-10 00:07:15","Atlassian Confluence Cloud"
1951,3875,"Sprint 3",CLOSED,"2012-06-19 04:47:50",NULL,"2012-06-26 04:47:50","2012-06-26 06:11:23","Atlassian Confluence Cloud"
1899,3859,Spike,CLOSED,"2012-07-17 09:46:53",NULL,"2012-07-24 09:46:53","2012-07-17 09:47:16","Atlassian Confluence Cloud"
1948,3861,"Sprint 7",CLOSED,"2012-07-24 06:46:52",NULL,"2012-07-31 06:46:52","2012-08-07 06:07:07","Atlassian Confluence Cloud"
1933,3809,"Editor Sprint 1",CLOSED,"2012-08-07 00:40:27",NULL,"2012-08-27 00:40:00","2012-08-28 01:14:43","Atlassian Confluence Cloud"
1753,3867,"Sprint 2 - TEAMCAL 2.5",CLOSED,"2012-08-10 00:11:56",NULL,"2012-09-14 00:11:00","2012-09-25 22:39:12","Atlassian Confluence Cloud"
1945,3858,"Sprint 9",CLOSED,"2012-08-14 06:33:18",NULL,"2012-08-21 06:33:18","2012-08-21 06:13:47","Atlassian Confluence Cloud"
1947,3889,"Muppets Sprint 4",CLOSED,"2012-08-20 01:10:10",NULL,"2012-08-24 01:10:10","2012-08-24 01:39:10","Atlassian Confluence Cloud"
1944,3902,"Editor Sprint 2",CLOSED,"2012-08-28 01:30:00",NULL,"2012-09-11 04:30:00","2012-09-11 00:32:15","Atlassian Confluence Cloud"
1960,3905,"Muppets Sprint 4",CLOSED,"2012-09-03 00:26:12",NULL,"2012-09-07 00:26:12","2012-09-17 05:46:34","Atlassian Confluence Cloud"
1683,173,"Editor Sprint 3",CLOSED,"2012-09-11 00:43:26",NULL,"2012-09-25 00:43:26","2012-10-08 23:38:22","Atlassian Confluence Cloud"
1953,3907,"Sprint 13",CLOSED,"2012-09-11 06:27:45",NULL,"2012-09-18 06:27:45","2012-09-18 06:16:31","Atlassian Confluence Cloud"
1946,3901,"Muppets Sprint 7",CLOSED,"2012-09-21 01:45:49",NULL,"2012-10-05 01:45:00","2012-10-05 01:36:04","Atlassian Confluence Cloud"
1755,3900,"Sprint 2 - TEAMCAL 2.6",CLOSED,"2012-09-25 22:40:10",NULL,"2012-10-09 22:40:10","2012-10-28 23:36:08","Atlassian Confluence Cloud"
1942,3906,"Sprint 16",CLOSED,"2012-10-02 06:26:50",NULL,"2012-10-09 06:26:50","2012-10-09 05:05:46","Atlassian Confluence Cloud"
1934,3890,"Editor Sprint 4",CLOSED,"2012-10-08 23:48:48",NULL,"2012-10-22 23:01:48","2012-11-05 23:43:55","Atlassian Confluence Cloud"
1751,3862,"TEAMCAL 3.0 - Timeline Juice",CLOSED,"2012-10-28 23:37:40",NULL,"2012-12-10 00:37:00","2012-12-09 23:50:46","Atlassian Confluence Cloud"
1930,3821,"Sprint 20",CLOSED,"2012-10-30 09:07:27",NULL,"2012-11-06 10:07:27","2012-11-05 05:03:45","Atlassian Confluence Cloud"
1935,3899,"Editor Sprint 5",CLOSED,"2012-11-05 23:49:12",NULL,"2012-11-19 23:49:12","2012-11-16 03:26:37","Atlassian Confluence Cloud"
1943,3913,"Editor Sprint 6",CLOSED,"2012-11-16 03:34:36",NULL,"2012-12-04 03:34:36","2012-12-04 02:17:39","Atlassian Confluence Cloud"
1932,3865,"Editor Sprint 7",CLOSED,"2012-12-04 02:51:33",NULL,"2012-12-11 02:51:33","2012-12-13 22:26:55","Atlassian Confluence Cloud"
1927,3915,"Enterprise Sprint 3",CLOSED,"2012-12-05 05:46:00",NULL,"2012-12-18 05:46:00","2013-03-19 04:56:50","Atlassian Confluence Cloud"
1756,3914,"TEAMCAL 3.1",CLOSED,"2012-12-10 00:08:25",NULL,"2013-02-08 00:08:00","2013-02-21 02:43:01","Atlassian Confluence Cloud"
1954,3917,"Editor Sprint 10 - Resolutions",CLOSED,"2013-01-07 23:52:56",NULL,"2013-01-14 23:52:56","2013-02-06 01:48:32","Atlassian Confluence Cloud"
1860,3924,"5.0.x Sprint 1",CLOSED,"2013-02-19 04:34:42",NULL,"2013-03-05 04:34:42","2013-03-05 03:46:36","Atlassian Confluence Cloud"
1770,3922,"3.2 - Makin' it faster & i18n",CLOSED,"2013-02-21 02:45:11",NULL,"2013-03-29 02:45:11","2013-05-14 00:14:18","Atlassian Confluence Cloud"
1926,3941,"Core Sprint 0",CLOSED,"2013-03-03 22:00:00",NULL,"2013-03-28 06:00:00","2013-04-08 06:07:57","Atlassian Confluence Cloud"
1690,412,"5.0.x Sprint 2",CLOSED,"2013-03-05 03:58:51",NULL,"2013-03-19 02:58:51","2013-03-19 03:58:33","Atlassian Confluence Cloud"
1764,3920,"Team Black - Sprint 3",CLOSED,"2013-03-26 03:36:58",NULL,"2013-04-09 03:36:58","2013-04-09 03:59:08","Atlassian Confluence Cloud"
1924,3877,"5.1.x Sprint 2",CLOSED,"2013-04-02 03:43:20",NULL,"2013-04-16 03:43:20","2013-04-16 04:42:18","Atlassian Confluence Cloud"
1925,3873,"Editor - Enough Bacon 3",CLOSED,"2013-04-09 07:18:17",NULL,"2013-04-14 07:18:17","2013-04-16 00:45:15","Atlassian Confluence Cloud"
1673,478,"5.1.x Sprint 3",CLOSED,"2013-04-16 04:44:51",NULL,"2013-04-30 04:44:51","2013-04-30 05:41:28","Atlassian Confluence Cloud"
1664,486,"Search Wins Sprint 4",CLOSED,"2013-04-22 05:14:04",NULL,"2013-04-29 05:14:04","2013-06-03 11:29:57","Atlassian Confluence Cloud"
1917,3883,"Search Wins Sprint 4",CLOSED,"2013-04-22 05:14:04",NULL,"2013-04-29 05:14:04","2013-06-03 11:29:57","Atlassian Confluence Cloud"
1670,508,"Page Layouts 2 - Sprint 4",CLOSED,"2013-05-07 01:00:45",NULL,"2013-05-14 01:00:45","2013-05-14 00:29:03","Atlassian Confluence Cloud"
1771,3939,"3.2.1 - Dark RSVP & Bug Fix",CLOSED,"2013-05-14 00:16:29",NULL,"2013-05-20 00:16:00","2013-05-21 07:26:17","Atlassian Confluence Cloud"
1923,3872,"5.1.x Sprint 5",CLOSED,"2013-05-15 01:17:30",NULL,"2013-05-29 01:17:30","2013-05-28 05:22:47","Atlassian Confluence Cloud"
1682,545,"Sidebar V2 Sprint 1",CLOSED,"2013-05-28 05:54:41",NULL,"2013-06-11 05:54:41","2013-06-11 05:35:21","Atlassian Confluence Cloud"
1915,3868,"Sidebar V2 Sprint 1",CLOSED,"2013-05-28 05:54:41",NULL,"2013-06-11 05:54:41","2013-06-11 05:35:21","Atlassian Confluence Cloud"
1914,3839,"Sidebar V2 Sprint 3",CLOSED,"2013-06-18 05:14:11",NULL,"2013-06-25 05:14:11","2013-06-25 04:59:39","Atlassian Confluence Cloud"
1916,3929,"Sidebar V2 Sprint 5",CLOSED,"2013-07-02 05:29:26",NULL,"2013-07-09 05:29:26","2013-07-09 05:28:39","Atlassian Confluence Cloud"
1676,617,"Core Sprint 8",CLOSED,"2013-07-10 05:51:11",NULL,"2013-07-24 05:51:11","2013-07-24 05:43:18","Atlassian Confluence Cloud"
1910,3931,"Thunder 9",CLOSED,"2013-07-22 07:10:42",NULL,"2013-08-05 07:10:42","2013-08-05 05:30:49","Atlassian Confluence Cloud"
1669,644,"Editor Sprint 1",CLOSED,"2013-07-29 03:50:53",NULL,"2013-08-07 03:50:53","2013-08-08 00:24:56","Atlassian Confluence Cloud"
1912,3854,"Thunder 10",CLOSED,"2013-08-05 05:42:38",NULL,"2013-08-19 05:42:38","2013-08-19 08:13:12","Atlassian Confluence Cloud"
1672,665,"Galaxy - Sprint 4",CLOSED,"2013-08-05 09:37:54",NULL,"2013-08-19 09:37:54","2013-08-19 08:21:02","Atlassian Confluence Cloud"
1907,3855,"Galaxy - Sprint 4",CLOSED,"2013-08-05 09:37:54",NULL,"2013-08-19 09:37:54","2013-08-19 08:21:02","Atlassian Confluence Cloud"
1688,667,"Enterprise Sprint 18",CLOSED,"2013-08-06 01:40:53",NULL,"2013-08-20 01:40:53","2013-08-28 00:10:31","Atlassian Confluence Cloud"
1940,3843,"Unveiling a less random banner",CLOSED,"2013-08-06 05:16:03",NULL,"2013-08-13 05:16:03","2013-08-13 07:38:35","Atlassian Confluence Cloud"
1956,3844,"Core Sprint 10",CLOSED,"2013-08-07 06:52:08",NULL,"2013-08-21 06:52:08","2013-08-21 05:25:33","Atlassian Confluence Cloud"
1911,3846,"Editor 5.3 sprint 2",CLOSED,"2013-08-12 01:52:48",NULL,"2013-08-21 01:52:48","2013-08-27 00:38:35","Atlassian Confluence Cloud"
1904,3842,"It's not a bug!",CLOSED,"2013-08-13 07:51:48",NULL,"2013-08-20 07:51:48","2013-08-20 05:27:05","Atlassian Confluence Cloud"
1766,3933,"4.0 - Custom Events 4u",CLOSED,"2013-08-19 07:30:00",NULL,"2013-08-30 07:30:00","2013-08-22 01:07:04","Atlassian Confluence Cloud"
1913,3849,"Galaxy - Sprint 5",CLOSED,"2013-08-19 10:00:22",NULL,"2013-09-03 10:00:22","2013-09-03 08:02:19","Atlassian Confluence Cloud"
1761,3831,"Team Calendars 4.1",CLOSED,"2013-08-22 01:07:29",NULL,"2013-11-11 00:07:00","2013-12-02 03:05:13","Atlassian Confluence Cloud"
1905,3802,"Got Feedback?",CLOSED,"2013-08-27 05:03:23",NULL,"2013-09-03 05:03:00","2013-09-03 05:01:19","Atlassian Confluence Cloud"
1684,776,"Enterprise Sprint 19",CLOSED,"2013-08-28 00:35:10",NULL,"2013-09-11 00:35:00","2013-09-10 06:13:29","Atlassian Confluence Cloud"
1876,3799,"Enterprise Sprint 19",CLOSED,"2013-08-28 00:35:10",NULL,"2013-09-11 00:35:00","2013-09-10 06:13:29","Atlassian Confluence Cloud"
1903,3805,"Galaxy - Sprint 6",CLOSED,"2013-09-03 05:22:46",NULL,"2013-09-16 05:22:00","2013-09-16 09:19:37","Atlassian Confluence Cloud"
1920,3807,"Thundering On",CLOSED,"2013-09-03 08:28:30",NULL,"2013-09-10 08:28:00","2013-09-10 04:57:52","Atlassian Confluence Cloud"
1747,3800,"summit sprint 3 (polish)",CLOSED,"2013-09-18 07:01:13",NULL,"2013-09-25 07:01:00","2013-09-25 06:29:42","Atlassian Confluence Cloud"
1906,3811,"Enterprise Sprint 21",CLOSED,"2013-09-19 02:11:51",NULL,"2013-10-03 02:11:00","2013-09-25 04:54:31","Atlassian Confluence Cloud"
1691,804,Cleanup,CLOSED,"2013-09-23 07:12:35",NULL,"2013-09-30 08:12:00","2013-10-08 03:13:05","Atlassian Confluence Cloud"
1918,3832,Cleanup,CLOSED,"2013-09-23 07:12:35",NULL,"2013-09-30 08:12:00","2013-10-08 03:13:05","Atlassian Confluence Cloud"
1952,3834,"Enterprise Sprint 22",CLOSED,"2013-09-25 05:31:29",NULL,"2013-10-04 06:31:00","2013-10-09 22:55:43","Atlassian Confluence Cloud"
1898,3824,"Galaxy - Sprint 8",CLOSED,"2013-09-30 09:01:06",NULL,"2013-10-14 09:01:00","2013-10-14 06:49:20","Atlassian Confluence Cloud"
1750,3829,"Welcome VN Team Sprint!",CLOSED,"2013-10-01 03:34:34",NULL,"2013-10-15 03:34:00","2013-10-21 03:23:08","Atlassian Confluence Cloud"
1901,3827,"Editor 5.4 Sprint 1",CLOSED,"2013-10-08 00:09:00",NULL,"2013-10-16 00:08:00","2013-10-20 22:27:55","Atlassian Confluence Cloud"
1687,834,"Thunder 14",CLOSED,"2013-10-08 03:13:23",NULL,"2013-10-22 03:13:00","2013-10-14 23:46:05","Atlassian Confluence Cloud"
1919,3837,"Bring on Summit 2014 and Edith",CLOSED,"2013-10-08 04:06:40",NULL,"2013-10-15 04:06:00","2013-10-15 04:40:13","Atlassian Confluence Cloud"
1665,862,"Notifications API Sprint 3",CLOSED,"2013-10-08 04:16:22",NULL,"2013-10-22 04:16:00","2013-11-07 00:29:23","Atlassian Confluence Cloud"
1922,3853,"Notifications API Sprint 3",CLOSED,"2013-10-08 04:16:22",NULL,"2013-10-22 04:16:00","2013-11-07 00:29:23","Atlassian Confluence Cloud"
1897,3833,"Enterprise Sprint 23",CLOSED,"2013-10-08 23:31:36",NULL,"2013-10-21 23:31:00","2013-10-22 00:17:58","Atlassian Confluence Cloud"
1805,3826,"Sprint 9",CLOSED,"2013-10-09 06:05:40",NULL,"2013-10-16 05:00:00","2013-10-16 05:02:27","Atlassian Confluence Cloud"
1681,864,"Galaxy - Sprint 9",CLOSED,"2013-10-14 08:47:43",NULL,"2013-10-28 08:47:00","2013-10-28 06:25:48","Atlassian Confluence Cloud"
1680,887,"Thunder 15",CLOSED,"2013-10-14 23:46:28",NULL,"2013-10-27 23:46:00","2013-11-04 05:52:09","Atlassian Confluence Cloud"
1895,3957,"Thunder 15",CLOSED,"2013-10-14 23:46:28",NULL,"2013-10-27 23:46:00","2013-11-04 05:52:09","Atlassian Confluence Cloud"
1795,3836,"Sprint 10",CLOSED,"2013-10-16 05:19:57",NULL,"2013-10-23 05:19:00","2013-10-23 05:40:47","Atlassian Confluence Cloud"
1674,895,"Editor 5.4 Sprint 2",CLOSED,"2013-10-21 03:00:08",NULL,"2013-10-30 03:00:00","2013-10-30 22:30:48","Atlassian Confluence Cloud"
1894,3851,"Editor 5.4 Sprint 2",CLOSED,"2013-10-21 03:00:08",NULL,"2013-10-30 03:00:00","2013-10-30 22:30:48","Atlassian Confluence Cloud"
1746,3850,"Sprint 11",CLOSED,"2013-10-23 05:55:28",NULL,"2013-10-30 05:55:00","2013-10-30 05:40:08","Atlassian Confluence Cloud"
1845,3961,"Hobbits Sprint 0",CLOSED,"2013-10-28 04:32:00",NULL,"2013-11-08 04:32:00","2013-11-11 10:32:25","Atlassian Confluence Cloud"
1893,3953,"Muppets - Thunder 16",CLOSED,"2013-10-28 05:52:10",NULL,"2013-11-11 05:52:00","2013-11-17 23:23:16","Atlassian Confluence Cloud"
1957,3966,"Enterprise Sprint 24",CLOSED,"2013-10-31 02:24:16",NULL,"2013-11-14 02:24:00","2013-11-25 23:27:13","Atlassian Confluence Cloud"
1921,3955,"Editor 5.4 Sprint 3",CLOSED,"2013-11-04 00:25:06",NULL,"2013-11-18 00:25:00","2013-11-17 22:25:01","Atlassian Confluence Cloud"
1889,3959,"Dev Services 4",CLOSED,"2013-11-04 04:06:14",NULL,"2013-11-18 04:06:00","2013-11-25 04:25:56","Atlassian Confluence Cloud"
1742,3963,"Sprint 13",CLOSED,"2013-11-06 06:09:38",NULL,"2013-11-13 06:09:00","2013-11-13 05:23:26","Atlassian Confluence Cloud"
1678,939,"Warranty bugs",CLOSED,"2013-11-07 05:45:16",NULL,"2013-12-31 05:45:00","2014-08-06 03:25:27","Atlassian Confluence Cloud"
1841,4081,"Warranty bugs",CLOSED,"2013-11-07 05:45:16",NULL,"2013-12-31 05:45:00","2014-08-06 03:25:27","Atlassian Confluence Cloud"
1668,940,"Galaxy - Sprint 11",CLOSED,"2013-11-11 10:04:49",NULL,"2013-11-25 10:04:00","2013-11-25 06:38:00","Atlassian Confluence Cloud"
1890,3956,"Galaxy - Sprint 11",CLOSED,"2013-11-11 10:04:49",NULL,"2013-11-25 10:04:00","2013-11-25 06:38:00","Atlassian Confluence Cloud"
1782,3967,"Sprint 14",CLOSED,"2013-11-13 05:59:56",NULL,"2013-11-20 05:59:00","2013-11-20 05:33:47","Atlassian Confluence Cloud"
1887,3954,"Editor 5.4 Sprint 4",CLOSED,"2013-11-17 22:46:30",NULL,"2013-11-29 22:46:00","2013-11-27 03:12:43","Atlassian Confluence Cloud"
1900,3962,"Muppets - Thunder 17",CLOSED,"2013-11-17 23:23:29",NULL,"2013-12-01 23:23:00","2014-01-09 02:52:38","Atlassian Confluence Cloud"
1784,3958,"Sprint 15",CLOSED,"2013-11-20 05:59:55",NULL,"2013-11-27 05:59:00","2013-11-27 05:49:19","Atlassian Confluence Cloud"
1885,3965,"Galaxy - Sprint 12",CLOSED,"2013-11-25 07:25:53",NULL,"2013-12-09 07:25:00","2013-12-09 06:52:30","Atlassian Confluence Cloud"
1888,3977,"Enterprise Sprint 25",CLOSED,"2013-11-26 00:03:46",NULL,"2013-12-10 00:03:00","2013-12-11 00:07:51","Atlassian Confluence Cloud"
1794,3975,"Sprint 16",CLOSED,"2013-11-27 06:07:32",NULL,"2013-12-04 06:07:00","2013-12-04 05:23:29","Atlassian Confluence Cloud"
1769,3964,"Team Calendars 4.1.2",CLOSED,"2013-12-02 03:22:14",NULL,"2013-12-16 03:22:00","2013-12-09 03:04:22","Atlassian Confluence Cloud"
1757,4039,"4.2 - Performance/AO Migration",CLOSED,"2013-12-02 03:22:22",NULL,"2013-12-16 03:22:00","2014-04-07 03:38:51","Atlassian Confluence Cloud"
1792,3979,"Sprint 17",CLOSED,"2013-12-03 20:38:27",NULL,"2013-12-10 20:38:00","2013-12-11 04:40:01","Atlassian Confluence Cloud"
1671,1013,"Pest Control",CLOSED,"2013-12-10 04:11:32",NULL,"2013-12-17 04:11:00","2013-12-17 04:24:28","Atlassian Confluence Cloud"
1883,3985,"Enterprise Sprint 26",CLOSED,"2013-12-11 00:28:53",NULL,"2013-12-24 00:28:00","2014-01-06 00:45:03","Atlassian Confluence Cloud"
1743,3972,"Sprint 18",CLOSED,"2013-12-11 05:54:00",NULL,"2013-12-18 05:53:00","2013-12-18 05:23:17","Atlassian Confluence Cloud"
1886,3976,"5.5 Sprint 2",CLOSED,"2013-12-15 22:57:57",NULL,"2013-12-23 22:57:00","2013-12-29 22:10:42","Atlassian Confluence Cloud"
1689,1022,"Dev Services Sprint 7",CLOSED,"2013-12-16 04:07:30",NULL,"2014-01-13 04:07:00","2014-02-03 00:32:30","Atlassian Confluence Cloud"
1796,3982,"Sprint 19",CLOSED,"2013-12-18 06:00:54",NULL,"2014-01-07 06:00:00","2014-01-08 05:06:03","Atlassian Confluence Cloud"
1884,3986,"Dokodemo door - hardening",CLOSED,"2013-12-23 04:48:48",NULL,"2013-12-30 04:48:00","2013-12-30 05:26:07","Atlassian Confluence Cloud"
1937,3987,"Galaxy - Sprint 14",CLOSED,"2013-12-23 07:53:40",NULL,"2014-01-06 07:53:00","2014-01-06 08:14:32","Atlassian Confluence Cloud"
1896,3978,"Enterprise Sprint 2014-01",CLOSED,"2014-01-06 01:06:58",NULL,"2014-01-20 01:06:00","2014-01-20 23:57:39","Atlassian Confluence Cloud"
1667,1053,"Galaxy - Sprint 15",CLOSED,"2014-01-06 08:19:27",NULL,"2014-01-20 08:19:00","2014-01-20 06:32:15","Atlassian Confluence Cloud"
1830,3969,"Galaxy - Sprint 15",CLOSED,"2014-01-06 08:19:27",NULL,"2014-01-20 08:19:00","2014-01-20 06:32:15","Atlassian Confluence Cloud"
1881,3991,"5.5 Sprint 4",CLOSED,"2014-01-12 22:30:45",NULL,"2014-01-22 22:30:00","2014-01-22 03:19:09","Atlassian Confluence Cloud"
1955,4006,"Galaxy - Sprint 16",CLOSED,"2014-01-20 07:36:05",NULL,"2014-02-10 07:36:00","2014-02-10 08:08:22","Atlassian Confluence Cloud"
1880,3999,"5.5 Sprint 5",CLOSED,"2014-01-28 22:51:05",NULL,"2014-02-04 22:51:00","2014-02-05 23:46:53","Atlassian Confluence Cloud"
1675,1108,"API - Connect 1.0 - Sprint 2",CLOSED,"2014-01-29 04:48:47",NULL,"2014-02-12 04:48:00","2014-02-19 06:17:17","Atlassian Confluence Cloud"
1929,4004,"Notifications API Sprint 9",CLOSED,"2014-02-04 07:18:00",NULL,"2014-02-25 07:18:00","2014-02-25 04:37:14","Atlassian Confluence Cloud"
1786,4007,"Sprint 24",CLOSED,"2014-02-05 06:11:42",NULL,"2014-02-12 06:11:00","2014-02-12 04:47:28","Atlassian Confluence Cloud"
1882,3993,"Galaxy - Sprint 17",CLOSED,"2014-02-10 08:12:26",NULL,"2014-02-24 08:12:00","2014-02-24 05:04:48","Atlassian Confluence Cloud"
1741,3992,"Sprint 25",CLOSED,"2014-02-12 05:20:51",NULL,"2014-02-19 05:20:00","2014-02-19 05:42:11","Atlassian Confluence Cloud"
1931,3997,"Rainbow Venom",CLOSED,"2014-02-18 04:11:29",NULL,"2014-02-25 04:11:00","2014-02-25 04:00:23","Atlassian Confluence Cloud"
1800,4012,"Sprint 26",CLOSED,"2014-02-19 06:18:42",NULL,"2014-02-26 06:18:00","2014-03-06 03:43:51","Atlassian Confluence Cloud"
1877,4009,"5.5 Sprint 7",CLOSED,"2014-02-23 22:35:27",NULL,"2014-03-04 22:35:00","2014-03-05 02:41:17","Atlassian Confluence Cloud"
1878,4019,"Galaxy Sprint 18",CLOSED,"2014-02-24 06:56:58",NULL,"2014-03-10 06:56:00","2014-03-10 05:41:33","Atlassian Confluence Cloud"
1941,3995,"Mobile Sprint 2",CLOSED,"2014-02-25 04:38:32",NULL,"2014-03-11 04:38:00","2014-02-25 04:38:48","Atlassian Confluence Cloud"
1783,4021,"Sprint 27",CLOSED,"2014-03-06 04:59:03",NULL,"2014-03-12 04:59:00","2014-03-13 03:12:56","Atlassian Confluence Cloud"
1949,4031,"Notifications API - Sprint 11",CLOSED,"2014-03-11 04:51:43",NULL,"2014-03-25 04:51:00","2014-04-09 03:10:12","Atlassian Confluence Cloud"
1790,4023,"Sprint 28",CLOSED,"2014-03-13 03:20:21",NULL,"2014-03-19 03:20:00","2014-03-19 05:37:23","Atlassian Confluence Cloud"
1806,4037,"Sprint 31",CLOSED,"2014-04-01 23:54:39",NULL,"2014-04-08 23:54:00","2014-04-09 00:04:08","Atlassian Confluence Cloud"
1762,4014,"4.2.1 - Performance cleanup",CLOSED,"2014-04-07 03:40:26",NULL,"2014-04-14 03:40:00","2014-04-28 02:47:40","Atlassian Confluence Cloud"
1874,4052,"API - 5.6 Sprint 1",CLOSED,"2014-04-09 05:33:03",NULL,"2014-04-24 05:33:00","2014-05-02 01:18:00","Atlassian Confluence Cloud"
1765,4047,"4.2.2 - Code Health Week",CLOSED,"2014-04-14 03:51:00",NULL,"2014-04-21 03:51:00","2014-04-28 02:50:04","Atlassian Confluence Cloud"
1807,4049,"Sprint 33",CLOSED,"2014-04-16 01:31:17",NULL,"2014-04-30 01:31:00","2014-04-30 00:11:24","Atlassian Confluence Cloud"
1754,4026,"4.3.0 - Event Type Change",CLOSED,"2014-04-21 03:52:00",NULL,"2014-04-28 03:52:00","2014-06-30 06:27:55","Atlassian Confluence Cloud"
1692,1314,"Dev Services - 10",CLOSED,"2014-05-01 02:41:25",NULL,"2014-05-14 07:00:00","2014-05-20 01:09:51","Atlassian Confluence Cloud"
1745,4053,"Sprint 36",CLOSED,"2014-05-14 00:40:25",NULL,"2014-05-21 00:40:00","2014-05-21 00:41:10","Atlassian Confluence Cloud"
1802,4069,"Sprint 37",CLOSED,"2014-05-21 01:05:34",NULL,"2014-06-04 01:05:00","2014-05-28 00:30:51","Atlassian Confluence Cloud"
1891,4072,"Hobbits - T26",CLOSED,"2014-05-26 08:36:52",NULL,"2014-06-09 08:36:00","2014-06-09 04:23:21","Atlassian Confluence Cloud"
1801,4062,"Sprint 38",CLOSED,"2014-05-29 01:07:35",NULL,"2014-06-04 01:07:00","2014-06-04 00:36:15","Atlassian Confluence Cloud"
1791,4064,"Sprint 39",CLOSED,"2014-06-04 04:44:44",NULL,"2014-06-11 04:44:00","2014-06-11 00:25:52","Atlassian Confluence Cloud"
1872,4071,"Muppets - T27",CLOSED,"2014-06-09 02:02:36",NULL,"2014-06-20 02:02:00","2014-06-24 05:33:04","Atlassian Confluence Cloud"
1821,4101,"Hobbits - T27 reopen",CLOSED,"2014-06-09 03:16:00",NULL,"2014-06-20 03:16:00","2014-06-23 04:08:04","Atlassian Confluence Cloud"
1873,4077,"API - 5.6 Sprint 5",CLOSED,"2014-06-10 05:31:32",NULL,"2014-06-18 05:31:00","2014-06-26 05:13:33","Atlassian Confluence Cloud"
1803,4063,"Sprint 40",CLOSED,"2014-06-11 00:58:34",NULL,"2014-06-18 00:58:00","2014-06-18 00:30:16","Atlassian Confluence Cloud"
1871,4078,"Enterprise 2014-12",CLOSED,"2014-06-17 04:21:38",NULL,"2014-06-30 04:21:00","2014-07-02 05:24:03","Atlassian Confluence Cloud"
1767,4075,"4.4.0 - Disable Event Types",CLOSED,"2014-06-17 08:40:32",NULL,"2014-07-01 08:40:00","2014-06-30 06:30:40","Atlassian Confluence Cloud"
1789,4102,"Sprint 41",CLOSED,"2014-06-18 01:24:16",NULL,"2014-06-25 01:24:00","2014-06-25 00:40:29","Atlassian Confluence Cloud"
1748,4054,"5.0 - Custom Event Types",CLOSED,"2014-06-30 06:29:07",NULL,"2014-07-14 06:29:00","2014-09-22 02:31:07","Atlassian Confluence Cloud"
1804,4099,"Sprint 43",CLOSED,"2014-07-03 00:49:33",NULL,"2014-07-09 00:49:00","2014-07-09 00:22:49","Atlassian Confluence Cloud"
1793,4112,"Sprint 44",CLOSED,"2014-07-09 00:29:55",NULL,"2014-07-16 00:29:00","2014-07-16 00:26:58","Atlassian Confluence Cloud"
1744,4118,"Sprint 45",CLOSED,"2014-07-16 00:44:05",NULL,"2014-07-23 00:44:00","2014-07-23 00:27:42","Atlassian Confluence Cloud"
1663,1458,"Galaxy Sprint 31",CLOSED,"2014-07-21 07:31:20",NULL,"2014-07-28 07:31:00","2014-07-28 07:16:48","Atlassian Confluence Cloud"
1863,4100,"Two dogs with one caret",CLOSED,"2014-07-28 01:21:57",NULL,"2014-08-04 01:21:00","2014-08-04 00:17:59","Atlassian Confluence Cloud"
1864,4105,"Galaxy Sprint 32",CLOSED,"2014-07-28 07:33:02",NULL,"2014-08-04 07:33:00","2014-08-04 07:52:24","Atlassian Confluence Cloud"
1787,4165,"Sprint 47",CLOSED,"2014-07-30 00:51:42",NULL,"2014-08-06 00:51:00","2014-08-06 00:28:44","Atlassian Confluence Cloud"
1614,5014,1.1.0,CLOSED,"2014-08-05 08:04:44",NULL,"2014-08-12 08:04:00","2014-08-12 06:29:28","Atlassian Confluence Cloud"
1798,4090,"Sprint 49",CLOSED,"2014-08-13 02:25:22",NULL,"2014-08-20 02:25:00","2014-08-20 21:35:34","Atlassian Confluence Cloud"
1785,4088,"AAC Sprint",CLOSED,"2014-08-19 21:39:14",NULL,"2014-08-26 21:39:00","2014-08-27 00:26:37","Atlassian Confluence Cloud"
1868,4087,"Galaxy Sprint 37",CLOSED,"2014-08-25 08:03:34",NULL,"2014-09-01 08:03:00","2014-09-08 06:56:52","Atlassian Confluence Cloud"
1797,4094,"Sessions Sprint 2",CLOSED,"2014-08-27 01:15:49",NULL,"2014-09-03 01:15:00","2014-09-03 00:27:33","Atlassian Confluence Cloud"
1752,4089,"5.1 - TC Tour & Bug fixed",CLOSED,"2014-08-27 08:51:41",NULL,"2014-09-10 08:51:00","2014-11-07 04:17:25","Atlassian Confluence Cloud"
1679,1577,"Warranty Bugs - OD-33",CLOSED,"2014-08-31 23:00:00",NULL,"2014-09-12 07:00:00","2015-07-15 01:39:03","Atlassian Confluence Cloud"
1875,4093,"Warranty Bugs - OD-33",CLOSED,"2014-08-31 23:00:00",NULL,"2014-09-12 07:00:00","2015-07-15 01:39:03","Atlassian Confluence Cloud"
1862,4138,"Enterprise 2014-18",CLOSED,"2014-09-03 02:45:27",NULL,"2014-09-23 02:45:00","2014-09-22 07:46:06","Atlassian Confluence Cloud"
1788,4139,"Sessions Sprint 3",CLOSED,"2014-09-03 04:18:25",NULL,"2014-09-10 04:18:00","2014-10-03 05:37:37","Atlassian Confluence Cloud"
1961,4145,"Muppets - OD-35-A",CLOSED,"2014-09-29 06:33:00",NULL,"2014-10-03 07:33:00","2014-10-03 03:26:03","Atlassian Confluence Cloud"
1869,4150,"Hobbits - OD-35",CLOSED,"2014-09-29 07:53:49",NULL,"2014-10-13 07:53:00","2014-10-13 03:19:25","Atlassian Confluence Cloud"
1902,4140,"Space to Room Phase 1 Ship",CLOSED,"2014-09-30 03:45:12",NULL,"2014-10-10 03:45:00","2014-10-13 04:41:17","Atlassian Confluence Cloud"
1763,4134,"5.2 - Reminder",CLOSED,"2014-09-30 06:28:44",NULL,"2014-10-14 06:28:00","2015-03-18 07:08:50","Atlassian Confluence Cloud"
1603,5018,2014-10-08,CLOSED,"2014-10-08 00:33:35",NULL,"2014-10-17 00:33:00","2014-10-20 22:23:39","Atlassian Confluence Cloud"
1865,4143,"Muppets - OD-36-A",CLOSED,"2014-10-12 22:20:09",NULL,"2014-10-17 06:20:00","2014-10-19 21:53:22","Atlassian Confluence Cloud"
1859,4147,"Hobbits - Sprint OD-36",CLOSED,"2014-10-13 03:46:09",NULL,"2014-10-27 03:46:00","2014-10-27 04:50:36","Atlassian Confluence Cloud"
1586,5017,2014-10-20,CLOSED,"2014-10-20 03:00:03",NULL,"2014-10-24 03:00:00","2014-11-03 23:32:26","Atlassian Confluence Cloud"
1666,1696,"Galaxy Sprint 44",CLOSED,"2014-10-20 07:17:13",NULL,"2014-10-27 07:17:00","2014-10-27 06:45:46","Atlassian Confluence Cloud"
1778,4178,"5.1.x - AUI update",CLOSED,"2014-10-22 07:05:56",NULL,"2014-11-05 07:05:00","2014-11-06 06:58:30","Atlassian Confluence Cloud"
1857,4170,"Galaxy Sprint 45",CLOSED,"2014-10-27 07:13:37",NULL,"2014-11-03 07:13:00","2014-11-03 07:30:11","Atlassian Confluence Cloud"
1908,4180,"Enterprise 2014-22",CLOSED,"2014-11-04 00:43:49",NULL,"2014-11-17 00:43:00","2014-12-02 05:09:10","Atlassian Confluence Cloud"
1768,4177,"5.1.1x - Bug fixed",CLOSED,"2014-11-07 04:40:26",NULL,"2014-11-21 04:40:00","2014-12-07 07:08:51","Atlassian Confluence Cloud"
1566,5020,2014-11-17,CLOSED,"2014-11-17 04:17:58",NULL,"2014-11-24 04:17:00","2014-12-10 03:13:01","Atlassian Confluence Cloud"
1858,4124,"Core OD-39",CLOSED,"2014-11-24 03:30:22",NULL,"2014-12-03 03:30:00","2014-12-08 00:12:31","Atlassian Confluence Cloud"
1775,4131,"5.1.2x: Bug fix",CLOSED,"2014-12-10 03:47:01",NULL,"2014-12-24 03:47:00","2014-12-21 08:41:23","Atlassian Confluence Cloud"
1584,5019,2014-11-18,CLOSED,"2014-12-11 00:29:39",NULL,"2014-12-25 00:29:00","2015-03-15 23:32:45","Atlassian Confluence Cloud"
1685,1800,"Hobbits - 5.7 bugfix week 1",CLOSED,"2014-12-15 09:09:50",NULL,"2014-12-29 09:09:00","2014-12-22 04:09:51","Atlassian Confluence Cloud"
1856,4133,"Start your engines",CLOSED,"2014-12-19 04:11:55",NULL,"2015-01-02 04:11:00","2015-01-14 00:11:16","Atlassian Confluence Cloud"
1839,4108,Triaged,CLOSED,"2014-12-22 00:54:33",NULL,"2015-01-02 00:54:00","2014-12-22 06:16:57","Atlassian Confluence Cloud"
1677,1874,"60 - Dream Confirmation Hand",CLOSED,"2015-01-16 07:35:16",NULL,"2015-01-23 07:35:00","2015-01-26 22:59:21","Atlassian Confluence Cloud"
1799,4155,"Hobbits - 5.8 backlog closed",CLOSED,"2015-01-19 06:24:44",NULL,"2015-02-09 06:24:00","2015-01-19 07:26:05","Atlassian Confluence Cloud"
1855,4159,"Hobbits - Files 5.8 week 1/3",CLOSED,"2015-01-19 06:25:21",NULL,"2015-02-02 06:25:00","2015-01-26 04:12:25","Atlassian Confluence Cloud"
1958,4160,"Core OD-43/44",CLOSED,"2015-01-27 05:35:37",NULL,"2015-02-10 05:35:00","2015-02-09 01:28:42","Atlassian Confluence Cloud"
1759,4162,"5.2 - Performance improvement",CLOSED,"2015-01-28 07:37:18",NULL,"2015-02-11 07:37:00","2015-03-19 03:46:21","Atlassian Confluence Cloud"
1852,4224,"Enterprise 2015-01",CLOSED,"2015-02-03 03:26:20",NULL,"2015-02-17 03:26:00","2015-02-18 05:03:53","Atlassian Confluence Cloud"
1853,4161,"Muppets - 5.7.1/OD-44",CLOSED,"2015-02-03 03:43:33",NULL,"2015-02-06 06:43:00","2015-02-06 04:05:56","Atlassian Confluence Cloud"
1849,4228,"Muppets - OD-43",CLOSED,"2015-02-09 10:00:00",NULL,"2015-02-13 06:10:00","2015-02-22 23:26:59","Atlassian Confluence Cloud"
1848,4230,"Enterprise 2015-2",CLOSED,"2015-02-18 05:07:58",NULL,"2015-03-04 05:07:00","2015-03-02 23:16:54","Atlassian Confluence Cloud"
1708,1973,"Muppets - OD-45",CLOSED,"2015-02-22 23:38:07",NULL,"2015-02-27 06:38:00","2015-07-15 01:39:15","Atlassian Confluence Cloud"
1854,4227,"Muppets - OD-45",CLOSED,"2015-02-22 23:38:07",NULL,"2015-02-27 06:38:00","2015-07-15 01:39:15","Atlassian Confluence Cloud"
1773,4196,"5.2.2x - Small improvement",CLOSED,"2015-03-09 06:27:22",NULL,"2015-03-23 06:27:00","2015-04-20 03:59:44","Atlassian Confluence Cloud"
1622,5021,2015-03-16,CLOSED,"2015-03-15 23:37:35",NULL,"2015-03-19 23:37:00","2015-03-30 22:38:58","Atlassian Confluence Cloud"
1847,4232,"Enterprise 2015-4",CLOSED,"2015-03-17 05:32:13",NULL,"2015-03-30 06:32:00","2015-03-31 05:41:29","Atlassian Confluence Cloud"
1780,4154,"5.2.11 - Jira Reminder- phase1",CLOSED,"2015-03-18 08:06:00",NULL,"2015-04-01 08:06:00","2015-06-02 03:02:27","Atlassian Confluence Cloud"
1620,5022,2015-03-17,CLOSED,"2015-03-30 23:05:59",NULL,"2015-04-10 00:05:00","2015-04-16 00:56:09","Atlassian Confluence Cloud"
1909,4173,"Enterprise 2015-5",CLOSED,"2015-03-31 05:42:43",NULL,"2015-04-13 07:42:00","2015-04-15 04:09:06","Atlassian Confluence Cloud"
1866,4203,"Core OD 50/52",CLOSED,"2015-04-07 03:36:44",NULL,"2015-04-29 02:45:00","2015-04-20 03:24:51","Atlassian Confluence Cloud"
1758,4208,"5.2.13 - Bug fix",CLOSED,"2015-04-08 03:41:02",NULL,"2015-04-22 03:41:00","2015-06-08 08:29:13","Atlassian Confluence Cloud"
1605,5024,2015-03-18,CLOSED,"2015-04-16 01:36:41",NULL,"2015-04-26 01:36:00","2015-05-07 05:43:13","Atlassian Confluence Cloud"
1697,2171,"Hurricane Bruce 2",CLOSED,"2015-05-04 02:31:11",NULL,"2015-05-12 07:31:00","2015-05-13 02:12:02","Atlassian Confluence Cloud"
1696,2173,"Spring cleaning",CLOSED,"2015-05-04 06:36:48",NULL,"2015-05-18 06:36:00","2015-05-25 23:22:34","Atlassian Confluence Cloud"
1850,4186,"Core OD 50/54",CLOSED,"2015-05-05 04:44:53",NULL,"2015-05-15 07:00:00","2015-06-01 06:29:16","Atlassian Confluence Cloud"
1595,5023,2015-03-19,CLOSED,"2015-05-07 06:03:49",NULL,"2015-05-17 06:03:00","2015-07-20 01:52:41","Atlassian Confluence Cloud"
1694,1426,"10-Annamite range 2",CLOSED,"2015-05-08 03:12:00",NULL,"2015-05-15 03:12:00","2015-05-15 07:49:30","Atlassian Confluence Cloud"
1851,4106,"10-Annamite range 2",CLOSED,"2015-05-08 03:12:00",NULL,"2015-05-15 03:12:00","2015-05-15 07:49:30","Atlassian Confluence Cloud"
1842,4217,"Cloud Infrastructure SP13",CLOSED,"2015-06-01 02:35:33",NULL,"2015-06-08 02:35:00","2015-07-07 01:50:46","Atlassian Confluence Cloud"
1695,2275,"Sprint 12",CLOSED,"2015-06-08 04:54:43",NULL,"2015-06-12 04:54:00","2015-06-12 08:59:34","Atlassian Confluence Cloud"
1772,4216,"Bug fix - 5.2.14",CLOSED,"2015-06-09 06:23:51",NULL,"2015-06-13 06:23:00","2015-08-11 02:30:29","Atlassian Confluence Cloud"
1706,2305,"Core OD 58/59",CLOSED,"2015-06-15 03:30:25",NULL,"2015-06-26 06:00:00","2015-06-30 00:41:34","Atlassian Confluence Cloud"
1846,4199,"Core OD 58/59",CLOSED,"2015-06-15 03:30:25",NULL,"2015-06-26 06:00:00","2015-06-30 00:41:34","Atlassian Confluence Cloud"
1843,4201,"Galaxy sprint 72",CLOSED,"2015-06-15 08:07:18",NULL,"2015-06-22 08:07:00","2015-07-07 04:01:02","Atlassian Confluence Cloud"
1962,4213,"Core OD 59/60",CLOSED,"2015-06-30 03:51:19",NULL,"2015-07-10 06:21:00","2015-07-13 04:09:24","Atlassian Confluence Cloud"
1840,4214,"17 - Marble Mountains",CLOSED,"2015-07-03 02:58:02",NULL,"2015-07-10 02:58:00","2015-07-10 07:42:12","Atlassian Confluence Cloud"
1700,2324,"No rotation restrictions",CLOSED,"2015-07-06 02:02:52",NULL,"2015-07-20 02:02:00","2015-07-20 01:38:56","Atlassian Confluence Cloud"
1838,4226,"DevOps Team SP22",CLOSED,"2015-07-06 05:14:54",NULL,"2015-07-17 07:44:00","2015-11-24 06:38:28","Atlassian Confluence Cloud"
1936,4242,"Galaxy - Sprint 76",CLOSED,"2015-07-13 03:48:11",NULL,"2015-07-20 03:48:00","2015-12-29 04:55:14","Atlassian Confluence Cloud"
1626,5025,2015-07-20,CLOSED,"2015-07-19 23:00:29",NULL,"2015-07-24 07:00:00","2015-08-03 01:46:58","Atlassian Confluence Cloud"
1630,5027,2015-07-21,CLOSED,"2015-08-03 05:34:17",NULL,"2015-08-07 13:34:00","2015-08-10 01:38:44","Atlassian Confluence Cloud"
1600,5026,2015-08-10,CLOSED,"2015-08-10 04:59:15",NULL,"2015-08-14 12:59:00","2015-08-25 01:17:52","Atlassian Confluence Cloud"
1776,4246,"Team Calendar on Space v2",CLOSED,"2015-08-11 02:43:04",NULL,"2015-08-25 02:43:00","2015-08-24 03:14:41","Atlassian Confluence Cloud"
1844,4249,"Julie Andrews sprint",CLOSED,"2015-08-19 03:24:00",NULL,"2015-08-26 03:19:00","2015-08-26 01:59:04","Atlassian Confluence Cloud"
1631,5031,2015-08-11,CLOSED,"2015-08-25 01:36:58",NULL,"2015-09-01 09:36:00","2015-09-08 01:18:28","Atlassian Confluence Cloud"
1579,5029,2015-09-08,CLOSED,"2015-09-10 04:03:45",NULL,"2015-09-17 12:03:00","2015-09-15 01:38:46","Atlassian Confluence Cloud"
1777,4248,"Team Calendars on space v3",CLOSED,"2015-09-15 04:03:48",NULL,"2015-09-22 04:03:00","2015-10-12 02:45:00","Atlassian Confluence Cloud"
1702,2606,"Core OD 65/66",CLOSED,"2015-09-22 04:07:08",NULL,"2015-10-19 02:30:00","2015-11-10 02:09:49","Atlassian Confluence Cloud"
1580,5030,Pomegranate,CLOSED,"2015-09-23 04:23:21",NULL,"2015-09-30 12:23:00","2015-09-29 01:10:21","Atlassian Confluence Cloud"
1587,5028,Apple,CLOSED,"2015-09-29 06:30:58",NULL,"2015-10-06 13:30:00","2015-10-06 00:26:13","Atlassian Confluence Cloud"
1774,4257,"Bug fixing sprint",CLOSED,"2015-10-12 02:52:52",NULL,"2015-10-19 02:52:00","2015-11-18 03:49:49","Atlassian Confluence Cloud"
1621,5034,Banana,CLOSED,"2015-10-13 00:18:08",NULL,"2015-10-20 08:18:00","2015-10-22 03:43:52","Atlassian Confluence Cloud"
1596,5036,Orange,CLOSED,"2015-10-22 05:03:16",NULL,"2015-10-29 13:03:00","2015-10-27 00:20:15","Atlassian Confluence Cloud"
1597,5033,Grape,CLOSED,"2015-10-27 00:35:59",NULL,"2015-11-03 00:35:00","2015-12-01 00:15:06","Atlassian Confluence Cloud"
1831,4259,"The other 23%",CLOSED,"2015-11-09 01:06:20",NULL,"2015-11-23 01:06:00","2015-11-23 00:40:26","Atlassian Confluence Cloud"
1833,4258,"Core OD 45/46",CLOSED,"2015-11-10 02:15:32",NULL,"2015-12-14 01:00:00","2015-11-16 03:01:39","Atlassian Confluence Cloud"
1829,4262,"14. Big Bird",CLOSED,"2015-11-18 00:39:05",NULL,"2015-11-25 00:39:00","2015-11-25 00:24:17","Atlassian Confluence Cloud"
1627,5038,Nectarine,CLOSED,"2015-12-01 00:56:25",NULL,"2015-12-08 00:56:00","2015-12-15 00:22:58","Atlassian Confluence Cloud"
1950,4260,"Passed participle",CLOSED,"2015-12-07 00:15:16",NULL,"2015-12-21 00:15:00","2015-12-21 00:39:23","Atlassian Confluence Cloud"
1607,5037,Strawberry,CLOSED,"2015-12-15 00:50:10",NULL,"2015-12-22 00:50:00","2016-01-05 00:34:34","Atlassian Confluence Cloud"
1703,2837,"Core OD 54",CLOSED,"2015-12-21 03:27:16",NULL,"2016-01-04 01:30:00","2016-01-04 03:10:22","Atlassian Confluence Cloud"
1704,2849,"Core OD 2016.2",CLOSED,"2016-01-04 03:10:32",NULL,"2016-01-11 02:00:00","2016-01-17 22:53:54","Atlassian Confluence Cloud"
1581,5039,"Kiwi Fruit",CLOSED,"2016-01-05 01:00:26",NULL,"2016-01-12 01:00:00","2016-01-12 02:34:59","Atlassian Confluence Cloud"
1611,5040,Avocado,CLOSED,"2016-01-12 23:33:39",NULL,"2016-01-19 23:33:00","2016-02-02 04:07:41","Atlassian Confluence Cloud"
1826,4274,"Reconciling (allthethings)!",CLOSED,"2016-01-18 03:18:09",NULL,"2016-02-01 03:18:00","2016-02-01 00:45:59","Atlassian Confluence Cloud"
1699,2925,"21. George Burns",CLOSED,"2016-01-27 00:39:05",NULL,"2016-02-03 05:10:00","2016-02-03 00:38:46","Atlassian Confluence Cloud"
1836,4276,"Core OD 2016.5",CLOSED,"2016-02-02 02:09:53",NULL,"2016-02-15 02:30:00","2016-02-08 02:43:14","Atlassian Confluence Cloud"
1593,5041,Aubergine,CLOSED,"2016-02-02 04:14:58",NULL,"2016-02-09 04:14:00","2016-02-09 04:21:30","Atlassian Confluence Cloud"
1591,5042,Kumquat,CLOSED,"2016-02-09 04:49:26",NULL,"2016-02-23 04:49:00","2016-02-23 02:17:05","Atlassian Confluence Cloud"
1576,5045,Coconut,CLOSED,"2016-02-23 02:52:48",NULL,"2016-03-01 02:52:00","2016-03-01 03:09:57","Atlassian Confluence Cloud"
1825,4288,"Galaxy - Sprint 1000",CLOSED,"2016-02-29 00:51:11",NULL,"2016-03-07 00:51:00","2016-05-20 01:04:11","Atlassian Confluence Cloud"
1577,5046,Cranberry,CLOSED,"2016-02-29 23:54:11",NULL,"2016-03-07 23:54:00","2016-03-22 23:44:05","Atlassian Confluence Cloud"
1711,3019,"Core OD 2016.8",CLOSED,"2016-03-09 23:34:52",NULL,"2016-03-21 02:30:00","2016-03-29 05:51:35","Atlassian Confluence Cloud"
1837,4286,"Core OD 2016.8",CLOSED,"2016-03-09 23:34:52",NULL,"2016-03-21 02:30:00","2016-03-29 05:51:35","Atlassian Confluence Cloud"
1575,5016,Fruiten,CLOSED,"2016-03-22 23:54:30",NULL,"2016-03-29 23:54:00","2016-03-30 00:37:22","Atlassian Confluence Cloud"
1820,4284,"This sprint is for keeps",CLOSED,"2016-03-29 00:44:27",NULL,"2016-04-12 00:44:00","2016-04-11 01:28:31","Atlassian Confluence Cloud"
1572,5048,Cantaloupe,CLOSED,"2016-04-06 01:09:06",NULL,"2016-04-13 01:09:00","2016-04-13 01:07:55","Atlassian Confluence Cloud"
1634,5047,Tomato,CLOSED,"2016-04-13 01:58:50",NULL,"2016-04-20 01:58:00","2016-04-20 01:22:15","Atlassian Confluence Cloud"
1601,5044,Durian,CLOSED,"2016-04-20 01:28:31",NULL,"2016-04-27 01:28:00","2016-04-27 01:07:27","Atlassian Confluence Cloud"
1633,5049,"Ugli Fruit",CLOSED,"2016-04-27 01:09:00",NULL,"2016-05-04 01:08:00","2016-05-04 01:10:20","Atlassian Confluence Cloud"
1827,4291,"Core OD 2016.12",CLOSED,"2016-04-27 01:35:17",NULL,"2016-05-03 02:30:00","2016-05-18 04:46:56","Atlassian Confluence Cloud"
1573,5015,Lime,CLOSED,"2016-04-30 01:54:00",NULL,"2016-05-07 01:54:00","2016-04-06 01:06:39","Atlassian Confluence Cloud"
1619,5050,Raspberry,CLOSED,"2016-05-04 01:44:24",NULL,"2016-05-11 01:44:00","2016-05-11 01:05:26","Atlassian Confluence Cloud"
1613,5051,Pawpaw,CLOSED,"2016-05-11 01:37:06",NULL,"2016-05-18 01:37:00","2016-05-18 01:34:46","Atlassian Confluence Cloud"
1590,5043,Rockmellon,CLOSED,"2016-05-18 01:35:27",NULL,"2016-05-25 01:35:00","2016-06-15 03:40:02","Atlassian Confluence Cloud"
1828,4297,"Galaxy - Giant Squid",CLOSED,"2016-05-24 01:55:50",NULL,"2016-05-31 01:55:00","2016-05-31 01:32:17","Atlassian Confluence Cloud"
1824,4301,"Galaxy - Efficient Elephant",CLOSED,"2016-05-31 02:19:07",NULL,"2016-06-07 02:19:00","2016-06-07 00:25:58","Atlassian Confluence Cloud"
1628,5053,Rambutan,CLOSED,"2016-06-15 04:54:28",NULL,"2016-06-22 04:54:00","2016-06-22 04:37:05","Atlassian Confluence Cloud"
1610,5052,Pear,CLOSED,"2016-06-22 05:33:27",NULL,"2016-06-29 05:33:00","2016-06-29 05:08:06","Atlassian Confluence Cloud"
1599,5054,Trampoline,CLOSED,"2016-06-29 05:25:59",NULL,"2016-07-06 05:25:00","2016-07-06 05:08:15","Atlassian Confluence Cloud"
1701,3260,"41. Dom DeLuise",CLOSED,"2016-07-06 02:00:56",NULL,"2016-07-13 02:00:00","2016-07-13 01:57:26","Atlassian Confluence Cloud"
1608,5055,Mango,CLOSED,"2016-07-06 05:27:03",NULL,"2016-07-13 05:27:00","2016-07-13 05:00:13","Atlassian Confluence Cloud"
1693,3275,"Storm Sprint 1",CLOSED,"2016-07-06 06:42:22",NULL,"2016-07-20 06:42:00","2016-07-20 06:11:19","Atlassian Confluence Cloud"
1822,4317,"Storm Sprint 1",CLOSED,"2016-07-06 06:42:22",NULL,"2016-07-20 06:42:00","2016-07-20 06:11:19","Atlassian Confluence Cloud"
1569,5056,"The Return of the Mango",CLOSED,"2016-07-13 06:25:01",NULL,"2016-07-20 06:25:00","2016-07-20 05:00:26","Atlassian Confluence Cloud"
1709,2881,"Galaxy Soju",CLOSED,"2016-07-19 07:27:29",NULL,"2016-07-26 07:27:00","2016-07-27 04:47:44","Atlassian Confluence Cloud"
1606,5058,"The Mango Strikes Back",CLOSED,"2016-07-19 23:32:01",NULL,"2016-07-26 23:32:00","2016-07-27 05:14:19","Atlassian Confluence Cloud"
1707,3293,"43. Phyllis Diller",CLOSED,"2016-07-20 01:35:11",NULL,"2016-07-27 01:35:00","2016-07-27 01:18:52","Atlassian Confluence Cloud"
1712,3326,"44. Sandy Duncan",CLOSED,"2016-07-27 01:23:03",NULL,"2016-08-03 01:23:00","2016-08-03 01:23:06","Atlassian Confluence Cloud"
1588,5057,"The Mango in the Grass",CLOSED,"2016-07-27 07:20:07",NULL,"2016-08-03 07:20:00","2016-08-03 04:48:02","Atlassian Confluence Cloud"
1823,4324,"Galaxy - zsh",CLOSED,"2016-08-02 01:33:54",NULL,"2016-08-09 01:33:00","2016-08-09 05:24:42","Atlassian Confluence Cloud"
1583,5061,Pumpkin,CLOSED,"2016-08-03 04:48:12",NULL,"2016-08-10 04:48:00","2016-08-10 04:47:01","Atlassian Confluence Cloud"
1710,3310,"Lightning Sprint 13",CLOSED,"2016-08-04 07:13:04",NULL,"2016-08-17 07:13:00","2016-08-23 04:05:31","Atlassian Confluence Cloud"
1832,4323,"Galaxy - before the innovation",CLOSED,"2016-08-09 06:12:05",NULL,"2016-08-16 06:12:00","2016-08-16 07:10:10","Atlassian Confluence Cloud"
1609,5060,Cactus,CLOSED,"2016-08-11 07:48:43",NULL,"2016-08-18 07:48:00","2016-08-24 05:05:36","Atlassian Confluence Cloud"
1861,4313,"Enterprise is heavy",CLOSED,"2016-08-16 03:32:24",NULL,"2016-08-29 12:02:00","2016-08-29 01:29:33","Atlassian Confluence Cloud"
1939,4321,"Galaxy - BBQ party",CLOSED,"2016-08-23 05:30:49",NULL,"2016-08-30 05:30:00","2016-08-30 02:14:15","Atlassian Confluence Cloud"
1867,4331,"Galaxy - next",CLOSED,"2016-08-30 03:28:10",NULL,"2016-09-06 03:28:00","2016-09-06 01:35:15","Atlassian Confluence Cloud"
1571,5062,Rabbits,CLOSED,"2016-09-01 01:19:27",NULL,"2016-09-07 01:19:00","2016-09-07 05:14:45","Atlassian Confluence Cloud"
1698,3395,"Café Society",CLOSED,"2016-09-01 03:49:58",NULL,"2016-09-06 07:30:00","2016-09-07 03:37:18","Atlassian Confluence Cloud"
1624,5063,Alpaca,CLOSED,"2016-09-07 05:29:01",NULL,"2016-09-13 05:29:00","2016-09-14 04:41:33","Atlassian Confluence Cloud"
1819,4334,Autobots,CLOSED,"2016-09-12 00:53:57",NULL,"2016-09-26 00:53:00","2016-09-26 00:58:33","Atlassian Confluence Cloud"
1739,4340,Jannali,CLOSED,"2016-09-13 05:21:56",NULL,"2016-09-27 05:21:00","2016-09-27 05:10:49","Atlassian Confluence Cloud"
1592,5064,Kiwi,CLOSED,"2016-09-14 04:51:46",NULL,"2016-09-20 04:51:00","2016-09-21 04:46:02","Atlassian Confluence Cloud"
1818,4336,"52. Dizzy Gillespie",CLOSED,"2016-09-21 01:34:25",NULL,"2016-09-28 01:34:00","2016-09-28 02:00:45","Atlassian Confluence Cloud"
1578,5059,Tiger,CLOSED,"2016-09-21 05:02:44",NULL,"2016-09-27 05:02:00","2016-09-28 04:42:38","Atlassian Confluence Cloud"
1639,5066,Racoon,CLOSED,"2016-09-28 04:48:59",NULL,"2016-10-04 03:48:00","2016-10-05 03:38:50","Atlassian Confluence Cloud"
1570,5065,Chameleon,CLOSED,"2016-10-05 03:45:43",NULL,"2016-10-11 03:45:00","2016-10-12 03:15:41","Atlassian Confluence Cloud"
1722,3477,"Tenantless Startup Sprint 9",CLOSED,"2016-10-05 04:08:37",NULL,"2016-10-26 02:30:00","2016-10-26 03:08:06","Atlassian Confluence Cloud"
1715,3472,Roadrunner,CLOSED,"2016-10-10 00:04:08",NULL,"2016-10-23 23:04:00","2016-10-23 23:41:23","Atlassian Confluence Cloud"
1817,4345,Roadrunner,CLOSED,"2016-10-10 00:04:08",NULL,"2016-10-23 23:04:00","2016-10-23 23:41:23","Atlassian Confluence Cloud"
1598,5067,Bear,CLOSED,"2016-10-12 03:56:32",NULL,"2016-10-18 03:56:00","2016-10-19 04:16:22","Atlassian Confluence Cloud"
1585,5068,Roundwrecked,CLOSED,"2016-10-19 04:20:16",NULL,"2016-10-25 04:20:00","2016-10-26 03:53:23","Atlassian Confluence Cloud"
1816,4359,"Enterprise is kick'n",CLOSED,"2016-10-24 00:09:39",NULL,"2016-11-07 00:09:00","2016-11-07 00:06:40","Atlassian Confluence Cloud"
1815,4350,Mosman,CLOSED,"2016-10-25 04:16:22",NULL,"2016-11-08 04:16:00","2016-11-08 04:08:52","Atlassian Confluence Cloud"
1720,3514,"Doctor Strange",CLOSED,"2016-10-26 00:09:28",NULL,"2016-11-08 06:30:00","2016-11-08 23:20:18","Atlassian Confluence Cloud"
1625,5069,OffAndRacing,CLOSED,"2016-10-26 04:08:37",NULL,"2016-11-01 04:08:00","2016-11-02 03:49:30","Atlassian Confluence Cloud"
1718,3523,"Tenantless Startup Sprint 11",CLOSED,"2016-11-02 03:02:38",NULL,"2016-11-09 02:30:00","2016-11-09 02:54:37","Atlassian Confluence Cloud"
1589,5071,"The race that stops Atlassian",CLOSED,"2016-11-02 03:52:24",NULL,"2016-11-08 03:52:00","2016-11-09 03:51:00","Atlassian Confluence Cloud"
1723,3542,Arrival,CLOSED,"2016-11-08 23:59:52",NULL,"2016-11-22 06:30:00","2016-11-22 23:06:22","Atlassian Confluence Cloud"
1814,4353,atman,CLOSED,"2016-11-09 00:18:59",NULL,"2016-11-23 00:18:00","2016-11-20 23:55:05","Atlassian Confluence Cloud"
1623,5072,"Election that stops the world",CLOSED,"2016-11-09 03:54:45",NULL,"2016-11-15 03:54:00","2016-11-16 03:47:57","Atlassian Confluence Cloud"
1725,3554,"Imps Sprint 13",CLOSED,"2016-11-16 03:04:57",NULL,"2016-11-23 02:30:00","2016-11-23 02:43:56","Atlassian Confluence Cloud"
1617,5073,"Making Confluence Great Again",CLOSED,"2016-11-16 03:48:45",NULL,"2016-11-22 03:48:00","2016-11-23 03:57:49","Atlassian Confluence Cloud"
1717,3562,"Kimi no na wa",CLOSED,"2016-11-23 00:02:14",NULL,"2016-12-06 06:33:00","2016-12-06 23:32:05","Atlassian Confluence Cloud"
1714,3555,"Imps Sprint 14",CLOSED,"2016-11-23 02:51:31",NULL,"2016-11-30 02:30:00","2016-12-01 06:02:21","Atlassian Confluence Cloud"
1602,5070,"CE (heart) SRE",CLOSED,"2016-11-23 04:00:13",NULL,"2016-11-29 04:00:00","2016-11-30 04:31:09","Atlassian Confluence Cloud"
1813,4375,"Enterprise is lovely",CLOSED,"2016-11-28 23:49:53",NULL,"2016-12-11 23:49:00","2016-12-12 00:30:10","Atlassian Confluence Cloud"
1810,4358,"Oxford Falls",CLOSED,"2016-11-28 23:55:05",NULL,"2016-12-05 23:55:00","2016-12-13 04:22:10","Atlassian Confluence Cloud"
1567,5074,OMGEGGNOG,CLOSED,"2016-11-30 04:32:07",NULL,"2016-12-06 04:32:00","2016-12-14 02:34:08","Atlassian Confluence Cloud"
1716,3581,"Imps Sprint 15",CLOSED,"2016-12-01 06:02:48",NULL,"2016-12-07 02:30:00","2016-12-12 03:53:00","Atlassian Confluence Cloud"
1811,4368,"I miss Jake",CLOSED,"2016-12-05 00:00:12",NULL,"2016-12-19 00:00:00","2016-12-19 00:02:50","Atlassian Confluence Cloud"
1640,5079,"Sprint 65 - Vendors game",CLOSED,"2016-12-06 05:00:43",NULL,"2016-12-13 04:00:00","2016-12-14 01:15:34","Atlassian Confluence Cloud"
1724,3597,"Imps Sprint 16",CLOSED,"2016-12-12 04:02:58",NULL,"2016-12-23 02:30:00","2017-01-04 03:29:13","Atlassian Confluence Cloud"
1835,4379,"Imps Sprint 16",CLOSED,"2016-12-12 04:02:58",NULL,"2016-12-23 02:30:00","2017-01-04 03:29:13","Atlassian Confluence Cloud"
1636,5076,"Rogue 1",CLOSED,"2016-12-21 04:00:11",NULL,"2017-01-04 03:00:00","2017-01-04 04:17:04","Atlassian Confluence Cloud"
1719,3624,"Imps Sprint 17",CLOSED,"2017-01-04 03:29:22",NULL,"2017-01-13 05:00:00","2017-01-25 03:14:34","Atlassian Confluence Cloud"
1834,4384,"Imps Sprint 17",CLOSED,"2017-01-04 03:29:22",NULL,"2017-01-13 05:00:00","2017-01-25 03:14:34","Atlassian Confluence Cloud"
1632,5082,"Tempo in Poland",CLOSED,"2017-01-09 14:36:03",NULL,"2017-01-28 15:21:00","2017-01-23 13:11:57","Atlassian Confluence Cloud"
1574,5083,"The Return of Ran",CLOSED,"2017-01-11 04:48:31",NULL,"2017-01-25 03:48:00","2017-01-25 03:57:22","Atlassian Confluence Cloud"
1726,3672,"Imps Sprint 18",CLOSED,"2017-01-25 03:15:21",NULL,"2017-02-01 01:30:00","2017-02-01 03:19:31","Atlassian Confluence Cloud"
1582,5075,Amsterdam,CLOSED,"2017-01-29 22:59:11",NULL,"2017-02-12 21:59:00","2017-02-03 03:31:34","Atlassian Confluence Cloud"
1730,3685,"69. Don Knotts",CLOSED,"2017-02-01 00:39:48",NULL,"2017-02-07 00:39:00","2017-03-08 02:58:25","Atlassian Confluence Cloud"
1629,5078,Tulips,CLOSED,"2017-02-03 05:14:27",NULL,"2017-02-17 04:14:00","2017-02-08 04:03:45","Atlassian Confluence Cloud"
1737,3699,"Imps Sprint 20",CLOSED,"2017-02-08 04:18:05",NULL,"2017-02-15 02:30:00","2017-02-15 03:05:24","Atlassian Confluence Cloud"
1892,4406,"Imps Sprint 20",CLOSED,"2017-02-08 04:18:05",NULL,"2017-02-15 02:30:00","2017-02-15 03:05:24","Atlassian Confluence Cloud"
1612,5084,"14 days to go",CLOSED,"2017-02-08 22:37:46",NULL,"2017-02-22 21:37:00","2017-02-15 03:49:23","Atlassian Confluence Cloud"
1734,3703,"Thunder Charlie",CLOSED,"2017-02-09 04:08:04",NULL,"2017-02-17 04:08:00","2017-02-27 00:05:19","Atlassian Confluence Cloud"
1809,4386,Turramurra,CLOSED,"2017-02-14 04:35:47",NULL,"2017-02-28 04:35:00","2017-02-28 04:07:22","Atlassian Confluence Cloud"
1728,3716,"Imps Sprint 21",CLOSED,"2017-02-15 03:05:55",NULL,"2017-02-22 02:30:00","2017-03-01 04:56:00","Atlassian Confluence Cloud"
1604,5085,"The Final Countdown (2)",CLOSED,"2017-02-16 03:38:55",NULL,"2017-03-02 02:38:00","2017-03-15 03:52:29","Atlassian Confluence Cloud"
1736,3739,Logan,CLOSED,"2017-02-28 23:33:54",NULL,"2017-03-13 18:30:00","2017-03-14 23:07:34","Atlassian Confluence Cloud"
1735,3726,"Heavenly Dream",CLOSED,"2017-02-28 23:47:58",NULL,"2017-03-12 23:47:00","2017-03-14 00:21:24","Atlassian Confluence Cloud"
1731,3741,"Imps Sprint 22",CLOSED,"2017-03-01 04:56:50",NULL,"2017-03-08 02:30:00","2017-03-08 03:59:46","Atlassian Confluence Cloud"
1808,4388,bee,CLOSED,"2017-03-07 02:52:09",NULL,"2017-03-21 02:52:00","2017-03-20 23:37:38","Atlassian Confluence Cloud"
1812,4409,"Imps Sprint 23",CLOSED,"2017-03-08 04:08:21",NULL,"2017-03-15 02:30:00","2017-03-15 03:06:32","Atlassian Confluence Cloud"
1721,3742,"71. Harvey Korman",CLOSED,"2017-03-08 05:29:00",NULL,"2017-03-14 05:28:00","2017-03-14 23:27:40","Atlassian Confluence Cloud"
1713,3704,"Thunder Echo",CLOSED,"2017-03-13 04:08:40",NULL,"2017-03-23 01:42:00","2017-03-24 02:12:42","Atlassian Confluence Cloud"
1738,3766,"Imps Sprint 24",CLOSED,"2017-03-15 03:07:42",NULL,"2017-03-22 02:30:00","2017-03-22 03:03:33","Atlassian Confluence Cloud"
1740,4396,"Imps Sprint 24",CLOSED,"2017-03-15 03:07:42",NULL,"2017-03-22 02:30:00","2017-03-22 03:03:33","Atlassian Confluence Cloud"
1635,5092,Smaug,CLOSED,"2017-03-15 03:52:46",NULL,"2017-03-29 02:52:00","2017-03-23 02:50:37","Atlassian Confluence Cloud"
1638,5077,"Passenger 57",CLOSED,"2017-03-21 23:03:33",NULL,"2017-03-28 23:03:00","2017-03-29 07:03:09","Atlassian Confluence Cloud"
1729,3783,"Imps Sprint 25",CLOSED,"2017-03-22 03:45:38",NULL,"2017-03-29 03:00:00","2017-04-05 04:05:15","Atlassian Confluence Cloud"
1733,3782,"74. Cleo Laine",CLOSED,"2017-03-28 23:54:01",NULL,"2017-04-11 23:54:00","2017-04-05 00:10:47","Atlassian Confluence Cloud"
1727,4539,"75. Chris Langham",CLOSED,"2017-04-05 00:57:35",NULL,"2017-04-12 00:57:00","2017-04-12 00:09:47","Atlassian Confluence Cloud"
1616,5091,Sparky,CLOSED,"2017-04-05 04:54:33",NULL,"2017-04-19 03:54:00","2017-04-12 04:37:21","Atlassian Confluence Cloud"
1662,3797,?,CLOSED,"2017-04-10 00:47:19",NULL,"2017-04-24 00:47:00","2017-04-26 01:17:02","Atlassian Confluence Cloud"
1594,5090,Beagle,CLOSED,"2017-04-12 04:46:21",NULL,"2017-04-26 03:46:00","2017-04-26 04:43:18","Atlassian Confluence Cloud"
1661,4548,"77. Cloris Leachman",CLOSED,"2017-04-19 02:01:04",NULL,"2017-04-26 02:01:00","2017-04-26 03:43:30","Atlassian Confluence Cloud"
1659,4578,"Imps Sprint 28",CLOSED,"2017-04-27 00:03:45",NULL,"2017-05-10 03:30:00","2017-05-17 04:09:27","Atlassian Confluence Cloud"
1615,5088,Spaniel,CLOSED,"2017-05-10 05:24:57",NULL,"2017-05-17 04:24:00","2017-05-29 23:48:36","Atlassian Confluence Cloud"
1732,4608,"Lightning 25",CLOSED,"2017-05-16 04:59:08",NULL,"2017-05-31 03:26:00","2017-06-01 00:06:16","Atlassian Confluence Cloud"
1657,4611,"Imps Sprint 29",CLOSED,"2017-05-17 07:41:05",NULL,"2017-05-24 03:30:00","2017-05-24 04:00:51","Atlassian Confluence Cloud"
1658,4610,"Henry says no",CLOSED,"2017-05-22 00:56:44",NULL,"2017-06-05 00:56:00","2017-06-05 00:40:30","Atlassian Confluence Cloud"
1660,4618,"Imps Sprint 30",CLOSED,"2017-05-24 04:01:32",NULL,"2017-05-31 02:30:00","2017-05-31 04:10:24","Atlassian Confluence Cloud"
1654,4620,"Thunder Juliett",CLOSED,"2017-05-25 05:05:55",NULL,"2017-06-08 05:05:00","2017-06-13 03:09:46","Atlassian Confluence Cloud"
1568,5087,Maltese,CLOSED,"2017-06-07 01:57:50",NULL,"2017-06-14 00:57:00","2017-06-14 04:44:46","Atlassian Confluence Cloud"
1652,4644,"Thunder Kilo",CLOSED,"2017-06-08 03:10:10",NULL,"2017-06-22 03:10:00","2017-06-22 05:07:43","Atlassian Confluence Cloud"
1653,4639,"Imps Sprint 32",CLOSED,"2017-06-12 21:40:12",NULL,"2017-06-21 03:39:00","2017-06-23 00:05:10","Atlassian Confluence Cloud"
1637,5095,Dalmation,CLOSED,"2017-06-21 04:56:56",NULL,"2017-06-28 03:56:00","2017-07-05 04:40:07","Atlassian Confluence Cloud"
1655,4655,"Imps Sprint 33",CLOSED,"2017-06-23 00:05:44",NULL,"2017-06-28 06:04:00","2017-06-28 04:00:22","Atlassian Confluence Cloud"
1651,4671,"Webscale 1",CLOSED,"2017-06-29 01:05:56",NULL,"2017-07-13 01:05:00","2017-07-13 01:09:29","Atlassian Confluence Cloud"
1656,4677,"Imps Sprint 35",CLOSED,"2017-07-05 03:52:45",NULL,"2017-07-12 09:51:00","2017-07-19 04:14:55","Atlassian Confluence Cloud"
1649,4688,"Webscale 2",CLOSED,"2017-07-13 01:10:53",NULL,"2017-07-27 01:10:00","2017-07-27 05:08:59","Atlassian Confluence Cloud"
1642,5098,Schnauser,CLOSED,"2017-07-28 00:18:24",NULL,"2017-08-03 23:18:00","2017-07-28 00:24:30","Atlassian Confluence Cloud"
1618,5096,"Basset Hound",CLOSED,"2017-07-28 00:46:41",NULL,"2017-08-01 23:46:00","2017-09-21 23:43:21","Atlassian Confluence Cloud"
1648,4723,"Webscale 4",CLOSED,"2017-08-15 01:44:52",NULL,"2017-09-01 01:44:00","2017-09-12 23:18:52","Atlassian Confluence Cloud"
1646,4822,"The Shape of Water",CLOSED,"2017-11-14 18:40:17",NULL,"2017-11-28 13:37:00","2017-11-30 19:42:27","Atlassian Confluence Cloud"
1641,5099,"Endowment effect",CLOSED,"2018-01-30 23:01:06",NULL,"2018-02-06 23:01:00","2018-02-06 22:13:19","Atlassian Confluence Cloud"
1645,4955,"Earnest Echidnas",CLOSED,"2018-03-15 18:04:25",NULL,"2018-03-29 18:04:00","2018-03-29 21:26:00","Atlassian Confluence Cloud"
1644,4980,"Jamming Jerboa",CLOSED,"2018-04-17 15:50:47",NULL,"2018-05-01 15:50:00","2018-06-27 19:02:37","Atlassian Confluence Cloud"
1564,5161,"Absinthe - Scale",CLOSED,"2018-08-28 01:30:54",NULL,"2018-09-11 01:30:00","2018-09-11 00:16:48","Atlassian Confluence Cloud"
1563,5177,"I Don't Want The POWER",CLOSED,"2018-10-16 21:08:50",NULL,"2018-10-29 21:08:00","2018-10-30 22:28:18","Atlassian Confluence Cloud"
1643,5188,"New Sprint starting nov 13",CLOSED,"2018-11-19 19:15:53",NULL,"2018-12-02 19:15:00","2018-11-27 23:08:12","Atlassian Confluence Cloud"
1561,5199,"Weds are basically just Mons",CLOSED,"2018-11-27 23:08:57",NULL,"2018-12-10 23:08:00","2018-12-10 23:36:59","Atlassian Confluence Cloud"
1560,5211,"All i want for xmas is Andrew",CLOSED,"2018-12-10 23:35:05",NULL,"2018-12-21 05:30:00","2019-01-07 22:53:46","Atlassian Confluence Cloud"
1562,5218,"Hey Micky you're so fine",CLOSED,"2019-01-07 23:50:22",NULL,"2019-01-18 05:45:00","2019-01-23 00:25:55","Atlassian Confluence Cloud"
1559,5237,"de Brie",CLOSED,"2019-01-23 00:26:15",NULL,"2019-02-02 06:21:00","2019-02-04 23:40:33","Atlassian Confluence Cloud"
1556,5259,"Long I/E sprint - Q3",CLOSED,"2019-02-20 19:30:45",NULL,"2019-03-30 19:30:00","2019-04-01 20:50:29","Atlassian Confluence Cloud"
1555,5264,"Positively RANsacked",CLOSED,"2019-03-04 23:35:48",NULL,"2019-03-19 04:30:00","2019-03-18 19:22:34","Atlassian Confluence Cloud"
1553,5271,"Jack approved",CLOSED,"2019-03-18 19:22:06",NULL,"2019-04-02 00:17:00","2019-04-01 23:59:04","Atlassian Confluence Cloud"
1532,5282,"Long I/E sprint - Q4",CLOSED,"2019-04-01 20:50:03",NULL,"2019-06-29 20:50:00","2019-11-14 00:12:32","Atlassian Confluence Cloud"
1554,5285,"Do i have to be here?",CLOSED,"2019-04-15 23:02:36",NULL,"2019-04-29 23:02:00","2019-04-29 23:54:21","Atlassian Confluence Cloud"
1551,5316,"Migrations sprint1",CLOSED,"2019-05-13 21:25:48",NULL,"2019-05-24 21:25:00","2019-05-28 21:07:07","Atlassian Confluence Cloud"
1650,5322,"Migrations sprint2",CLOSED,"2019-05-28 21:07:47",NULL,"2019-06-07 21:07:00","2019-11-14 00:13:03","Atlassian Confluence Cloud"
1548,5320,"It was easy when we had rules",CLOSED,"2019-05-28 22:07:21",NULL,"2019-06-06 22:07:00","2019-06-11 15:42:29","Atlassian Confluence Cloud"
1546,5328,Snoopy,CLOSED,"2019-06-03 20:27:17",NULL,"2019-06-14 20:27:00","2019-06-17 20:04:09","Atlassian Confluence Cloud"
1543,5356,"What is for dinner on Saturday",CLOSED,"2019-06-23 23:06:15",NULL,"2019-07-04 23:06:00","2019-07-10 05:55:44","Atlassian Confluence Cloud"
1545,5397,Q1-20-Sprint-1,CLOSED,"2019-07-08 23:21:12",NULL,"2019-07-19 23:21:00","2019-07-22 20:16:25","Atlassian Confluence Cloud"
1540,5405,"All about that recent drawer",CLOSED,"2019-07-10 05:58:26",NULL,"2019-07-19 05:58:00","2019-07-22 22:55:08","Atlassian Confluence Cloud"
1542,5409,Hamilton,CLOSED,"2019-07-15 19:10:22",NULL,"2019-07-29 19:10:00","2019-07-29 17:08:14","Atlassian Confluence Cloud"
1539,5416,Aladdin,CLOSED,"2019-07-22 21:13:09",NULL,"2019-08-05 19:00:00","2019-08-05 20:49:14","Atlassian Confluence Cloud"
1538,5419,"CA Integration Sprint 7",CLOSED,"2019-07-23 00:26:57",NULL,"2019-08-04 00:26:00","2019-08-05 23:44:43","Atlassian Confluence Cloud"
1558,5424,Carmen,CLOSED,"2019-07-29 17:49:46",NULL,"2019-08-12 17:49:00","2019-08-12 17:16:04","Atlassian Confluence Cloud"
1535,5431,Batman,CLOSED,"2019-08-05 21:50:51",NULL,"2019-08-19 19:37:00","2019-08-19 19:37:12","Atlassian Confluence Cloud"
1541,5440,"Les Miserables",CLOSED,"2019-08-12 17:32:02",NULL,"2019-08-26 17:32:00","2019-08-26 17:05:53","Atlassian Confluence Cloud"
1537,5445,"Cap America",CLOSED,"2019-08-19 21:34:00",NULL,"2019-09-02 19:20:00","2019-09-03 20:14:33","Atlassian Confluence Cloud"
1536,5443,"Jetlag is so bad",CLOSED,"2019-08-19 22:26:30",NULL,"2019-08-29 22:26:00","2019-09-03 21:53:36","Atlassian Confluence Cloud"
1557,5457,"Miss Saigon",CLOSED,"2019-08-26 17:33:52",NULL,"2019-09-09 17:33:00","2019-09-09 17:39:36","Atlassian Confluence Cloud"
1547,5458,"CC Ecosystem SS Sprint 5",CLOSED,"2019-08-27 17:02:50",NULL,"2019-09-10 17:02:00","2019-09-09 16:46:25","Atlassian Confluence Cloud"
1647,5467,Cats,CLOSED,"2019-09-09 17:58:18",NULL,"2019-09-23 17:58:00","2019-09-23 18:14:38","Atlassian Confluence Cloud"
1534,5479,"Dumpster Dogs",CLOSED,"2019-09-23 18:15:51",NULL,"2019-10-07 18:15:00","2019-10-07 18:37:16","Atlassian Confluence Cloud"
1531,5492,"Eng Health - Q2",CLOSED,"2019-10-07 17:42:54",NULL,"2019-10-19 03:37:00","2019-11-04 22:25:35","Atlassian Confluence Cloud"
1549,5495,"Mountain Lion",CLOSED,"2019-10-07 19:47:43",NULL,"2019-10-21 19:47:00","2019-10-21 17:46:03","Atlassian Confluence Cloud"
1530,5521,Ghoul,CLOSED,"2019-11-04 22:26:39",NULL,"2019-11-16 08:21:00","2019-11-18 21:21:25","Atlassian Confluence Cloud"
1526,5553,"Silent snake",CLOSED,"2019-12-02 21:44:24",NULL,"2019-12-20 07:39:00","2020-01-06 19:14:53","Atlassian Confluence Cloud"
1525,5539,"Ilsa Lund",CLOSED,"2019-12-03 18:38:28",NULL,"2019-12-15 04:33:00","2019-12-16 21:24:16","Atlassian Confluence Cloud"
1527,5561,"we're not in Jira anymore",CLOSED,"2019-12-08 20:02:37",NULL,"2019-12-19 20:02:00","2020-01-07 00:20:34","Atlassian Confluence Cloud"
1523,5560,"CC Softserve 13",CLOSED,"2019-12-09 18:36:26",NULL,"2019-12-30 18:36:00","2020-01-06 17:07:40","Atlassian Confluence Cloud"
1524,5566,"John Wick",CLOSED,"2019-12-16 21:36:17",NULL,"2019-12-28 07:31:00","2020-01-06 21:13:27","Atlassian Confluence Cloud"
1529,5534,"January 13-24",CLOSED,"2020-01-13 00:10:00",NULL,"2020-01-24 00:10:00","2020-01-10 00:13:16","Atlassian Confluence Cloud"
1528,5669,SpiderMan,CLOSED,"2020-01-21 19:07:04",NULL,"2020-02-04 19:07:00","2020-02-03 18:57:36","Atlassian Confluence Cloud"
1521,5679,Mamba,CLOSED,"2020-02-03 21:23:03",NULL,"2020-02-14 07:18:00","2020-02-18 21:15:13","Atlassian Confluence Cloud"
1522,5682,"That was something Alice alway",CLOSED,"2020-02-03 23:34:08",NULL,"2020-02-16 23:34:00","2020-02-18 23:17:06","Atlassian Confluence Cloud"
1544,5706,"Pretty Panda",CLOSED,"2020-02-14 23:57:46",NULL,"2020-02-28 23:57:00","2020-03-02 19:04:12","Atlassian Confluence Cloud"
1520,5722,"Feb 24 - March 9",CLOSED,"2020-02-24 11:40:36",NULL,"2020-03-09 11:40:00","2020-03-10 05:50:37","Atlassian Confluence Cloud"
1533,5729,"Confident Crab",CLOSED,"2020-03-02 19:05:00",NULL,"2020-03-16 19:04:00","2020-03-13 18:01:12","Atlassian Confluence Cloud"
1516,5733,"Angsty Bees",CLOSED,"2020-03-02 23:29:32",NULL,"2020-03-15 23:29:00","2020-03-16 22:36:32","Atlassian Confluence Cloud"
1518,5748,"WFH Bat",CLOSED,"2020-03-16 18:01:00",NULL,"2020-03-30 18:01:00","2020-03-30 17:42:10","Atlassian Confluence Cloud"
1513,5812,"Pandemic ?",CLOSED,"2020-03-16 21:38:59",NULL,"2020-03-27 07:33:00","2020-03-30 20:11:36","Atlassian Confluence Cloud"
1514,5810,"March 23 - March 30",CLOSED,"2020-03-23 17:07:29",NULL,"2020-03-30 17:07:00","2020-03-30 16:03:29","Atlassian Confluence Cloud"
1550,5825,"WFH Pangolin",CLOSED,"2020-03-30 17:42:24",NULL,"2020-04-13 17:42:00","2020-04-13 17:47:37","Atlassian Confluence Cloud"
1511,5828,"Cute Doggo",CLOSED,"2020-03-30 22:20:08",NULL,"2020-04-12 22:20:00","2020-04-13 22:21:08","Atlassian Confluence Cloud"
1512,5829,"CC Softserve 22 - WFH sprint 3",CLOSED,"2020-04-13 16:23:26",NULL,"2020-04-27 16:23:00","2020-04-27 16:44:38","Atlassian Confluence Cloud"
1565,5835,"WFH Armadillo",CLOSED,"2020-04-13 17:47:03",NULL,"2020-04-27 17:47:00","2020-04-27 20:56:11","Atlassian Confluence Cloud"
1510,5849,Sonic,CLOSED,"2020-04-26 22:27:30",NULL,"2020-05-08 11:22:00","2020-05-11 20:27:08","Atlassian Confluence Cloud"
1552,5850,"Nesting Sparrow",CLOSED,"2020-04-27 20:57:16",NULL,"2020-05-11 20:57:00","2020-05-11 17:48:15","Atlassian Confluence Cloud"
1515,5317,"Prioritized BackLog - old",CLOSED,"2020-04-27 22:18:11",NULL,"2020-05-10 22:18:00","2020-04-28 23:29:07","Atlassian Confluence Cloud"
1509,5859,"Enchanting Ferrets",CLOSED,"2020-04-28 00:43:17",NULL,"2020-05-12 00:43:00","2020-05-11 18:02:38","Atlassian Confluence Cloud"
1507,5854,"Flatulent Goats",CLOSED,"2020-05-11 18:03:51",NULL,"2020-05-22 18:03:00","2020-05-26 17:47:32","Atlassian Confluence Cloud"
1506,5874,Quarantini,CLOSED,"2020-05-11 18:09:59",NULL,"2020-05-25 18:09:00","2020-05-26 17:36:53","Atlassian Confluence Cloud"
1519,5885,"CC Softserve 25 - WFH sprint 6",CLOSED,"2020-05-25 14:04:17",NULL,"2020-06-08 14:04:00","2020-06-09 12:53:17","Atlassian Confluence Cloud"
1508,5888,Marbles!,CLOSED,"2020-05-26 18:03:08",NULL,"2020-06-09 18:03:00","2020-06-11 17:42:52","Atlassian Confluence Cloud"
1504,5889,Underminer,CLOSED,"2020-05-26 18:41:49",NULL,"2020-06-05 08:36:00","2020-06-08 20:30:13","Atlassian Confluence Cloud"
1503,5906,Denmark?,CLOSED,"2020-06-08 17:43:32",NULL,"2020-06-22 17:43:00","2020-06-22 17:09:13","Atlassian Confluence Cloud"
1959,5905,"Hoity-toity Iguanas ?",CLOSED,"2020-06-08 17:52:46",NULL,"2020-06-19 17:52:00","2020-06-22 21:00:27","Atlassian Confluence Cloud"
1501,5896,"CC Devloop Sprint 2020.6.1",CLOSED,"2020-06-08 20:23:46",NULL,"2020-06-19 20:00:00","2020-06-22 21:54:47","Atlassian Confluence Cloud"
1499,5926,"Finish the quarter",CLOSED,"2020-06-22 18:06:18",NULL,"2020-07-06 18:06:00","2020-07-06 18:14:36","Atlassian Confluence Cloud"
1502,5927,"? WWW",CLOSED,"2020-06-22 20:54:52",NULL,"2020-07-04 10:49:00","2020-07-07 20:27:37","Atlassian Confluence Cloud"
1500,5909,"Inter-team Jackalope ?",CLOSED,"2020-06-22 21:01:07",NULL,"2020-07-03 21:01:00","2020-07-06 20:34:01","Atlassian Confluence Cloud"
1498,6002,"Usain Bolt",CLOSED,"2020-07-06 18:22:32",NULL,"2020-07-20 18:22:00","2020-07-20 17:39:31","Atlassian Confluence Cloud"
1496,5928,"Kissing Llamas ?",CLOSED,"2020-07-20 17:59:23",NULL,"2020-07-31 17:59:00","2020-08-03 16:01:57","Atlassian Confluence Cloud"
1497,6020,"3 New Musketeers!",CLOSED,"2020-07-20 18:04:44",NULL,"2020-08-03 18:04:00","2020-08-03 17:44:38","Atlassian Confluence Cloud"
1493,6031,"All for One",CLOSED,"2020-08-03 18:00:33",NULL,"2020-08-17 18:00:00","2020-08-17 17:42:29","Atlassian Confluence Cloud"
1517,6040,Zelda,CLOSED,"2020-08-03 21:05:03",NULL,"2020-08-15 11:00:00","2020-08-17 20:31:23","Atlassian Confluence Cloud"
1494,6042,"Softserve WFH sprint 12",CLOSED,"2020-08-17 16:36:50",NULL,"2020-08-31 16:36:00","2020-08-31 16:18:05","Atlassian Confluence Cloud"
1779,6062,"20 Years After",CLOSED,"2020-08-31 18:05:49",NULL,"2020-09-14 18:05:00","2020-09-14 17:37:28","Atlassian Confluence Cloud"
1488,6073,"Softserve WFH sprint 14",CLOSED,"2020-09-14 16:30:52",NULL,"2020-09-28 16:30:00","2020-09-28 16:34:41","Atlassian Confluence Cloud"
1505,6078,"Armageddon Skies",CLOSED,"2020-09-14 18:04:29",NULL,"2020-09-28 18:04:00","2020-09-28 17:38:34","Atlassian Confluence Cloud"
1495,6004,"Occasional Platypus",CLOSED,"2020-09-14 18:24:53",NULL,"2020-09-25 18:24:00","2020-09-28 18:35:45","Atlassian Confluence Cloud"
1489,5917,"#36 Last Sprint of Q1",CLOSED,"2020-09-16 22:48:32",NULL,"2020-09-28 22:48:00","2020-10-12 17:57:02","Atlassian Confluence Cloud"
1491,6102,"Postmodern Quail ? ?",CLOSED,"2020-09-28 18:36:36",NULL,"2020-10-09 18:36:00","2020-10-09 18:45:17","Atlassian Confluence Cloud"
1487,6146,"? ‽ Quixotic Rabbit",ACTIVE,"2020-10-09 19:01:16",NULL,"2020-10-23 08:33:00",NULL,"Atlassian Confluence Cloud"
1486,6148,"Holding the Fort",ACTIVE,"2020-10-12 17:47:30",NULL,"2020-10-26 17:47:00",NULL,"Atlassian Confluence Cloud"
1492,6151,"Easter Island",ACTIVE,"2020-10-12 22:26:54",NULL,"2020-10-24 12:21:00",NULL,"Atlassian Confluence Cloud"
2045,5157,Seventeen,FUTURE,NULL,NULL,NULL,NULL,"Atlassian Confluence Server"
2289,2201,"Enterprise is back",FUTURE,NULL,NULL,NULL,NULL,"Atlassian Confluence Server"
2356,3677,"0 Blast off - Mar 13-17 - SYD",FUTURE,NULL,NULL,NULL,NULL,"Atlassian Confluence Server"
2384,3640,"2 Bug fixes - Feb 27- Mar 3",FUTURE,NULL,NULL,NULL,NULL,"Atlassian Confluence Server"
2478,3648,"1 Cleanup tasks - Mar 6-10",FUTURE,NULL,NULL,NULL,NULL,"Atlassian Confluence Server"
2171,46,"Sprint 1",CLOSED,"2012-06-05 02:43:00",NULL,"2012-06-19 04:32:00","2012-06-18 04:41:03","Atlassian Confluence Server"
2493,52,"Sprint 2",CLOSED,"2012-06-13 05:13:52",NULL,"2012-06-26 05:13:52","2012-06-19 04:31:04","Atlassian Confluence Server"
2163,56,"Sprint 2 - TEAMCAL 2.4",CLOSED,"2012-06-18 05:11:14",NULL,"2012-08-09 05:11:00","2012-08-10 00:07:15","Atlassian Confluence Server"
2512,61,"Sprint 3",CLOSED,"2012-06-19 04:47:50",NULL,"2012-06-26 04:47:50","2012-06-26 06:11:23","Atlassian Confluence Server"
2484,86,"Sprint 9",CLOSED,"2012-07-09 12:33:48",NULL,"2012-07-17 12:33:48","2012-08-06 00:29:05","Atlassian Confluence Server"
2507,87,"Sprint 6",CLOSED,"2012-07-10 06:30:33",NULL,"2012-07-17 06:30:33","2012-07-24 06:05:54","Atlassian Confluence Server"
2527,95,4.2.12,CLOSED,"2012-07-17 04:05:50",NULL,"2012-07-27 04:05:50","2012-08-06 00:37:57","Atlassian Confluence Server"
2422,96,Spike,CLOSED,"2012-07-17 09:46:53",NULL,"2012-07-24 09:46:53","2012-07-17 09:47:16","Atlassian Confluence Server"
2503,108,"Sprint 7",CLOSED,"2012-07-24 06:46:52",NULL,"2012-07-31 06:46:52","2012-08-07 06:07:07","Atlassian Confluence Server"
2506,120,4.2.13,CLOSED,"2012-08-06 00:39:20",NULL,"2012-08-10 00:39:00","2012-08-10 01:38:00","Atlassian Confluence Server"
2485,124,"Editor Sprint 1",CLOSED,"2012-08-07 00:40:27",NULL,"2012-08-27 00:40:00","2012-08-28 01:14:43","Atlassian Confluence Server"
2510,128,"Sprint 8",CLOSED,"2012-08-07 10:23:15",NULL,"2012-08-13 10:23:15","2012-08-14 06:10:01","Atlassian Confluence Server"
2167,130,"Sprint 2 - TEAMCAL 2.5",CLOSED,"2012-08-10 00:11:56",NULL,"2012-09-14 00:11:00","2012-09-25 22:39:12","Atlassian Confluence Server"
2505,131,"Muppets Sprint 3",CLOSED,"2012-08-10 01:49:57",NULL,"2012-08-17 01:49:57","2012-08-20 01:08:11","Atlassian Confluence Server"
2515,136,"Sprint 9",CLOSED,"2012-08-14 06:33:18",NULL,"2012-08-21 06:33:18","2012-08-21 06:13:47","Atlassian Confluence Server"
2470,143,"Muppets Sprint 4",CLOSED,"2012-08-20 01:10:10",NULL,"2012-08-24 01:10:10","2012-08-24 01:39:10","Atlassian Confluence Server"
2487,152,"Editor Sprint 2",CLOSED,"2012-08-28 01:30:00",NULL,"2012-09-11 04:30:00","2012-09-11 00:32:15","Atlassian Confluence Server"
2481,154,"Sprint 11",CLOSED,"2012-08-28 06:26:52",NULL,"2012-09-04 06:26:52","2012-09-05 22:56:07","Atlassian Confluence Server"
2524,163,"Muppets Sprint 4",CLOSED,"2012-09-03 00:26:12",NULL,"2012-09-07 00:26:12","2012-09-17 05:46:34","Atlassian Confluence Server"
2488,173,"Editor Sprint 3",CLOSED,"2012-09-11 00:43:26",NULL,"2012-09-25 00:43:26","2012-10-08 23:38:22","Atlassian Confluence Server"
2518,174,"Sprint 13",CLOSED,"2012-09-11 06:27:45",NULL,"2012-09-18 06:27:45","2012-09-18 06:16:31","Atlassian Confluence Server"
2504,183,"Muppets Sprint 5",CLOSED,"2012-09-18 23:49:03",NULL,"2012-09-30 23:49:03","2012-09-18 23:49:21","Atlassian Confluence Server"
2501,184,"Muppets Sprint 6",CLOSED,"2012-09-18 23:54:22",NULL,"2012-09-20 23:54:22","2012-09-21 01:39:15","Atlassian Confluence Server"
2491,192,"Sprint 15",CLOSED,"2012-09-25 06:19:59",NULL,"2012-10-02 07:19:59","2012-10-02 06:12:12","Atlassian Confluence Server"
2169,194,"Sprint 2 - TEAMCAL 2.6",CLOSED,"2012-09-25 22:40:10",NULL,"2012-10-09 22:40:10","2012-10-28 23:36:08","Atlassian Confluence Server"
2502,198,"Sprint 16",CLOSED,"2012-10-02 06:26:50",NULL,"2012-10-09 06:26:50","2012-10-09 05:05:46","Atlassian Confluence Server"
2497,202,"Muppets Sprint 8",CLOSED,"2012-10-05 01:42:51",NULL,"2012-10-12 01:42:51","2012-10-12 00:35:26","Atlassian Confluence Server"
2486,206,"Editor Sprint 4",CLOSED,"2012-10-08 23:48:48",NULL,"2012-10-22 23:01:48","2012-11-05 23:43:55","Atlassian Confluence Server"
2499,217,"Muppets Sprint 9",CLOSED,"2012-10-12 04:01:03",NULL,"2012-10-19 04:01:00","2012-12-10 02:50:33","Atlassian Confluence Server"
2500,223,"Sprint 18",CLOSED,"2012-10-16 05:32:42",NULL,"2012-10-23 05:32:42","2012-10-23 05:13:34","Atlassian Confluence Server"
2165,239,"TEAMCAL 3.0 - Timeline Juice",CLOSED,"2012-10-28 23:37:40",NULL,"2012-12-10 00:37:00","2012-12-09 23:50:46","Atlassian Confluence Server"
2489,255,"Editor Sprint 5",CLOSED,"2012-11-05 23:49:12",NULL,"2012-11-19 23:49:12","2012-11-16 03:26:37","Atlassian Confluence Server"
2495,266,"Sprint 22",CLOSED,"2012-11-13 05:57:13",NULL,"2012-11-20 05:57:13","2012-11-20 05:09:31","Atlassian Confluence Server"
2483,269,"Editor Sprint 6",CLOSED,"2012-11-16 03:34:36",NULL,"2012-12-04 03:34:36","2012-12-04 02:17:39","Atlassian Confluence Server"
2477,295,"Enterprise Sprint 3",CLOSED,"2012-12-05 05:46:00",NULL,"2012-12-18 05:46:00","2013-03-19 04:56:50","Atlassian Confluence Server"
2170,304,"TEAMCAL 3.1",CLOSED,"2012-12-10 00:08:25",NULL,"2013-02-08 00:08:00","2013-02-21 02:43:01","Atlassian Confluence Server"
2517,313,"Editor Sprint 8",CLOSED,"2012-12-13 22:27:44",NULL,"2012-12-17 22:27:44","2012-12-18 00:05:31","Atlassian Confluence Server"
2509,318,"Editor Sprint 9 - Jingle Bells",CLOSED,"2012-12-18 00:05:56",NULL,"2013-01-01 00:05:56","2013-01-07 23:29:28","Atlassian Confluence Server"
2519,340,"Editor Sprint 10 - Resolutions",CLOSED,"2013-01-07 23:52:56",NULL,"2013-01-14 23:52:56","2013-02-06 01:48:32","Atlassian Confluence Server"
2439,351,"Kung Foo Ants - 5.0.1",CLOSED,"2013-01-15 03:50:22",NULL,"2013-01-22 03:50:22","2013-02-26 02:12:32","Atlassian Confluence Server"
2325,393,"5.0.x Sprint 1",CLOSED,"2013-02-19 04:34:42",NULL,"2013-03-05 04:34:42","2013-03-05 03:46:36","Atlassian Confluence Server"
2184,396,"3.2 - Makin' it faster & i18n",CLOSED,"2013-02-21 02:45:11",NULL,"2013-03-29 02:45:11","2013-05-14 00:14:18","Atlassian Confluence Server"
2476,422,"Core Sprint 0",CLOSED,"2013-03-03 22:00:00",NULL,"2013-03-28 06:00:00","2013-04-08 06:07:57","Atlassian Confluence Server"
2474,412,"5.0.x Sprint 2",CLOSED,"2013-03-05 03:58:51",NULL,"2013-03-19 02:58:51","2013-03-19 03:58:33","Atlassian Confluence Server"
2516,420,"Editor - Delicious Bacon 3",CLOSED,"2013-03-12 03:15:09",NULL,"2013-03-29 07:15:09","2013-03-19 01:17:19","Atlassian Confluence Server"
2479,421,"Team Black - Sprint 2",CLOSED,"2013-03-12 04:00:00",NULL,"2013-03-26 03:00:00","2013-03-26 03:31:10","Atlassian Confluence Server"
2473,430,"Editor - Enough Bacon 1",CLOSED,"2013-03-19 03:24:26",NULL,"2013-03-29 06:24:26","2013-04-02 02:34:43","Atlassian Confluence Server"
2471,431,"5.1.x Sprint 1",CLOSED,"2013-03-19 04:10:47",NULL,"2013-04-02 04:10:47","2013-04-02 03:41:39","Atlassian Confluence Server"
2178,443,"Team Black - Sprint 3",CLOSED,"2013-03-26 03:36:58",NULL,"2013-04-09 03:36:58","2013-04-09 03:59:08","Atlassian Confluence Server"
2468,448,"2nd Apr Schnitzel",CLOSED,"2013-04-02 02:35:15",NULL,"2013-04-10 02:35:00","2013-04-09 07:03:02","Atlassian Confluence Server"
2467,449,"5.1.x Sprint 2",CLOSED,"2013-04-02 03:43:20",NULL,"2013-04-16 03:43:20","2013-04-16 04:42:18","Atlassian Confluence Server"
2475,466,"Editor - Enough Bacon 3",CLOSED,"2013-04-09 07:18:17",NULL,"2013-04-14 07:18:17","2013-04-16 00:45:15","Atlassian Confluence Server"
2455,470,"Mobile Wins Sprint 1",ACTIVE,"2013-04-10 04:36:11",NULL,"2013-05-07 04:36:00",NULL,"Atlassian Confluence Server"
2472,477,"Page Layouts 2 - Sprint 1",CLOSED,"2013-04-16 01:23:49",NULL,"2013-04-23 01:23:49","2013-04-23 00:10:50","Atlassian Confluence Server"
2464,478,"5.1.x Sprint 3",CLOSED,"2013-04-16 04:44:51",NULL,"2013-04-30 04:44:51","2013-04-30 05:41:28","Atlassian Confluence Server"
2452,486,"Search Wins Sprint 4",CLOSED,"2013-04-22 05:14:04",NULL,"2013-04-29 05:14:04","2013-06-03 11:29:57","Atlassian Confluence Server"
2466,490,"Page Layouts 2 - Sprint 2",CLOSED,"2013-04-23 03:46:36",NULL,"2013-04-30 03:46:36","2013-04-30 00:15:59","Atlassian Confluence Server"
2454,500,"5.1.x Sprint 4",CLOSED,"2013-04-30 05:41:59",NULL,"2013-05-14 05:41:59","2013-05-15 01:16:57","Atlassian Confluence Server"
2465,508,"Page Layouts 2 - Sprint 4",CLOSED,"2013-05-07 01:00:45",NULL,"2013-05-14 01:00:45","2013-05-14 00:29:03","Atlassian Confluence Server"
2185,518,"3.2.1 - Dark RSVP & Bug Fix",CLOSED,"2013-05-14 00:16:29",NULL,"2013-05-20 00:16:00","2013-05-21 07:26:17","Atlassian Confluence Server"
2451,523,"5.1.x Sprint 5",CLOSED,"2013-05-15 01:17:30",NULL,"2013-05-29 01:17:30","2013-05-28 05:22:47","Atlassian Confluence Server"
2463,542,"Page Layouts 2 - Sprint 7",CLOSED,"2013-05-28 00:52:01",NULL,"2013-06-04 00:52:01","2013-06-04 00:25:32","Atlassian Confluence Server"
2449,545,"Sidebar V2 Sprint 1",CLOSED,"2013-05-28 05:54:41",NULL,"2013-06-11 05:54:41","2013-06-11 05:35:21","Atlassian Confluence Server"
2421,560,"Thunder 6",CLOSED,"2013-06-07 04:09:36",NULL,"2013-06-24 04:09:00","2013-06-26 04:56:29","Atlassian Confluence Server"
2450,564,"Sidebar V2 Sprint 2",CLOSED,"2013-06-11 05:51:04",NULL,"2013-06-18 05:51:04","2013-06-18 04:58:55","Atlassian Confluence Server"
2458,579,"Sidebar V2 Sprint 3",CLOSED,"2013-06-18 05:14:11",NULL,"2013-06-25 05:14:11","2013-06-25 04:59:39","Atlassian Confluence Server"
2492,580,"Enterprise Sprint 15",CLOSED,"2013-06-18 07:06:52",NULL,"2013-07-02 07:06:52","2013-07-04 06:44:09","Atlassian Confluence Server"
2448,588,"Sidebar V2 Sprint 4",CLOSED,"2013-06-25 05:19:51",NULL,"2013-07-09 05:19:51","2013-07-02 05:11:22","Atlassian Confluence Server"
2459,590,"Thunder 7",CLOSED,"2013-06-26 05:04:25",NULL,"2013-07-08 05:04:25","2013-07-08 06:15:35","Atlassian Confluence Server"
2521,610,"Thunder 8",CLOSED,"2013-07-08 06:13:24",NULL,"2013-07-22 06:13:24","2013-07-22 07:12:16","Atlassian Confluence Server"
2496,617,"Core Sprint 8",CLOSED,"2013-07-10 05:51:11",NULL,"2013-07-24 05:51:11","2013-07-24 05:43:18","Atlassian Confluence Server"
2461,623,"Page Layouts 2 Sprint 13",CLOSED,"2013-07-16 00:31:54",NULL,"2013-07-18 00:31:54","2013-07-28 23:40:41","Atlassian Confluence Server"
2443,625,"Sidebar V2 Sprint 7",CLOSED,"2013-07-16 05:08:26",NULL,"2013-07-23 05:08:26","2013-07-23 05:13:08","Atlassian Confluence Server"
2441,627,"Enterprise Sprint 17",CLOSED,"2013-07-19 05:53:00",NULL,"2013-08-01 05:53:00","2013-08-06 01:35:05","Atlassian Confluence Server"
2444,634,"Thunder 9",CLOSED,"2013-07-22 07:10:42",NULL,"2013-08-05 07:10:42","2013-08-05 05:30:49","Atlassian Confluence Server"
2419,641,"Core Sprint 9",CLOSED,"2013-07-24 06:00:49",NULL,"2013-08-07 06:00:49","2013-08-07 06:51:44","Atlassian Confluence Server"
2446,644,"Editor Sprint 1",CLOSED,"2013-07-29 03:50:53",NULL,"2013-08-07 03:50:53","2013-08-08 00:24:56","Atlassian Confluence Server"
2447,662,"Thunder 10",CLOSED,"2013-08-05 05:42:38",NULL,"2013-08-19 05:42:38","2013-08-19 08:13:12","Atlassian Confluence Server"
2434,665,"Galaxy - Sprint 4",CLOSED,"2013-08-05 09:37:54",NULL,"2013-08-19 09:37:54","2013-08-19 08:21:02","Atlassian Confluence Server"
2432,667,"Enterprise Sprint 18",CLOSED,"2013-08-06 01:40:53",NULL,"2013-08-20 01:40:53","2013-08-28 00:10:31","Atlassian Confluence Server"
2436,668,"Unveiling a less random banner",CLOSED,"2013-08-06 05:16:03",NULL,"2013-08-13 05:16:03","2013-08-13 07:38:35","Atlassian Confluence Server"
2437,669,"Core Sprint 10",CLOSED,"2013-08-07 06:52:08",NULL,"2013-08-21 06:52:08","2013-08-21 05:25:33","Atlassian Confluence Server"
2445,673,"Editor 5.3 sprint 2",CLOSED,"2013-08-12 01:52:48",NULL,"2013-08-21 01:52:48","2013-08-27 00:38:35","Atlassian Confluence Server"
2435,678,"It's not a bug!",CLOSED,"2013-08-13 07:51:48",NULL,"2013-08-20 07:51:48","2013-08-20 05:27:05","Atlassian Confluence Server"
2181,533,"4.0 - Custom Events 4u",CLOSED,"2013-08-19 07:30:00",NULL,"2013-08-30 07:30:00","2013-08-22 01:07:04","Atlassian Confluence Server"
2173,697,"Team Calendars 4.1",CLOSED,"2013-08-22 01:07:29",NULL,"2013-11-11 00:07:00","2013-12-02 03:05:13","Atlassian Confluence Server"
2374,776,"Enterprise Sprint 19",CLOSED,"2013-08-28 00:35:10",NULL,"2013-09-11 00:35:00","2013-09-10 06:13:29","Atlassian Confluence Server"
2438,777,"Thunder 12",CLOSED,"2013-09-02 07:43:26",NULL,"2013-09-16 07:43:00","2013-09-20 01:35:50","Atlassian Confluence Server"
2433,789,"Galaxy - Sprint 6",CLOSED,"2013-09-03 05:22:46",NULL,"2013-09-16 05:22:00","2013-09-16 09:19:37","Atlassian Confluence Server"
2460,791,"Thundering On",CLOSED,"2013-09-03 08:28:30",NULL,"2013-09-10 08:28:00","2013-09-10 04:57:52","Atlassian Confluence Server"
2427,798,"Editor 5.3 sprint 4",CLOSED,"2013-09-09 07:06:48",NULL,"2013-09-18 07:06:00","2013-09-18 04:10:30","Atlassian Confluence Server"
2429,805,"Crippling the Doc Theme",CLOSED,"2013-09-10 05:18:49",NULL,"2013-09-17 05:18:00","2013-09-17 06:09:09","Atlassian Confluence Server"
2430,807,"Enterprise Sprint 20",CLOSED,"2013-09-10 06:14:37",NULL,"2013-09-24 06:14:00","2013-09-19 02:00:09","Atlassian Confluence Server"
2425,812,"Galaxy - Sprint 7",CLOSED,"2013-09-17 06:35:06",NULL,"2013-09-30 06:35:00","2013-09-30 09:00:01","Atlassian Confluence Server"
2160,799,"summit sprint 3 (polish)",CLOSED,"2013-09-18 07:01:13",NULL,"2013-09-25 07:01:00","2013-09-25 06:29:42","Atlassian Confluence Server"
2420,827,"Enterprise Sprint 21",CLOSED,"2013-09-19 02:11:51",NULL,"2013-10-03 02:11:00","2013-09-25 04:54:31","Atlassian Confluence Server"
2453,804,Cleanup,CLOSED,"2013-09-23 07:12:35",NULL,"2013-09-30 08:12:00","2013-10-08 03:13:05","Atlassian Confluence Server"
2428,842,"Notifications API Sprint 2",CLOSED,"2013-09-24 05:08:05",NULL,"2013-10-08 05:08:00","2013-10-08 03:55:46","Atlassian Confluence Server"
2417,844,"Enterprise Sprint 22",CLOSED,"2013-09-25 05:31:29",NULL,"2013-10-04 06:31:00","2013-10-09 22:55:43","Atlassian Confluence Server"
2418,849,"Galaxy - Sprint 8",CLOSED,"2013-09-30 09:01:06",NULL,"2013-10-14 09:01:00","2013-10-14 06:49:20","Atlassian Confluence Server"
2164,858,"Welcome VN Team Sprint!",CLOSED,"2013-10-01 03:34:34",NULL,"2013-10-15 03:34:00","2013-10-21 03:23:08","Atlassian Confluence Server"
2513,857,Xavi,CLOSED,"2013-10-01 05:15:17",NULL,"2013-10-08 05:15:00","2013-10-08 03:49:22","Atlassian Confluence Server"
2424,870,"Editor 5.4 Sprint 1",CLOSED,"2013-10-08 00:09:00",NULL,"2013-10-16 00:08:00","2013-10-20 22:27:55","Atlassian Confluence Server"
2442,834,"Thunder 14",CLOSED,"2013-10-08 03:13:23",NULL,"2013-10-22 03:13:00","2013-10-14 23:46:05","Atlassian Confluence Server"
2456,873,"Bring on Summit 2014 and Edith",CLOSED,"2013-10-08 04:06:40",NULL,"2013-10-15 04:06:00","2013-10-15 04:40:13","Atlassian Confluence Server"
2388,862,"Notifications API Sprint 3",CLOSED,"2013-10-08 04:16:22",NULL,"2013-10-22 04:16:00","2013-11-07 00:29:23","Atlassian Confluence Server"
2416,877,"Enterprise Sprint 23",CLOSED,"2013-10-08 23:31:36",NULL,"2013-10-21 23:31:00","2013-10-22 00:17:58","Atlassian Confluence Server"
2218,875,"Sprint 9",CLOSED,"2013-10-09 06:05:40",NULL,"2013-10-16 05:00:00","2013-10-16 05:02:27","Atlassian Confluence Server"
2413,887,"Thunder 15",CLOSED,"2013-10-14 23:46:28",NULL,"2013-10-27 23:46:00","2013-11-04 05:52:09","Atlassian Confluence Server"
2210,889,"Sprint 10",CLOSED,"2013-10-16 05:19:57",NULL,"2013-10-23 05:19:00","2013-10-23 05:40:47","Atlassian Confluence Server"
2412,895,"Editor 5.4 Sprint 2",CLOSED,"2013-10-21 03:00:08",NULL,"2013-10-30 03:00:00","2013-10-30 22:30:48","Atlassian Confluence Server"
2409,902,"Enterprise Sprint 23",CLOSED,"2013-10-22 00:23:46",NULL,"2013-11-05 00:23:00","2013-10-31 01:19:22","Atlassian Confluence Server"
2159,905,"Sprint 11",CLOSED,"2013-10-23 05:55:28",NULL,"2013-10-30 05:55:00","2013-10-30 05:40:08","Atlassian Confluence Server"
2301,846,"Hobbits Sprint 0",CLOSED,"2013-10-28 04:32:00",NULL,"2013-11-08 04:32:00","2013-11-11 10:32:25","Atlassian Confluence Server"
2410,908,"Muppets - Thunder 16",CLOSED,"2013-10-28 05:52:10",NULL,"2013-11-11 05:52:00","2013-11-17 23:23:16","Atlassian Confluence Server"
2414,906,"Galaxy - Sprint 10",CLOSED,"2013-10-28 08:28:13",NULL,"2013-11-11 08:28:00","2013-11-11 06:44:38","Atlassian Confluence Server"
2403,922,"Enterprise Sprint 24",CLOSED,"2013-10-31 02:24:16",NULL,"2013-11-14 02:24:00","2013-11-25 23:27:13","Atlassian Confluence Server"
2462,926,"Editor 5.4 Sprint 3",CLOSED,"2013-11-04 00:25:06",NULL,"2013-11-18 00:25:00","2013-11-17 22:25:01","Atlassian Confluence Server"
2406,930,"Dev Services 4",CLOSED,"2013-11-04 04:06:14",NULL,"2013-11-18 04:06:00","2013-11-25 04:25:56","Atlassian Confluence Server"
2155,921,"Sprint 13",CLOSED,"2013-11-06 06:09:38",NULL,"2013-11-13 06:09:00","2013-11-13 05:23:26","Atlassian Confluence Server"
2411,938,"Notifications API Sprint 4",CLOSED,"2013-11-07 01:02:23",NULL,"2013-11-19 01:02:00","2013-11-19 04:31:06","Atlassian Confluence Server"
2294,939,"Warranty bugs",CLOSED,"2013-11-07 05:45:16",NULL,"2013-12-31 05:45:00","2014-08-06 03:25:27","Atlassian Confluence Server"
2407,940,"Galaxy - Sprint 11",CLOSED,"2013-11-11 10:04:49",NULL,"2013-11-25 10:04:00","2013-11-25 06:38:00","Atlassian Confluence Server"
2197,945,"Sprint 14",CLOSED,"2013-11-13 05:59:56",NULL,"2013-11-20 05:59:00","2013-11-20 05:33:47","Atlassian Confluence Server"
2395,954,"Editor 5.4 Sprint 4",CLOSED,"2013-11-17 22:46:30",NULL,"2013-11-29 22:46:00","2013-11-27 03:12:43","Atlassian Confluence Server"
2423,951,"Muppets - Thunder 17",CLOSED,"2013-11-17 23:23:29",NULL,"2013-12-01 23:23:00","2014-01-09 02:52:38","Atlassian Confluence Server"
2199,970,"Sprint 15",CLOSED,"2013-11-20 05:59:55",NULL,"2013-11-27 05:59:00","2013-11-27 05:49:19","Atlassian Confluence Server"
2401,949,"Galaxy - Sprint 12",CLOSED,"2013-11-25 07:25:53",NULL,"2013-12-09 07:25:00","2013-12-09 06:52:30","Atlassian Confluence Server"
2402,979,"Enterprise Sprint 25",CLOSED,"2013-11-26 00:03:46",NULL,"2013-12-10 00:03:00","2013-12-11 00:07:51","Atlassian Confluence Server"
2209,987,"Sprint 16",CLOSED,"2013-11-27 06:07:32",NULL,"2013-12-04 06:07:00","2013-12-04 05:23:29","Atlassian Confluence Server"
2183,929,"Team Calendars 4.1.2",CLOSED,"2013-12-02 03:22:14",NULL,"2013-12-16 03:22:00","2013-12-09 03:04:22","Atlassian Confluence Server"
2172,986,"4.2 - Performance/AO Migration",CLOSED,"2013-12-02 03:22:22",NULL,"2013-12-16 03:22:00","2014-04-07 03:38:51","Atlassian Confluence Server"
2399,985,"Notifications API Sprint 6",CLOSED,"2013-12-03 04:20:10",NULL,"2013-12-17 04:20:00","2014-01-15 02:52:22","Atlassian Confluence Server"
2400,996,Hungover,CLOSED,"2013-12-03 04:26:03",NULL,"2013-12-10 04:26:00","2013-12-10 04:10:55","Atlassian Confluence Server"
2207,1000,"Sprint 17",CLOSED,"2013-12-03 20:38:27",NULL,"2013-12-10 20:38:00","2013-12-11 04:40:01","Atlassian Confluence Server"
2276,978,"Galaxy - Sprint 13",CLOSED,"2013-12-09 07:07:04",NULL,"2013-12-23 07:07:00","2013-12-23 06:41:04","Atlassian Confluence Server"
2397,1013,"Pest Control",CLOSED,"2013-12-10 04:11:32",NULL,"2013-12-17 04:11:00","2013-12-17 04:24:28","Atlassian Confluence Server"
2394,1016,"Enterprise Sprint 26",CLOSED,"2013-12-11 00:28:53",NULL,"2013-12-24 00:28:00","2014-01-06 00:45:03","Atlassian Confluence Server"
2156,1018,"Sprint 18",CLOSED,"2013-12-11 05:54:00",NULL,"2013-12-18 05:53:00","2013-12-18 05:23:17","Atlassian Confluence Server"
2405,1019,"5.5 Sprint 2",CLOSED,"2013-12-15 22:57:57",NULL,"2013-12-23 22:57:00","2013-12-29 22:10:42","Atlassian Confluence Server"
2398,1017,"Doraemon - Sprint 12",CLOSED,"2013-12-16 02:10:24",NULL,"2013-12-23 02:10:00","2013-12-23 04:36:50","Atlassian Confluence Server"
2211,1033,"Sprint 19",CLOSED,"2013-12-18 06:00:54",NULL,"2014-01-07 06:00:00","2014-01-08 05:06:03","Atlassian Confluence Server"
2010,1036,"Core Sprint 18",CLOSED,"2013-12-20 03:24:00",NULL,"2014-01-15 03:23:00","2014-01-15 05:17:41","Atlassian Confluence Server"
2396,1037,"Dokodemo door - hardening",CLOSED,"2013-12-23 04:48:48",NULL,"2013-12-30 04:48:00","2013-12-30 05:26:07","Atlassian Confluence Server"
2404,1029,"Galaxy - Sprint 14",CLOSED,"2013-12-23 07:53:40",NULL,"2014-01-06 07:53:00","2014-01-06 08:14:32","Atlassian Confluence Server"
2415,1048,"Enterprise Sprint 2014-01",CLOSED,"2014-01-06 01:06:58",NULL,"2014-01-20 01:06:00","2014-01-20 23:57:39","Atlassian Confluence Server"
2393,1053,"Galaxy - Sprint 15",CLOSED,"2014-01-06 08:19:27",NULL,"2014-01-20 08:19:00","2014-01-20 06:32:15","Atlassian Confluence Server"
2392,1058,"Sprint 20",CLOSED,"2014-01-08 06:01:23",NULL,"2014-01-15 06:01:00","2014-01-15 05:33:34","Atlassian Confluence Server"
2389,1041,"5.5 Sprint 4",CLOSED,"2014-01-12 22:30:45",NULL,"2014-01-22 22:30:00","2014-01-22 03:19:09","Atlassian Confluence Server"
2006,1080,"API - Connect 1.0 - Sprint 1",CLOSED,"2014-01-15 22:00:24",NULL,"2014-01-29 04:00:00","2014-01-29 04:38:56","Atlassian Confluence Server"
2514,1082,"Doraemon - Camping capsule",CLOSED,"2014-01-20 04:21:43",NULL,"2014-01-28 04:21:00","2014-02-10 04:09:00","Atlassian Confluence Server"
2498,1089,"Mobile sprint 1",CLOSED,"2014-01-20 05:55:16",NULL,"2014-02-03 05:55:00","2014-01-28 04:55:09","Atlassian Confluence Server"
2520,1094,"Galaxy - Sprint 16",CLOSED,"2014-01-20 07:36:05",NULL,"2014-02-10 07:36:00","2014-02-10 08:08:22","Atlassian Confluence Server"
2154,1100,"Sprint 22",CLOSED,"2014-01-23 03:52:40",NULL,"2014-01-30 03:52:00","2014-01-29 05:46:00","Atlassian Confluence Server"
2386,1099,"5.5 Sprint 5",CLOSED,"2014-01-28 22:51:05",NULL,"2014-02-04 22:51:00","2014-02-05 23:46:53","Atlassian Confluence Server"
2008,1108,"API - Connect 1.0 - Sprint 2",CLOSED,"2014-01-29 04:48:47",NULL,"2014-02-12 04:48:00","2014-02-19 06:17:17","Atlassian Confluence Server"
2480,1115,"Notifications API Sprint 9",CLOSED,"2014-02-04 07:18:00",NULL,"2014-02-25 07:18:00","2014-02-25 04:37:14","Atlassian Confluence Server"
2201,1126,"Sprint 24",CLOSED,"2014-02-05 06:11:42",NULL,"2014-02-12 06:11:00","2014-02-12 04:47:28","Atlassian Confluence Server"
2383,1133,"5.5 Sprint 6",CLOSED,"2014-02-09 23:31:57",NULL,"2014-02-18 23:31:00","2014-02-19 02:28:09","Atlassian Confluence Server"
2385,1136,"Doraemon - Gyro Capsule",CLOSED,"2014-02-10 06:17:22",NULL,"2014-02-17 06:17:00","2014-02-17 04:13:18","Atlassian Confluence Server"
2391,1138,"Galaxy - Sprint 17",CLOSED,"2014-02-10 08:12:26",NULL,"2014-02-24 08:12:00","2014-02-24 05:04:48","Atlassian Confluence Server"
2382,1142,"Turn it off and on again",CLOSED,"2014-02-11 04:52:43",NULL,"2014-02-18 04:52:00","2014-02-18 04:09:06","Atlassian Confluence Server"
2153,1144,"Sprint 25",CLOSED,"2014-02-12 05:20:51",NULL,"2014-02-19 05:20:00","2014-02-19 05:42:11","Atlassian Confluence Server"
2482,1148,"Rainbow Venom",CLOSED,"2014-02-18 04:11:29",NULL,"2014-02-25 04:11:00","2014-02-25 04:00:23","Atlassian Confluence Server"
2387,1152,"Muppets - Thunder 20",CLOSED,"2014-02-18 05:33:06",NULL,"2014-03-07 05:33:00","2014-03-07 05:53:18","Atlassian Confluence Server"
2215,1153,"Sprint 26",CLOSED,"2014-02-19 06:18:42",NULL,"2014-02-26 06:18:00","2014-03-06 03:43:51","Atlassian Confluence Server"
2379,1149,"5.5 Sprint 7",CLOSED,"2014-02-23 22:35:27",NULL,"2014-03-04 22:35:00","2014-03-05 02:41:17","Atlassian Confluence Server"
2381,1161,"Galaxy Sprint 18",CLOSED,"2014-02-24 06:56:58",NULL,"2014-03-10 06:56:00","2014-03-10 05:41:33","Atlassian Confluence Server"
2378,1176,"So you think you can dev?",CLOSED,"2014-03-04 04:20:50",NULL,"2014-03-11 04:20:00","2014-03-11 03:58:21","Atlassian Confluence Server"
2198,1180,"Sprint 27",CLOSED,"2014-03-06 04:59:03",NULL,"2014-03-12 04:59:00","2014-03-13 03:12:56","Atlassian Confluence Server"
2377,1188,"Galaxy - Sprint 19",CLOSED,"2014-03-10 02:26:58",NULL,"2014-03-24 02:26:00","2014-03-24 05:52:08","Atlassian Confluence Server"
2508,1195,"Notifications API - Sprint 11",CLOSED,"2014-03-11 04:51:43",NULL,"2014-03-25 04:51:00","2014-04-09 03:10:12","Atlassian Confluence Server"
2205,1203,"Sprint 28",CLOSED,"2014-03-13 03:20:21",NULL,"2014-03-19 03:20:00","2014-03-19 05:37:23","Atlassian Confluence Server"
2376,1245,"Enterprise Sprint - 2014-7",CLOSED,"2014-04-01 01:30:02",NULL,"2014-04-14 01:30:00","2014-04-15 02:36:13","Atlassian Confluence Server"
2219,1248,"Sprint 31",CLOSED,"2014-04-01 23:54:39",NULL,"2014-04-08 23:54:00","2014-04-09 00:04:08","Atlassian Confluence Server"
2494,1251,"Editor 5.6 Sprint 1",CLOSED,"2014-04-07 00:54:57",NULL,"2014-04-16 00:54:00","2014-04-16 04:00:29","Atlassian Confluence Server"
2176,1147,"4.2.1 - Performance cleanup",CLOSED,"2014-04-07 03:40:26",NULL,"2014-04-14 03:40:00","2014-04-28 02:47:40","Atlassian Confluence Server"
2375,1261,"Galaxy Sprint 21",CLOSED,"2014-04-07 08:03:32",NULL,"2014-04-21 08:03:00","2014-04-21 07:17:48","Atlassian Confluence Server"
2369,1277,"API - 5.6 Sprint 1",CLOSED,"2014-04-09 05:33:03",NULL,"2014-04-24 05:33:00","2014-05-02 01:18:00","Atlassian Confluence Server"
2179,1258,"4.2.2 - Code Health Week",CLOSED,"2014-04-14 03:51:00",NULL,"2014-04-21 03:51:00","2014-04-28 02:50:04","Atlassian Confluence Server"
2372,1291,"Enterprise Sprint - 2014-8",CLOSED,"2014-04-15 03:49:13",NULL,"2014-04-28 03:49:00","2014-04-30 06:23:12","Atlassian Confluence Server"
2220,1292,"Sprint 33",CLOSED,"2014-04-16 01:31:17",NULL,"2014-04-30 01:31:00","2014-04-30 00:11:24","Atlassian Confluence Server"
2168,1172,"4.3.0 - Event Type Change",CLOSED,"2014-04-21 03:52:00",NULL,"2014-04-28 03:52:00","2014-06-30 06:27:55","Atlassian Confluence Server"
2370,1296,"Hobbits - 12",CLOSED,"2014-04-21 05:04:39",NULL,"2014-05-05 05:04:00","2014-04-28 02:42:09","Atlassian Confluence Server"
2371,1299,"Muppets - T24",CLOSED,"2014-04-21 23:37:03",NULL,"2014-05-05 23:37:00","2014-05-11 23:35:25","Atlassian Confluence Server"
2368,1315,"API - 5.6 Sprint 2",CLOSED,"2014-05-02 06:46:29",NULL,"2014-05-07 06:46:00","2014-05-12 01:41:16","Atlassian Confluence Server"
2365,1318,"Galaxy Sprint 23",CLOSED,"2014-05-04 23:00:38",NULL,"2014-05-19 08:00:00","2014-05-19 07:43:01","Atlassian Confluence Server"
2158,1322,"Sprint 35",CLOSED,"2014-05-07 00:50:30",NULL,"2014-05-14 00:50:00","2014-05-14 00:35:56","Atlassian Confluence Server"
2390,1327,"Muppets - T25",CLOSED,"2014-05-11 23:34:55",NULL,"2014-05-25 23:34:00","2014-05-27 01:26:25","Atlassian Confluence Server"
2003,1330,"API - 5.6 Sprint 3",CLOSED,"2014-05-12 01:58:41",NULL,"2014-05-21 05:00:00","2014-05-26 01:46:17","Atlassian Confluence Server"
2457,1329,"Core features sprint 15",CLOSED,"2014-05-12 06:11:35",NULL,"2014-05-26 06:11:00","2014-05-28 00:19:33","Atlassian Confluence Server"
2367,1334,"Hobbits - T25",CLOSED,"2014-05-13 04:36:57",NULL,"2014-05-27 04:36:00","2014-05-26 07:57:17","Atlassian Confluence Server"
2196,1340,"Sprint 36",CLOSED,"2014-05-14 00:40:25",NULL,"2014-05-21 00:40:00","2014-05-21 00:41:10","Atlassian Confluence Server"
2216,1353,"Sprint 37",CLOSED,"2014-05-21 01:05:34",NULL,"2014-06-04 01:05:00","2014-05-28 00:30:51","Atlassian Confluence Server"
2007,1357,"API - 5.6 Sprint 4",CLOSED,"2014-05-26 01:57:44",NULL,"2014-06-04 05:00:00","2014-06-10 02:28:26","Atlassian Confluence Server"
2373,1358,"Hobbits - T26",CLOSED,"2014-05-26 08:36:52",NULL,"2014-06-09 08:36:00","2014-06-09 04:23:21","Atlassian Confluence Server"
2206,1375,"Sprint 39",CLOSED,"2014-06-04 04:44:44",NULL,"2014-06-11 04:44:00","2014-06-11 00:25:52","Atlassian Confluence Server"
2361,1384,"Muppets - T27",CLOSED,"2014-06-09 02:02:36",NULL,"2014-06-20 02:02:00","2014-06-24 05:33:04","Atlassian Confluence Server"
2359,1402,"Hobbits - T27 reopen",CLOSED,"2014-06-09 03:16:00",NULL,"2014-06-20 03:16:00","2014-06-23 04:08:04","Atlassian Confluence Server"
2005,1386,"API - 5.6 Sprint 5",CLOSED,"2014-06-10 05:31:32",NULL,"2014-06-18 05:31:00","2014-06-26 05:13:33","Atlassian Confluence Server"
2217,1387,"Sprint 40",CLOSED,"2014-06-11 00:58:34",NULL,"2014-06-18 00:58:00","2014-06-18 00:30:16","Atlassian Confluence Server"
2360,1379,"The Hank Effect",CLOSED,"2014-06-16 00:39:00",NULL,"2014-06-23 00:39:00","2014-06-23 00:20:32","Atlassian Confluence Server"
2357,1401,"Enterprise 2014-12",CLOSED,"2014-06-17 04:21:38",NULL,"2014-06-30 04:21:00","2014-07-02 05:24:03","Atlassian Confluence Server"
2161,1346,"4.4.0 - Disable Event Types",CLOSED,"2014-06-17 08:40:32",NULL,"2014-07-01 08:40:00","2014-06-30 06:30:40","Atlassian Confluence Server"
2204,1407,"Sprint 41",CLOSED,"2014-06-18 01:24:16",NULL,"2014-06-25 01:24:00","2014-06-25 00:40:29","Atlassian Confluence Server"
2362,1378,"33 - Time Furoshiki",CLOSED,"2014-06-20 06:42:15",NULL,"2014-06-27 06:42:00","2014-06-27 04:16:10","Atlassian Confluence Server"
2364,1420,"Muppets - T28",CLOSED,"2014-06-23 05:33:09",NULL,"2014-07-11 05:33:00","2014-07-04 04:46:40","Atlassian Confluence Server"
2358,1412,"Galaxy sprint 27",CLOSED,"2014-06-23 10:31:36",NULL,"2014-06-30 10:31:00","2014-06-30 07:15:11","Atlassian Confluence Server"
2180,1388,"5.0 - Custom Event Types",CLOSED,"2014-06-30 06:29:07",NULL,"2014-07-14 06:29:00","2014-09-22 02:31:07","Atlassian Confluence Server"
2208,1456,"Sprint 44",CLOSED,"2014-07-09 00:29:55",NULL,"2014-07-16 00:29:00","2014-07-16 00:26:58","Atlassian Confluence Server"
2157,1470,"Sprint 45",CLOSED,"2014-07-16 00:44:05",NULL,"2014-07-23 00:44:00","2014-07-23 00:27:42","Atlassian Confluence Server"
2349,1463,"Bug lightning",CLOSED,"2014-07-21 00:53:49",NULL,"2014-07-28 00:53:00","2014-07-28 00:25:50","Atlassian Confluence Server"
2009,1478,"API Sprint 8",CLOSED,"2014-07-21 02:04:15",NULL,"2014-07-30 05:04:00","2014-08-05 05:41:43","Atlassian Confluence Server"
2345,1455,"Muppets - OD-30",CLOSED,"2014-07-21 02:06:04",NULL,"2014-08-01 02:06:00","2014-08-03 23:06:40","Atlassian Confluence Server"
2355,1458,"Galaxy Sprint 31",CLOSED,"2014-07-21 07:31:20",NULL,"2014-07-28 07:31:00","2014-07-28 07:16:48","Atlassian Confluence Server"
2346,1474,"Two dogs with one caret",CLOSED,"2014-07-28 01:21:57",NULL,"2014-08-04 01:21:00","2014-08-04 00:17:59","Atlassian Confluence Server"
2350,1459,"Galaxy Sprint 32",CLOSED,"2014-07-28 07:33:02",NULL,"2014-08-04 07:33:00","2014-08-04 07:52:24","Atlassian Confluence Server"
2202,1499,"Sprint 47",CLOSED,"2014-07-30 00:51:42",NULL,"2014-08-06 00:51:00","2014-08-06 00:28:44","Atlassian Confluence Server"
2380,1508,"Enterprise 2014-16",CLOSED,"2014-08-05 04:55:33",NULL,"2014-08-19 04:55:00","2014-08-20 08:26:04","Atlassian Confluence Server"
2213,1528,"Sprint 49",CLOSED,"2014-08-13 02:25:22",NULL,"2014-08-20 02:25:00","2014-08-20 21:35:34","Atlassian Confluence Server"
2200,1537,"AAC Sprint",CLOSED,"2014-08-19 21:39:14",NULL,"2014-08-26 21:39:00","2014-08-27 00:26:37","Atlassian Confluence Server"
2347,1556,"Enterprise 2014-17",CLOSED,"2014-08-20 08:27:52",NULL,"2014-09-03 08:27:00","2014-09-03 02:44:50","Atlassian Confluence Server"
2212,1570,"Sessions Sprint 2",CLOSED,"2014-08-27 01:15:49",NULL,"2014-09-03 01:15:00","2014-09-03 00:27:33","Atlassian Confluence Server"
2166,1565,"5.1 - TC Tour & Bug fixed",CLOSED,"2014-08-27 08:51:41",NULL,"2014-09-10 08:51:00","2014-11-07 04:17:25","Atlassian Confluence Server"
2344,1577,"Warranty Bugs - OD-33",CLOSED,"2014-08-31 23:00:00",NULL,"2014-09-12 07:00:00","2015-07-15 01:39:03","Atlassian Confluence Server"
2341,1559,atlassian-selenium,CLOSED,"2014-09-01 01:12:07",NULL,"2014-09-08 01:12:00","2014-09-08 00:26:43","Atlassian Confluence Server"
2340,1587,"Enterprise 2014-18",CLOSED,"2014-09-03 02:45:27",NULL,"2014-09-23 02:45:00","2014-09-22 07:46:06","Atlassian Confluence Server"
2203,1584,"Sessions Sprint 3",CLOSED,"2014-09-03 04:18:25",NULL,"2014-09-10 04:18:00","2014-10-03 05:37:37","Atlassian Confluence Server"
2363,1591,"Space to Room 1",CLOSED,"2014-09-04 02:01:42",NULL,"2014-09-12 07:00:00","2014-09-16 03:48:17","Atlassian Confluence Server"
2342,1560,"Kill 1 token with 2 weeks",CLOSED,"2014-09-08 00:47:25",NULL,"2014-09-22 00:47:00","2014-09-22 00:36:23","Atlassian Confluence Server"
2343,1616,"Core API Sprint 12",CLOSED,"2014-09-15 02:00:37",NULL,"2014-09-26 02:00:00","2014-09-29 01:39:02","Atlassian Confluence Server"
2352,1626,"Muppets - OD-34-B",CLOSED,"2014-09-22 00:42:17",NULL,"2014-09-26 07:30:00","2014-09-26 02:27:32","Atlassian Confluence Server"
2337,1633,"Galaxy - Sprint 40",CLOSED,"2014-09-22 07:41:22",NULL,"2014-09-29 07:41:00","2014-09-29 06:38:12","Atlassian Confluence Server"
2335,1642,"Core API Sprint 13",CLOSED,"2014-09-29 01:58:00",NULL,"2014-10-03 02:58:00","2014-10-13 00:41:01","Atlassian Confluence Server"
2525,1640,"Muppets - OD-35-A",CLOSED,"2014-09-29 06:33:00",NULL,"2014-10-03 07:33:00","2014-10-03 03:26:03","Atlassian Confluence Server"
2334,1643,"Hobbits - OD-35",CLOSED,"2014-09-29 07:53:49",NULL,"2014-10-13 07:53:00","2014-10-13 03:19:25","Atlassian Confluence Server"
2426,1652,"Space to Room Phase 1 Ship",CLOSED,"2014-09-30 03:45:12",NULL,"2014-10-10 03:45:00","2014-10-13 04:41:17","Atlassian Confluence Server"
2177,1654,"5.2 - Reminder",CLOSED,"2014-09-30 06:28:44",NULL,"2014-10-14 06:28:00","2015-03-18 07:08:50","Atlassian Confluence Server"
2431,1674,"Core APIs 14",CLOSED,"2014-10-13 03:18:05",NULL,"2014-10-27 03:18:00","2014-10-24 05:49:01","Atlassian Confluence Server"
2339,1698,"Enterprise 2014-21",CLOSED,"2014-10-21 03:48:47",NULL,"2014-11-03 03:48:00","2014-11-04 00:41:37","Atlassian Confluence Server"
2193,1701,"5.1.x - AUI update",CLOSED,"2014-10-22 07:05:56",NULL,"2014-11-05 07:05:00","2014-11-06 06:58:30","Atlassian Confluence Server"
2331,1703,"50 - Head of Gorgon",CLOSED,"2014-10-24 04:46:43",NULL,"2014-10-31 04:46:00","2014-10-31 04:29:36","Atlassian Confluence Server"
2330,1711,"Galaxy Sprint 45",CLOSED,"2014-10-27 07:13:37",NULL,"2014-11-03 07:13:00","2014-11-03 07:30:11","Atlassian Confluence Server"
2440,1725,"Enterprise 2014-22",CLOSED,"2014-11-04 00:43:49",NULL,"2014-11-17 00:43:00","2014-12-02 05:09:10","Atlassian Confluence Server"
2182,1730,"5.1.1x - Bug fixed",CLOSED,"2014-11-07 04:40:26",NULL,"2014-11-21 04:40:00","2014-12-07 07:08:51","Atlassian Confluence Server"
2333,1735,"Core OD-38",CLOSED,"2014-11-11 00:02:09",NULL,"2014-11-28 00:02:00","2014-11-23 22:50:51","Atlassian Confluence Server"
2004,1764,"Core OD-39",CLOSED,"2014-11-24 03:30:22",NULL,"2014-12-03 03:30:00","2014-12-08 00:12:31","Atlassian Confluence Server"
2327,1785,"Enterprise 2014-23",CLOSED,"2014-12-02 05:35:57",NULL,"2014-12-15 05:35:00","2014-12-16 00:06:00","Atlassian Confluence Server"
2190,1798,"5.1.2x: Bug fix",CLOSED,"2014-12-10 03:47:01",NULL,"2014-12-24 03:47:00","2014-12-21 08:41:23","Atlassian Confluence Server"
2323,1810,"Enterprise 2014-24",CLOSED,"2014-12-16 01:08:41",NULL,"2014-12-29 01:08:00","2015-01-06 02:23:50","Atlassian Confluence Server"
2324,1816,"Start your engines",CLOSED,"2014-12-19 04:11:55",NULL,"2015-01-02 04:11:00","2015-01-14 00:11:16","Atlassian Confluence Server"
2292,1446,Triaged,CLOSED,"2014-12-22 00:54:33",NULL,"2015-01-02 00:54:00","2014-12-22 06:16:57","Atlassian Confluence Server"
2326,1826,"Galaxy - Sprint 53",CLOSED,"2014-12-29 09:05:17",NULL,"2015-01-05 09:05:00","2015-01-05 07:17:12","Atlassian Confluence Server"
2328,1825,"58 - Special Wood",CLOSED,"2014-12-31 04:09:20",NULL,"2015-01-09 04:09:00","2015-01-09 08:28:26","Atlassian Confluence Server"
2523,1803,"Happy New Year!",CLOSED,"2015-01-05 00:27:02",NULL,"2015-01-19 00:27:00","2015-01-18 23:54:50","Atlassian Confluence Server"
2214,1780,"Hobbits - 5.8 backlog closed",CLOSED,"2015-01-19 06:24:44",NULL,"2015-02-09 06:24:00","2015-01-19 07:26:05","Atlassian Confluence Server"
2322,1877,"Hobbits - Files 5.8 week 1/3",CLOSED,"2015-01-19 06:25:21",NULL,"2015-02-02 06:25:00","2015-01-26 04:12:25","Atlassian Confluence Server"
2338,1883,"Enterprise 2014-26",CLOSED,"2015-01-20 01:54:16",NULL,"2015-02-02 01:54:00","2015-02-03 03:22:14","Atlassian Confluence Server"
2312,1891,"61 - Deep Sea Cream",CLOSED,"2015-01-22 23:01:05",NULL,"2015-02-05 23:01:00","2015-03-09 03:04:48","Atlassian Confluence Server"
2522,1899,"Core OD-43/44",CLOSED,"2015-01-27 05:35:37",NULL,"2015-02-10 05:35:00","2015-02-09 01:28:42","Atlassian Confluence Server"
2317,1828,"Muppets - OD-43",CLOSED,"2015-01-27 05:57:05",NULL,"2015-01-30 05:57:00","2015-02-03 03:39:42","Atlassian Confluence Server"
2175,1893,"5.2 - Performance improvement",CLOSED,"2015-01-28 07:37:18",NULL,"2015-02-11 07:37:00","2015-03-19 03:46:21","Atlassian Confluence Server"
2318,1868,"Galaxy Sprint 58",CLOSED,"2015-02-02 05:30:09",NULL,"2015-02-16 05:30:00","2015-03-09 06:00:36","Atlassian Confluence Server"
2316,1921,"Enterprise 2015-01",CLOSED,"2015-02-03 03:26:20",NULL,"2015-02-17 03:26:00","2015-02-18 05:03:53","Atlassian Confluence Server"
2320,1903,"Muppets - 5.7.1/OD-44",CLOSED,"2015-02-03 03:43:33",NULL,"2015-02-06 06:43:00","2015-02-06 04:05:56","Atlassian Confluence Server"
2310,1929,"Muppets - OD-43",CLOSED,"2015-02-09 10:00:00",NULL,"2015-02-13 06:10:00","2015-02-22 23:26:59","Atlassian Confluence Server"
2308,1963,"Enterprise 2015-2",CLOSED,"2015-02-18 05:07:58",NULL,"2015-03-04 05:07:00","2015-03-02 23:16:54","Atlassian Confluence Server"
2321,1973,"Muppets - OD-45",CLOSED,"2015-02-22 23:38:07",NULL,"2015-02-27 06:38:00","2015-07-15 01:39:15","Atlassian Confluence Server"
2315,1974,"Core OD 46/47",CLOSED,"2015-02-23 02:32:30",NULL,"2015-03-04 02:32:00","2015-03-10 00:20:11","Atlassian Confluence Server"
2314,2083,"Galaxy Sprint 63",CLOSED,"2015-03-02 04:32:58",NULL,"2015-04-03 04:32:00","2015-04-07 08:06:01","Atlassian Confluence Server"
2307,1987,"Enterprise 2015-3",CLOSED,"2015-03-02 22:00:21",NULL,"2015-03-16 07:00:00","2015-03-17 05:30:59","Atlassian Confluence Server"
2309,1995,"01 - Fansipan 2",CLOSED,"2015-03-09 03:06:39",NULL,"2015-03-13 03:06:00","2015-03-13 08:38:36","Atlassian Confluence Server"
2187,1892,"5.2.2x - Small improvement",CLOSED,"2015-03-09 06:27:22",NULL,"2015-03-23 06:27:00","2015-04-20 03:59:44","Atlassian Confluence Server"
2353,2009,"Core OD 48/49",CLOSED,"2015-03-10 01:08:29",NULL,"2015-03-18 01:08:00","2015-03-22 23:33:38","Atlassian Confluence Server"
2319,1960,"Solve for Xavi",CLOSED,"2015-03-16 01:21:10",NULL,"2015-03-30 01:21:00","2015-03-30 00:54:09","Atlassian Confluence Server"
2305,2019,"Enterprise 2015-4",CLOSED,"2015-03-17 05:32:13",NULL,"2015-03-30 06:32:00","2015-03-31 05:41:29","Atlassian Confluence Server"
2195,1905,"5.2.11 - Jira Reminder- phase1",CLOSED,"2015-03-18 08:06:00",NULL,"2015-04-01 08:06:00","2015-06-02 03:02:27","Atlassian Confluence Server"
2302,2057,"04 - Bukit Timah",CLOSED,"2015-03-20 03:43:33",NULL,"2015-03-27 03:43:00","2015-03-27 07:57:43","Atlassian Confluence Server"
2313,2074,"Enterprise 2015-5",CLOSED,"2015-03-31 05:42:43",NULL,"2015-04-13 07:42:00","2015-04-15 04:09:06","Atlassian Confluence Server"
2332,2090,"Core OD 50/52",CLOSED,"2015-04-07 03:36:44",NULL,"2015-04-29 02:45:00","2015-04-20 03:24:51","Atlassian Confluence Server"
2174,2087,"5.2.13 - Bug fix",CLOSED,"2015-04-08 03:41:02",NULL,"2015-04-22 03:41:00","2015-06-08 08:29:13","Atlassian Confluence Server"
2282,2171,"Hurricane Bruce 2",CLOSED,"2015-05-04 02:31:11",NULL,"2015-05-12 07:31:00","2015-05-13 02:12:02","Atlassian Confluence Server"
2311,1426,"10-Annamite range 2",CLOSED,"2015-05-08 03:12:00",NULL,"2015-05-15 03:12:00","2015-05-15 07:49:30","Atlassian Confluence Server"
2306,2183,"Sprint 9",CLOSED,"2015-05-08 09:03:52",NULL,"2015-05-15 09:03:00","2015-05-15 08:31:47","Atlassian Confluence Server"
2281,2199,"Hurricane Catherine",CLOSED,"2015-05-12 23:00:23",NULL,"2015-05-26 07:30:00","2015-06-22 00:16:31","Atlassian Confluence Server"
2300,2209,"11 - Annamite range 3",CLOSED,"2015-05-15 07:59:38",NULL,"2015-05-22 07:59:00","2015-05-25 13:28:39","Atlassian Confluence Server"
2298,2231,"Sprint 11",CLOSED,"2015-05-22 02:24:34",NULL,"2015-05-29 02:24:00","2015-06-08 03:06:26","Atlassian Confluence Server"
2295,2349,"Cloud Infrastructure SP13",CLOSED,"2015-06-01 02:35:33",NULL,"2015-06-08 02:35:00","2015-07-07 01:50:46","Atlassian Confluence Server"
2303,2260,"Core OD 56/57",CLOSED,"2015-06-01 06:29:09",NULL,"2015-06-12 08:45:00","2015-06-16 01:17:40","Atlassian Confluence Server"
2297,2233,Drive,CLOSED,"2015-06-09 00:57:43",NULL,"2015-06-23 00:57:00","2015-06-22 01:53:05","Atlassian Confluence Server"
2186,2279,"Bug fix - 5.2.14",CLOSED,"2015-06-09 06:23:51",NULL,"2015-06-13 06:23:00","2015-08-11 02:30:29","Atlassian Confluence Server"
2296,2306,"Galaxy sprint 72",CLOSED,"2015-06-15 08:07:18",NULL,"2015-06-22 08:07:00","2015-07-07 04:01:02","Atlassian Confluence Server"
2366,2200,"Hurricane Dylan",CLOSED,"2015-06-18 00:17:32",NULL,"2015-07-29 08:47:00","2015-08-10 04:11:33","Atlassian Confluence Server"
2526,2348,"Core OD 59/60",CLOSED,"2015-06-30 03:51:19",NULL,"2015-07-10 06:21:00","2015-07-13 04:09:24","Atlassian Confluence Server"
2293,2359,"17 - Marble Mountains",CLOSED,"2015-07-03 02:58:02",NULL,"2015-07-10 02:58:00","2015-07-10 07:42:12","Atlassian Confluence Server"
2291,2365,"DevOps Team SP22",CLOSED,"2015-07-06 05:14:54",NULL,"2015-07-17 07:44:00","2015-11-24 06:38:28","Atlassian Confluence Server"
2490,2390,"Galaxy - Sprint 76",CLOSED,"2015-07-13 03:48:11",NULL,"2015-07-20 03:48:00","2015-12-29 04:55:14","Atlassian Confluence Server"
2284,2421,"Sprint 19",CLOSED,"2015-07-27 03:18:32",NULL,"2015-07-31 03:18:00","2015-07-31 07:58:54","Atlassian Confluence Server"
2191,2469,"Team Calendar on Space v2",CLOSED,"2015-08-11 02:43:04",NULL,"2015-08-25 02:43:00","2015-08-24 03:14:41","Atlassian Confluence Server"
2299,2498,"Julie Andrews sprint",CLOSED,"2015-08-19 03:24:00",NULL,"2015-08-26 03:19:00","2015-08-26 01:59:04","Atlassian Confluence Server"
2192,2511,"Team Calendars on space v3",CLOSED,"2015-09-15 04:03:48",NULL,"2015-09-22 04:03:00","2015-10-12 02:45:00","Atlassian Confluence Server"
2279,2606,"Core OD 65/66",CLOSED,"2015-09-22 04:07:08",NULL,"2015-10-19 02:30:00","2015-11-10 02:09:49","Atlassian Confluence Server"
2188,2597,"Bug fixing sprint",CLOSED,"2015-10-12 02:52:52",NULL,"2015-10-19 02:52:00","2015-11-18 03:49:49","Atlassian Confluence Server"
2277,2703,"The other 23%",CLOSED,"2015-11-09 01:06:20",NULL,"2015-11-23 01:06:00","2015-11-23 00:40:26","Atlassian Confluence Server"
2286,2747,"Core OD 45/46",CLOSED,"2015-11-10 02:15:32",NULL,"2015-12-14 01:00:00","2015-11-16 03:01:39","Atlassian Confluence Server"
2274,2760,"Core OD 47/48",CLOSED,"2015-11-16 04:31:13",NULL,"2015-12-25 03:16:00","2015-11-30 02:45:58","Atlassian Confluence Server"
2273,2750,"14. Big Bird",CLOSED,"2015-11-18 00:39:05",NULL,"2015-11-25 00:39:00","2015-11-25 00:24:17","Atlassian Confluence Server"
2194,2771,"Space Calendar Migration",CLOSED,"2015-11-18 04:23:20",NULL,"2015-11-30 04:23:00","2015-12-07 08:00:41","Atlassian Confluence Server"
2511,2764,"Passed participle",CLOSED,"2015-12-07 00:15:16",NULL,"2015-12-21 00:15:00","2015-12-21 00:39:23","Atlassian Confluence Server"
2275,1786,"Galaxy - Sprint 98 & 99",CLOSED,"2015-12-15 03:44:09",NULL,"2015-12-29 02:07:00","2015-12-29 06:43:52","Atlassian Confluence Server"
2272,2808,"18. Richard Bradshaw",CLOSED,"2015-12-20 23:11:55",NULL,"2016-01-05 23:11:00","2016-01-13 00:18:37","Atlassian Confluence Server"
2270,2837,"Core OD 54",CLOSED,"2015-12-21 03:27:16",NULL,"2016-01-04 01:30:00","2016-01-04 03:10:22","Atlassian Confluence Server"
2271,2849,"Core OD 2016.2",CLOSED,"2016-01-04 03:10:32",NULL,"2016-01-11 02:00:00","2016-01-17 22:53:54","Atlassian Confluence Server"
2266,2891,"Reconciling (allthethings)!",CLOSED,"2016-01-18 03:18:09",NULL,"2016-02-01 03:18:00","2016-02-01 00:45:59","Atlassian Confluence Server"
2280,2890,"Galaxy sprint 103",CLOSED,"2016-01-19 03:35:50",NULL,"2016-01-26 03:35:00","2016-01-26 04:33:02","Atlassian Confluence Server"
2290,2893,"Core OD 2016.5",CLOSED,"2016-02-02 02:09:53",NULL,"2016-02-15 02:30:00","2016-02-08 02:43:14","Atlassian Confluence Server"
2261,2994,"Galaxy - Sprint 1000",CLOSED,"2016-02-29 00:51:11",NULL,"2016-03-07 00:51:00","2016-05-20 01:04:11","Atlassian Confluence Server"
2262,3019,"Core OD 2016.8",CLOSED,"2016-03-09 23:34:52",NULL,"2016-03-21 02:30:00","2016-03-29 05:51:35","Atlassian Confluence Server"
2260,3033,"This sprint is for keeps",CLOSED,"2016-03-29 00:44:27",NULL,"2016-04-12 00:44:00","2016-04-11 01:28:31","Atlassian Confluence Server"
2257,3106,"Enterprise is back",CLOSED,"2016-04-21 04:44:02",NULL,"2016-05-05 13:14:00","2016-05-05 04:27:55","Atlassian Confluence Server"
2267,3115,"Core OD 2016.11",CLOSED,"2016-04-22 04:50:39",NULL,"2016-04-26 05:13:00","2016-04-27 01:35:15","Atlassian Confluence Server"
2224,3147,Alexandria,CLOSED,"2016-05-03 05:11:29",NULL,"2016-05-17 05:11:00","2016-05-17 05:21:44","Atlassian Confluence Server"
2256,3152,"Enterprise is awesome",CLOSED,"2016-05-05 04:29:40",NULL,"2016-05-19 12:59:00","2016-06-06 01:10:37","Atlassian Confluence Server"
2269,3178,"Galaxy - Giant Squid",CLOSED,"2016-05-24 01:55:50",NULL,"2016-05-31 01:55:00","2016-05-31 01:32:17","Atlassian Confluence Server"
2255,3212,"Enterprise is cool",CLOSED,"2016-06-06 01:10:04",NULL,"2016-06-20 09:40:00","2016-06-21 01:08:34","Atlassian Confluence Server"
2304,3209,"Galaxy - Whisky",CLOSED,"2016-06-07 01:33:56",NULL,"2016-06-14 01:33:00","2016-06-21 05:41:38","Atlassian Confluence Server"
2249,3241,"Enterprise is dynamic",CLOSED,"2016-06-21 01:05:57",NULL,"2016-07-04 09:35:00","2016-07-04 01:05:17","Atlassian Confluence Server"
2258,3267,"Enterprise is electric",CLOSED,"2016-07-04 01:06:26",NULL,"2016-07-18 09:36:00","2016-07-18 01:08:17","Atlassian Confluence Server"
2151,3268,Edgecliff,CLOSED,"2016-07-05 05:47:31",NULL,"2016-07-19 05:47:00","2016-07-19 05:15:23","Atlassian Confluence Server"
2263,3275,"Storm Sprint 1",CLOSED,"2016-07-06 06:42:22",NULL,"2016-07-20 06:42:00","2016-07-20 06:11:19","Atlassian Confluence Server"
2251,3289,"CSS solves everything",CLOSED,"2016-07-18 00:57:04",NULL,"2016-08-01 00:57:00","2016-08-15 00:56:23","Atlassian Confluence Server"
2265,2881,"Galaxy Soju",CLOSED,"2016-07-19 07:27:29",NULL,"2016-07-26 07:27:00","2016-07-27 04:47:44","Atlassian Confluence Server"
2264,3317,"Galaxy - Big Bash",CLOSED,"2016-07-26 04:48:15",NULL,"2016-08-02 04:48:00","2016-08-02 01:09:31","Atlassian Confluence Server"
2132,3285,"Enterprise is gigantic",CLOSED,"2016-08-01 01:25:50",NULL,"2016-08-15 09:55:00","2016-08-16 02:14:17","Atlassian Confluence Server"
2285,3350,"Galaxy - before the innovation",CLOSED,"2016-08-09 06:12:05",NULL,"2016-08-16 06:12:00","2016-08-16 07:10:10","Atlassian Confluence Server"
2250,3286,"Enterprise is heavy",CLOSED,"2016-08-16 03:32:24",NULL,"2016-08-29 12:02:00","2016-08-29 01:29:33","Atlassian Confluence Server"
2354,3390,"Galaxy - next",CLOSED,"2016-08-30 03:28:10",NULL,"2016-09-06 03:28:00","2016-09-06 01:35:15","Atlassian Confluence Server"
2248,3405,Autobots,CLOSED,"2016-09-12 00:53:57",NULL,"2016-09-26 00:53:00","2016-09-26 00:58:33","Atlassian Confluence Server"
2149,3414,Jannali,CLOSED,"2016-09-13 05:21:56",NULL,"2016-09-27 05:21:00","2016-09-27 05:10:49","Atlassian Confluence Server"
2252,3421,"51. Phyllis George",CLOSED,"2016-09-14 03:52:38",NULL,"2016-09-21 03:52:00","2016-09-21 01:32:24","Atlassian Confluence Server"
2247,3433,"52. Dizzy Gillespie",CLOSED,"2016-09-21 01:34:25",NULL,"2016-09-28 01:34:00","2016-09-28 02:00:45","Atlassian Confluence Server"
2246,3451,Groundwater,CLOSED,"2016-09-26 01:04:09",NULL,"2016-10-10 00:04:00","2016-10-10 00:00:49","Atlassian Confluence Server"
2148,3462,Kensington,CLOSED,"2016-09-27 05:11:32",NULL,"2016-10-11 05:11:00","2016-10-11 04:19:11","Atlassian Confluence Server"
2245,3472,Roadrunner,CLOSED,"2016-10-10 00:04:08",NULL,"2016-10-23 23:04:00","2016-10-23 23:41:23","Atlassian Confluence Server"
2242,3473,"In the end...",CLOSED,"2016-10-23 23:55:21",NULL,"2016-11-06 23:55:00","2016-11-09 00:18:20","Atlassian Confluence Server"
2240,3507,"Enterprise is kick'n",CLOSED,"2016-10-24 00:09:39",NULL,"2016-11-07 00:09:00","2016-11-07 00:06:40","Atlassian Confluence Server"
2243,3511,Mosman,CLOSED,"2016-10-25 04:16:22",NULL,"2016-11-08 04:16:00","2016-11-08 04:08:52","Atlassian Confluence Server"
2234,3529,Naremburn,CLOSED,"2016-11-08 04:13:42",NULL,"2016-11-22 04:13:00","2016-11-28 23:44:54","Atlassian Confluence Server"
2241,3505,atman,CLOSED,"2016-11-09 00:18:59",NULL,"2016-11-23 00:18:00","2016-11-20 23:55:05","Atlassian Confluence Server"
2244,3527,"1 sprint since all goals met",CLOSED,"2016-11-20 23:58:46",NULL,"2016-12-04 23:58:00","2016-12-04 23:59:40","Atlassian Confluence Server"
2236,3532,"Enterprise is lovely",CLOSED,"2016-11-28 23:49:53",NULL,"2016-12-11 23:49:00","2016-12-12 00:30:10","Atlassian Confluence Server"
2237,3577,"Oxford Falls",CLOSED,"2016-11-28 23:55:05",NULL,"2016-12-05 23:55:00","2016-12-13 04:22:10","Atlassian Confluence Server"
2238,3574,"I miss Jake",CLOSED,"2016-12-05 00:00:12",NULL,"2016-12-19 00:00:00","2016-12-19 00:02:50","Atlassian Confluence Server"
2235,3594,"Enterprise is magnificent",CLOSED,"2016-12-12 00:30:01",NULL,"2016-12-23 01:30:00","2017-01-12 22:12:05","Atlassian Confluence Server"
2288,3597,"Imps Sprint 16",CLOSED,"2016-12-12 04:02:58",NULL,"2016-12-23 02:30:00","2017-01-04 03:29:13","Atlassian Confluence Server"
2226,3599,Paddington,CLOSED,"2016-12-13 04:41:58",NULL,"2016-12-27 04:41:00","2017-01-03 04:12:16","Atlassian Confluence Server"
2232,3620,Queenscliff,CLOSED,"2017-01-03 04:14:54",NULL,"2017-01-17 04:14:00","2017-01-17 04:08:22","Atlassian Confluence Server"
2287,3624,"Imps Sprint 17",CLOSED,"2017-01-04 03:29:22",NULL,"2017-01-13 05:00:00","2017-01-25 03:14:34","Atlassian Confluence Server"
2189,3646,"Enterprise is nifty",CLOSED,"2017-01-08 22:12:10",NULL,"2017-01-20 06:30:00","2017-02-06 00:41:51","Atlassian Confluence Server"
2233,3643,Redfern,CLOSED,"2017-01-17 04:42:32",NULL,"2017-01-31 04:42:00","2017-01-31 04:08:36","Atlassian Confluence Server"
2230,3683,Sydney,CLOSED,"2017-01-31 04:26:43",NULL,"2017-02-14 04:26:00","2017-02-14 04:12:43","Atlassian Confluence Server"
2408,3699,"Imps Sprint 20",CLOSED,"2017-02-08 04:18:05",NULL,"2017-02-15 02:30:00","2017-02-15 03:05:24","Atlassian Confluence Server"
2223,3712,Turramurra,CLOSED,"2017-02-14 04:35:47",NULL,"2017-02-28 04:35:00","2017-02-28 04:07:22","Atlassian Confluence Server"
2227,3722,ant,CLOSED,"2017-02-21 03:56:42",NULL,"2017-03-07 03:56:00","2017-03-07 02:30:32","Atlassian Confluence Server"
2239,3741,"Imps Sprint 22",CLOSED,"2017-03-01 04:56:50",NULL,"2017-03-08 02:30:00","2017-03-08 03:59:46","Atlassian Confluence Server"
2135,3747,"Enterprise is quintessential",CLOSED,"2017-03-07 01:18:21",NULL,"2017-03-21 01:18:00","2017-03-20 23:04:44","Atlassian Confluence Server"
2351,3748,bee,CLOSED,"2017-03-07 02:52:09",NULL,"2017-03-21 02:52:00","2017-03-20 23:37:38","Atlassian Confluence Server"
2142,3762,Vaucluse,CLOSED,"2017-03-14 04:12:51",NULL,"2017-03-28 04:12:00","2017-03-26 23:37:31","Atlassian Confluence Server"
2152,3766,"Imps Sprint 24",CLOSED,"2017-03-15 03:07:42",NULL,"2017-03-22 02:30:00","2017-03-22 03:03:33","Atlassian Confluence Server"
2058,4394,caterpillar,CLOSED,"2017-03-19 22:00:42",NULL,"2017-04-02 23:00:00","2018-10-16 00:59:30","Atlassian Confluence Server"
2469,3777,caterpillar,CLOSED,"2017-03-19 22:00:42",NULL,"2017-04-02 23:00:00","2017-04-04 00:31:17","Atlassian Confluence Server"
2128,3776,"Enterprise is radiant",CLOSED,"2017-03-21 01:31:45",NULL,"2017-04-04 02:31:00","2017-04-04 00:54:16","Atlassian Confluence Server"
2144,3787,Waterloo,CLOSED,"2017-03-26 23:57:17",NULL,"2017-04-02 23:57:00","2017-04-03 01:39:36","Atlassian Confluence Server"
2229,4538,X,CLOSED,"2017-04-03 02:04:34",NULL,"2017-04-10 02:04:00","2017-04-10 01:16:51","Atlassian Confluence Server"
2348,4541,dobsonflies,CLOSED,"2017-04-04 00:58:59",NULL,"2017-04-18 00:58:00","2017-04-18 00:46:01","Atlassian Confluence Server"
2147,4543,"Enterprise is simple",CLOSED,"2017-04-04 02:31:31",NULL,"2017-04-18 02:31:00","2017-04-17 23:49:15","Atlassian Confluence Server"
2141,4562,earwigs,CLOSED,"2017-04-18 00:49:26",NULL,"2017-05-02 00:49:00","2017-05-01 00:37:40","Atlassian Confluence Server"
2146,4561,"Enterprise is thrilling",CLOSED,"2017-04-18 02:22:48",NULL,"2017-05-02 02:22:00","2017-05-02 00:05:37","Atlassian Confluence Server"
2140,4585,fleas,CLOSED,"2017-05-01 00:38:01",NULL,"2017-05-15 00:38:00","2017-05-15 00:30:44","Atlassian Confluence Server"
2139,4592,"Enterprise is unstoppable",CLOSED,"2017-05-02 02:26:25",NULL,"2017-05-16 02:26:00","2017-05-16 00:13:19","Atlassian Confluence Server"
2228,4595,Charge!,CLOSED,"2017-05-08 01:17:25",NULL,"2017-05-15 01:17:00","2017-05-15 01:07:01","Atlassian Confluence Server"
2133,4603,grasshopper,CLOSED,"2017-05-15 00:56:20",NULL,"2017-05-29 00:56:00","2017-05-30 01:39:50","Atlassian Confluence Server"
2134,4598,Detonate!,CLOSED,"2017-05-15 01:24:27",NULL,"2017-05-22 01:24:00","2017-05-22 01:06:59","Atlassian Confluence Server"
2130,4607,"Enterprise is vivacious",CLOSED,"2017-05-16 02:26:22",NULL,"2017-05-30 02:26:00","2017-05-30 00:08:38","Atlassian Confluence Server"
2137,4614,Eject!,CLOSED,"2017-05-22 01:18:27",NULL,"2017-05-29 01:18:00","2017-05-29 01:06:48","Atlassian Confluence Server"
2129,4617,Fire!,CLOSED,"2017-05-29 01:14:34",NULL,"2017-06-05 01:14:00","2017-06-05 01:05:39","Atlassian Confluence Server"
2231,4622,honeybee,CLOSED,"2017-05-30 01:54:41",NULL,"2017-06-13 01:54:00","2017-06-14 00:38:02","Atlassian Confluence Server"
2138,4621,"Enterprise is WOW",CLOSED,"2017-05-30 02:19:47",NULL,"2017-06-13 02:19:00","2017-06-12 23:43:54","Atlassian Confluence Server"
2145,4643,"Enterprise is xenial",CLOSED,"2017-06-13 04:17:20",NULL,"2017-06-27 04:17:00","2017-06-27 00:50:51","Atlassian Confluence Server"
2136,4646,insect,CLOSED,"2017-06-14 00:53:16",NULL,"2017-06-28 00:53:00","2017-06-27 01:09:37","Atlassian Confluence Server"
2122,4649,"Heads up!",CLOSED,"2017-06-19 01:24:32",NULL,"2017-06-26 01:24:00","2017-06-26 01:13:01","Atlassian Confluence Server"
2124,4662,Ignite!,CLOSED,"2017-06-26 01:24:30",NULL,"2017-07-03 01:24:00","2017-07-03 01:16:28","Atlassian Confluence Server"
2127,4667,jitterbug,CLOSED,"2017-06-27 01:20:03",NULL,"2017-07-11 01:20:00","2017-07-10 00:25:50","Atlassian Confluence Server"
2125,4666,"Enterprise is YAAAS",CLOSED,"2017-06-27 03:54:11",NULL,"2017-07-11 03:54:00","2017-07-10 23:55:27","Atlassian Confluence Server"
2143,4680,katipo,CLOSED,"2017-07-10 00:35:04",NULL,"2017-07-24 00:35:00","2017-07-24 00:33:27","Atlassian Confluence Server"
2150,4686,"Enterprise is zesty",CLOSED,"2017-07-11 02:07:08",NULL,"2017-07-25 02:07:00","2017-07-25 00:01:27","Atlassian Confluence Server"
2283,4696,ladybird,CLOSED,"2017-07-23 22:01:29",NULL,"2017-08-06 22:01:00","2017-08-07 00:25:01","Atlassian Confluence Server"
2119,4700,"About a girl",CLOSED,"2017-07-25 01:55:44",NULL,"2017-08-08 01:55:00","2017-08-08 00:56:02","Atlassian Confluence Server"
2126,4702,"Move out!",CLOSED,"2017-07-31 01:30:22",NULL,"2017-08-07 01:30:00","2017-08-07 01:25:18","Atlassian Confluence Server"
2254,4713,"march fly larva",CLOSED,"2017-08-07 00:37:35",NULL,"2017-08-21 00:37:00","2017-08-21 01:17:24","Atlassian Confluence Server"
2118,4711,Napalm!,CLOSED,"2017-08-07 01:27:36",NULL,"2017-08-14 01:27:00","2017-08-14 01:09:53","Atlassian Confluence Server"
2117,4718,"Billie Jean",CLOSED,"2017-08-08 01:23:38",NULL,"2017-08-22 01:23:00","2017-08-21 23:46:44","Atlassian Confluence Server"
2222,4726,Nightcrawlers,CLOSED,"2017-08-21 01:24:59",NULL,"2017-09-04 01:24:00","2017-09-04 00:21:32","Atlassian Confluence Server"
2112,4722,Pounce!,CLOSED,"2017-08-21 01:47:01",NULL,"2017-08-28 01:47:00","2017-08-28 01:28:54","Atlassian Confluence Server"
2115,4731,"Children by Robert Miles",CLOSED,"2017-08-22 02:04:36",NULL,"2017-09-05 02:04:00","2017-09-04 06:54:36","Atlassian Confluence Server"
2111,4732,Quiet!,CLOSED,"2017-08-28 01:50:46",NULL,"2017-09-04 01:50:00","2017-09-04 01:19:27","Atlassian Confluence Server"
2278,4747,"Oleander aphids",CLOSED,"2017-09-04 00:23:02",NULL,"2017-09-18 00:23:00","2017-09-18 00:32:41","Atlassian Confluence Server"
2114,4750,"Dancing Queen",CLOSED,"2017-09-05 01:43:15",NULL,"2017-09-19 01:43:00","2017-09-19 00:28:13","Atlassian Confluence Server"
2113,4766,"Eternal Flame",CLOSED,"2017-09-19 01:45:54",NULL,"2017-10-03 00:45:00","2017-10-02 22:57:00","Atlassian Confluence Server"
2098,4777,"Forever Young",CLOSED,"2017-10-03 02:55:02",NULL,"2017-10-17 02:55:00","2017-10-16 23:34:43","Atlassian Confluence Server"
2121,4778,"Quedius cinctus",CLOSED,"2017-10-03 03:36:08",NULL,"2017-10-15 23:00:00","2017-10-15 23:32:25","Atlassian Confluence Server"
2107,4775,Unsheath!,CLOSED,"2017-10-03 04:54:26",NULL,"2017-10-10 04:54:00","2017-10-10 00:24:47","Atlassian Confluence Server"
2162,4784,Vanish!,CLOSED,"2017-10-10 00:31:41",NULL,"2017-10-16 00:31:00","2017-10-16 00:09:03","Atlassian Confluence Server"
2120,4789,Redback,CLOSED,"2017-10-15 23:32:04",NULL,"2017-10-29 23:32:00","2017-10-29 23:18:09","Atlassian Confluence Server"
2109,4787,"Wrong way!",CLOSED,"2017-10-16 00:25:02",NULL,"2017-10-23 00:25:00","2017-10-23 00:15:05","Atlassian Confluence Server"
2225,4791,"Glory Days",CLOSED,"2017-10-17 00:55:40",NULL,"2017-10-31 00:55:00","2017-10-30 23:51:24","Atlassian Confluence Server"
2106,4801,Slater,CLOSED,"2017-10-29 23:22:08",NULL,"2017-11-12 23:22:00","2017-11-14 04:55:18","Atlassian Confluence Server"
2259,4805,Yolo!,CLOSED,"2017-10-30 00:25:18",NULL,"2017-11-06 00:25:00","2017-11-13 00:14:50","Atlassian Confluence Server"
2099,4815,"Zombies! Zip It!",CLOSED,"2017-11-13 00:30:54",NULL,"2017-11-20 00:30:00","2017-11-20 00:09:03","Atlassian Confluence Server"
2097,4818,Innuendo,CLOSED,"2017-11-14 02:29:49",NULL,"2017-11-28 02:29:00","2017-11-28 03:37:57","Atlassian Confluence Server"
2101,4808,"Thief ant",CLOSED,"2017-11-14 06:23:15",NULL,"2017-11-27 06:23:00","2017-11-26 23:25:22","Atlassian Confluence Server"
2110,4821,"Atlas Mountains",CLOSED,"2017-11-20 00:23:26",NULL,"2017-11-27 00:23:00","2017-11-27 00:24:57","Atlassian Confluence Server"
2100,4833,Underwing,CLOSED,"2017-11-26 23:28:49",NULL,"2017-12-09 23:28:00","2017-12-13 05:22:08","Atlassian Confluence Server"
2096,4837,Jambalaya,CLOSED,"2017-11-28 03:59:10",NULL,"2017-12-12 03:59:00","2017-12-12 05:41:16","Atlassian Confluence Server"
2103,4848,Denali,CLOSED,"2017-12-11 00:11:51",NULL,"2017-12-18 00:11:00","2017-12-18 00:14:39","Atlassian Confluence Server"
2094,4868,Himalayas,CLOSED,"2018-01-08 00:14:23",NULL,"2018-01-15 00:14:00","2018-01-15 00:09:13","Atlassian Confluence Server"
2095,4879,"Lean On Me",CLOSED,"2018-01-09 01:26:08",NULL,"2018-01-23 01:26:00","2018-01-24 22:10:19","Atlassian Confluence Server"
2089,4890,Jura,CLOSED,"2018-01-22 00:14:00",NULL,"2018-01-29 00:13:00","2018-01-29 23:08:46","Atlassian Confluence Server"
2091,4895,"Money for Nothing",CLOSED,"2018-01-24 22:11:58",NULL,"2018-02-05 22:11:00","2018-02-13 03:01:46","Atlassian Confluence Server"
2090,4899,K2,CLOSED,"2018-01-29 23:18:39",NULL,"2018-02-05 23:18:00","2018-02-12 23:39:50","Atlassian Confluence Server"
2092,4903,"Ladies' Peak",CLOSED,"2018-02-12 23:41:06",NULL,"2018-02-19 23:41:00","2018-02-19 23:43:55","Atlassian Confluence Server"
2088,4916,"November Rain - Stability",CLOSED,"2018-02-13 03:17:26",NULL,"2018-02-27 03:17:00","2018-02-26 11:55:57","Atlassian Confluence Server"
2108,4918,"November Rain - Features",CLOSED,"2018-02-14 00:28:39",NULL,"2018-02-28 00:28:00","2018-02-27 05:47:03","Atlassian Confluence Server"
2116,4912,One,CLOSED,"2018-02-16 01:11:45",NULL,"2018-02-23 01:11:00","2018-02-23 00:16:09","Atlassian Confluence Server"
2093,4905,Matterhorn,CLOSED,"2018-02-20 00:03:59",NULL,"2018-02-27 00:03:00","2018-02-28 00:03:31","Atlassian Confluence Server"
2083,4928,"Ordinary Day - Stability",CLOSED,"2018-02-27 00:25:41",NULL,"2018-03-13 00:25:00","2018-03-12 10:34:57","Atlassian Confluence Server"
2086,4927,Norns,CLOSED,"2018-02-28 00:31:43",NULL,"2018-03-07 00:31:00","2018-03-06 23:05:01","Atlassian Confluence Server"
2085,4930,"Ordinary Day - Features",CLOSED,"2018-02-28 04:53:25",NULL,"2018-03-14 04:53:00","2018-03-13 21:16:31","Atlassian Confluence Server"
2084,4936,Three,CLOSED,"2018-03-01 20:32:15",NULL,"2018-03-08 20:32:00","2018-03-09 00:41:13","Atlassian Confluence Server"
2080,4947,"Pain - Stability",CLOSED,"2018-03-13 02:52:04",NULL,"2018-03-27 02:52:00","2018-04-09 04:16:04","Atlassian Confluence Server"
2081,4949,"Pain - Performance",CLOSED,"2018-03-14 00:52:17",NULL,"2018-03-28 00:52:00","2018-04-09 04:16:49","Atlassian Confluence Server"
2074,4940,Pyrenees,CLOSED,"2018-03-14 03:52:34",NULL,"2018-03-23 03:52:00","2018-04-03 01:00:13","Atlassian Confluence Server"
2082,4950,Quinag,CLOSED,"2018-04-03 01:02:13",NULL,"2018-04-06 01:02:00","2018-04-06 05:36:51","Atlassian Confluence Server"
2078,4966,Five,CLOSED,"2018-04-03 01:47:21",NULL,"2018-04-17 01:47:00","2018-04-17 01:58:38","Atlassian Confluence Server"
2072,4970,"Quiet Times - Stability",CLOSED,"2018-04-10 01:22:20",NULL,"2018-04-24 01:22:00","2018-04-24 02:38:52","Atlassian Confluence Server"
2079,4952,"Scarfel Pike",CLOSED,"2018-04-13 05:58:41",NULL,"2018-04-20 05:58:00","2018-04-20 05:40:23","Atlassian Confluence Server"
2075,4974,Six,CLOSED,"2018-04-17 02:09:56",NULL,"2018-05-01 02:09:00","2018-05-01 01:59:03","Atlassian Confluence Server"
2073,4998,"Vladimir Putin Peak",CLOSED,"2018-05-04 05:48:34",NULL,"2018-05-09 05:48:00","2018-05-21 01:06:16","Atlassian Confluence Server"
2062,5002,"Sweet Dreams - Stability",CLOSED,"2018-05-08 01:24:04",NULL,"2018-05-22 01:24:00","2018-05-21 03:54:05","Atlassian Confluence Server"
2076,5003,"Sweet Dreams - Features",CLOSED,"2018-05-09 01:28:33",NULL,"2018-05-24 01:28:00","2018-05-23 00:58:21","Atlassian Confluence Server"
2071,4999,Washington,CLOSED,"2018-05-21 01:22:28",NULL,"2018-05-26 01:22:00","2018-05-25 05:40:37","Atlassian Confluence Server"
2123,5100,"Thunderstruck - Features",CLOSED,"2018-05-23 01:22:27",NULL,"2018-06-07 01:22:00","2018-06-06 00:40:36","Atlassian Confluence Server"
2069,5104,"Xitle (Shiché)",CLOSED,"2018-05-25 05:42:32",NULL,"2018-06-01 05:42:00","2018-06-01 06:07:12","Atlassian Confluence Server"
1992,5106,Yale,CLOSED,"2018-06-01 06:09:22",NULL,"2018-06-08 06:09:00","2018-06-08 00:46:01","Atlassian Confluence Server"
2060,4995,Nine,CLOSED,"2018-06-05 01:11:04",NULL,"2018-06-19 01:11:00","2018-06-19 00:57:15","Atlassian Confluence Server"
2070,5108,"Umreblla - Stability",CLOSED,"2018-06-06 00:38:31",NULL,"2018-06-20 00:38:00","2018-06-19 01:36:43","Atlassian Confluence Server"
2102,5111,"Umbrella - Features",CLOSED,"2018-06-06 03:31:39",NULL,"2018-06-21 03:31:00","2018-06-20 01:52:34","Atlassian Confluence Server"
2066,5109,Zebrù,CLOSED,"2018-06-11 00:47:00",NULL,"2018-06-15 00:47:00","2018-06-18 00:14:34","Atlassian Confluence Server"
2065,5114,Alsatian,CLOSED,"2018-06-18 00:17:52",NULL,"2018-06-22 00:17:00","2018-06-22 06:08:23","Atlassian Confluence Server"
2064,4996,Ten,CLOSED,"2018-06-19 01:24:22",NULL,"2018-07-03 01:24:00","2018-07-03 05:00:33","Atlassian Confluence Server"
2077,5122,"Voodoo People - Features",CLOSED,"2018-06-20 01:54:25",NULL,"2018-07-05 01:54:00","2018-07-16 01:34:13","Atlassian Confluence Server"
2063,5116,"Border Collie",CLOSED,"2018-06-22 06:11:51",NULL,"2018-06-29 06:11:00","2018-06-29 04:15:42","Atlassian Confluence Server"
2061,5117,Eleven,CLOSED,"2018-07-06 06:32:41",NULL,"2018-07-22 06:32:00","2018-07-24 01:29:30","Atlassian Confluence Server"
2059,5124,Chihuahua,CLOSED,"2018-07-09 00:13:13",NULL,"2018-07-16 00:13:00","2018-07-13 06:06:04","Atlassian Confluence Server"
2087,5127,Dalmatian,CLOSED,"2018-07-13 06:20:23",NULL,"2018-07-20 06:20:00","2018-07-20 06:15:59","Atlassian Confluence Server"
2068,5135,"English Setter",CLOSED,"2018-07-20 06:16:40",NULL,"2018-07-27 06:16:00","2018-07-27 05:43:22","Atlassian Confluence Server"
2067,5136,"Finnish Lapphund",CLOSED,"2018-07-27 05:47:58",NULL,"2018-08-03 05:47:00","2018-08-03 05:53:55","Atlassian Confluence Server"
2055,5141,"Xanadu - Stability",CLOSED,"2018-07-31 02:11:01",NULL,"2018-08-14 02:11:00","2018-08-14 01:02:54","Atlassian Confluence Server"
2057,5142,"Golden Retriever",CLOSED,"2018-08-03 05:54:44",NULL,"2018-08-10 05:54:00","2018-08-10 05:53:18","Atlassian Confluence Server"
2054,5119,Thirteen,CLOSED,"2018-08-07 01:23:16",NULL,"2018-08-21 01:23:00","2018-08-29 05:31:09","Atlassian Confluence Server"
2053,5150,Havanese,CLOSED,"2018-08-10 05:56:16",NULL,"2018-08-17 05:56:00","2018-08-17 05:50:29","Atlassian Confluence Server"
2052,5151,"You're Beautiful - Stability",CLOSED,"2018-08-14 01:46:24",NULL,"2018-08-28 01:46:00","2018-08-28 01:05:09","Atlassian Confluence Server"
2048,5153,"You're Beautiful - Features",CLOSED,"2018-08-15 03:30:20",NULL,"2018-08-29 03:30:00","2018-08-29 01:06:12","Atlassian Confluence Server"
2049,5161,"Absinthe - Scale",CLOSED,"2018-08-28 01:30:54",NULL,"2018-09-11 01:30:00","2018-09-11 00:16:48","Atlassian Confluence Server"
2056,5138,Fourteen,CLOSED,"2018-08-29 05:41:50",NULL,"2018-09-12 05:41:00","2018-09-12 04:00:28","Atlassian Confluence Server"
2268,5165,Labradoodle,CLOSED,"2018-09-14 05:53:52",NULL,"2018-09-21 05:53:00","2018-09-24 04:16:52","Atlassian Confluence Server"
2046,5170,"Cachaça - Scale",CLOSED,"2018-09-25 01:26:10",NULL,"2018-10-09 01:26:00","2018-10-22 22:55:32","Atlassian Confluence Server"
2043,5140,Sixteen,CLOSED,"2018-09-25 01:50:41",NULL,"2018-10-09 00:50:00","2018-10-05 06:39:18","Atlassian Confluence Server"
2041,5171,"Cheesecake - Experience",CLOSED,"2018-09-25 02:07:00",NULL,"2018-10-09 02:07:00","2018-10-22 22:58:12","Atlassian Confluence Server"
2329,5173,"Neapolitan Mastiff",CLOSED,"2018-09-28 06:08:16",NULL,"2018-10-05 06:08:00","2018-10-05 05:48:42","Atlassian Confluence Server"
2044,5176,Pug,CLOSED,"2018-10-19 04:55:43",NULL,"2018-10-26 04:55:00","2018-10-26 04:46:24","Atlassian Confluence Server"
2039,5181,"Daiquiri - Scale",CLOSED,"2018-10-23 00:30:33",NULL,"2018-11-06 00:30:00","2018-11-06 00:03:48","Atlassian Confluence Server"
2042,5178,"Queen Elizabeth Pocket Beagle",CLOSED,"2018-10-26 04:48:15",NULL,"2018-11-02 04:48:00","2018-11-02 04:39:28","Atlassian Confluence Server"
2036,5191,"Tibetan mastiff",CLOSED,"2018-11-18 23:48:26",NULL,"2018-11-22 23:48:00","2018-11-23 04:46:50","Atlassian Confluence Server"
2029,5194,"Edamame - Experience",CLOSED,"2018-11-20 00:50:31",NULL,"2018-12-04 00:50:00","2018-12-03 23:19:02","Atlassian Confluence Server"
2035,5195,"Fireball - Scale",CLOSED,"2018-11-20 06:08:05",NULL,"2018-12-04 06:08:00","2018-12-03 22:58:07","Atlassian Confluence Server"
2050,5200,Vizsla,CLOSED,"2018-12-03 03:49:35",NULL,"2018-12-10 03:49:00","2018-12-07 05:23:43","Atlassian Confluence Server"
2033,5203,"Gatorade - Scale",CLOSED,"2018-12-04 02:36:33",NULL,"2018-12-18 02:36:00","2019-01-08 00:24:45","Atlassian Confluence Server"
2038,5206,Whippet,CLOSED,"2018-12-07 05:26:06",NULL,"2018-12-14 05:26:00","2018-12-23 23:18:35","Atlassian Confluence Server"
2032,5217,Xolo,CLOSED,"2018-12-23 23:18:54",NULL,"2019-01-06 23:18:00","2019-01-04 04:51:04","Atlassian Confluence Server"
2336,5207,"Haggis - Experience",CLOSED,"2019-01-03 00:58:31",NULL,"2019-01-08 00:58:00","2019-01-08 00:54:09","Atlassian Confluence Server"
2037,5219,"Yorkshire Terrier",CLOSED,"2019-01-04 04:51:47",NULL,"2019-01-18 04:51:00","2019-01-11 04:55:43","Atlassian Confluence Server"
2104,5227,"Ice cream - Experience",CLOSED,"2019-01-09 03:43:58",NULL,"2019-01-14 03:43:00","2019-01-14 23:56:38","Atlassian Confluence Server"
2031,5220,Zuchon,CLOSED,"2019-01-11 04:58:04",NULL,"2019-01-18 04:58:00","2019-01-18 03:18:50","Atlassian Confluence Server"
2027,5229,"Aladdin rides magic carpet",CLOSED,"2019-01-18 03:19:31",NULL,"2019-01-25 03:19:00","2019-01-25 04:39:02","Atlassian Confluence Server"
2018,5230,"Batman fights Gotham crime",CLOSED,"2019-02-03 22:16:20",NULL,"2019-02-10 22:16:00","2019-02-08 04:45:06","Atlassian Confluence Server"
2028,5244,"Kimchi - Experience",CLOSED,"2019-02-05 00:59:06",NULL,"2019-02-19 00:59:00","2019-02-19 00:38:43","Atlassian Confluence Server"
2025,5231,"Charlie & Chocolate Factory",CLOSED,"2019-02-08 04:47:26",NULL,"2019-02-15 04:47:00","2019-02-15 04:54:27","Atlassian Confluence Server"
2024,5253,"Kamikaze - Scale",CLOSED,"2019-02-12 02:21:58",NULL,"2019-02-26 02:21:00","2019-02-26 01:36:28","Atlassian Confluence Server"
2026,5254,"Daredevil fights crime blind",CLOSED,"2019-02-15 04:55:08",NULL,"2019-02-22 04:55:00","2019-02-25 00:34:33","Atlassian Confluence Server"
2019,5256,Elizabeth,CLOSED,"2019-02-25 00:42:21",NULL,"2019-03-15 00:42:00","2019-03-08 04:45:40","Atlassian Confluence Server"
2022,5262,"Long Island - Scale",CLOSED,"2019-02-26 03:29:45",NULL,"2019-03-12 03:29:00","2019-03-12 03:11:39","Atlassian Confluence Server"
2021,5260,"Falkor the luckdragon screams",CLOSED,"2019-03-08 04:50:59",NULL,"2019-03-15 04:50:00","2019-03-24 23:18:37","Atlassian Confluence Server"
2016,5272,Martini,CLOSED,"2019-03-12 03:28:26",NULL,"2019-03-26 03:28:00","2019-03-26 03:05:55","Atlassian Confluence Server"
2020,5268,"Garfield loves eating lasagna",CLOSED,"2019-03-24 23:23:17",NULL,"2019-03-31 23:23:00","2019-03-29 04:46:16","Atlassian Confluence Server"
2023,5275,Nachos,CLOSED,"2019-03-26 00:52:34",NULL,"2019-04-01 23:52:00","2019-04-02 00:38:10","Atlassian Confluence Server"
2017,5277,Negroni,CLOSED,"2019-03-26 03:31:16",NULL,"2019-04-09 03:31:00","2019-04-09 05:00:26","Atlassian Confluence Server"
2040,5288,"Old Fashioned",CLOSED,"2019-04-09 05:01:25",NULL,"2019-04-23 05:01:00","2019-05-14 03:36:01","Atlassian Confluence Server"
2014,5297,"Kuzco is a llama",CLOSED,"2019-04-29 00:17:49",NULL,"2019-05-06 00:17:00","2019-05-13 00:06:29","Atlassian Confluence Server"
2131,5303,"Lassie says good riddance",CLOSED,"2019-05-13 00:12:58",NULL,"2019-05-20 00:12:00","2019-05-20 00:39:23","Atlassian Confluence Server"
2012,5314,"Piña Colada",CLOSED,"2019-05-14 03:59:38",NULL,"2019-05-28 03:59:00","2019-06-04 04:08:48","Atlassian Confluence Server"
2011,5329,"Queen Mary",CLOSED,"2019-06-04 04:30:42",NULL,"2019-06-18 04:30:00","2019-06-18 04:05:04","Atlassian Confluence Server"
2047,5331,"Pikachu shocks scrambled eggs",CLOSED,"2019-06-11 00:35:15",NULL,"2019-06-18 00:35:00","2019-06-17 01:30:58","Atlassian Confluence Server"
2001,5352,"Q is insanely intelligent",CLOSED,"2019-06-17 01:31:11",NULL,"2019-06-24 01:31:00","2019-06-24 00:03:29","Atlassian Confluence Server"
2000,5354,"Red Bull",CLOSED,"2019-06-18 04:32:42",NULL,"2019-07-02 04:32:00","2019-07-02 04:11:09","Atlassian Confluence Server"
2051,5391,"Raiden freezes every sausage",CLOSED,"2019-06-24 00:06:26",NULL,"2019-07-05 00:06:00","2019-07-08 00:10:51","Atlassian Confluence Server"
2002,5401,"Superman is super manly",CLOSED,"2019-07-08 04:05:06",NULL,"2019-07-12 04:05:00","2019-07-15 00:07:40","Atlassian Confluence Server"
1999,5408,"Thomas da Tank Engine is a cat",CLOSED,"2019-07-15 01:24:28",NULL,"2019-07-19 01:24:00","2019-07-22 00:07:56","Atlassian Confluence Server"
2034,5439,"Xena captures alien offspring",CLOSED,"2019-08-12 01:34:25",NULL,"2019-08-19 01:34:00","2019-08-19 00:15:38","Atlassian Confluence Server"
1982,5446,"Yellowjacket wears blue socks",CLOSED,"2019-08-19 00:38:29",NULL,"2019-08-26 00:38:00","2019-08-26 00:11:19","Atlassian Confluence Server"
1994,5455,"Zangief squash commits gently",CLOSED,"2019-08-26 00:50:10",NULL,"2019-09-09 00:50:00","2019-09-23 00:59:29","Atlassian Confluence Server"
2030,5247,"Gatekeeper Sprint 1",CLOSED,"2019-09-03 03:53:48",NULL,"2019-09-17 03:53:00","2019-09-27 00:51:10","Atlassian Confluence Server"
1993,5470,Arsenic,CLOSED,"2019-09-23 00:30:00",NULL,"2019-09-27 07:30:00","2019-09-30 00:47:56","Atlassian Confluence Server"
1995,5484,"Botulinum toxin",CLOSED,"2019-09-30 00:49:47",NULL,"2019-10-06 23:49:00","2019-10-07 23:21:14","Atlassian Confluence Server"
1990,5497,Cyanide,CLOSED,"2019-10-08 23:00:39",NULL,"2019-10-15 23:00:00","2019-10-20 23:35:58","Atlassian Confluence Server"
1976,5482,"Gatekeeper Sprint 3",CLOSED,"2019-10-20 22:53:00",NULL,"2019-11-03 22:53:00","2019-11-01 00:04:44","Atlassian Confluence Server"
2221,5507,DDT,CLOSED,"2019-10-20 23:40:58",NULL,"2019-10-27 23:40:00","2019-10-27 23:09:56","Atlassian Confluence Server"
1991,5511,Aardvark,CLOSED,"2019-10-22 03:32:27",NULL,"2019-11-04 03:32:00","2019-11-04 23:06:35","Atlassian Confluence Server"
1996,5514,Fonofos,CLOSED,"2019-11-03 23:16:08",NULL,"2019-11-10 23:16:00","2019-11-10 23:13:25","Atlassian Confluence Server"
1986,5523,"Gallium trichloride",CLOSED,"2019-11-10 23:21:29",NULL,"2019-11-24 23:21:00","2019-11-24 23:17:44","Atlassian Confluence Server"
1988,5538,"Hydrochloric acid",CLOSED,"2019-11-24 23:18:21",NULL,"2019-12-08 23:18:00","2019-12-08 23:17:38","Atlassian Confluence Server"
1985,5565,"Juncusol diacetate",CLOSED,"2019-12-15 23:13:03",NULL,"2019-12-22 23:13:00","2019-12-22 23:18:41","Atlassian Confluence Server"
1989,5558,"Gatekeeper Sprint 7",CLOSED,"2019-12-16 04:27:00",NULL,"2019-12-30 04:27:00","2019-12-29 10:50:22","Atlassian Confluence Server"
1981,5586,"Gatekeeper Sprint 8",CLOSED,"2019-12-30 10:51:00",NULL,"2020-01-13 10:51:00","2020-01-12 23:29:32","Atlassian Confluence Server"
1980,5593,Leptophos,CLOSED,"2020-01-05 23:14:52",NULL,"2020-01-12 23:14:00","2020-01-12 23:05:46","Atlassian Confluence Server"
2253,5604,"Mustard Gas",CLOSED,"2020-01-12 23:08:27",NULL,"2020-01-19 23:08:00","2020-01-19 23:05:58","Atlassian Confluence Server"
1997,5659,"Gatekeeper Sprint 9",CLOSED,"2020-01-12 23:32:54",NULL,"2020-01-26 23:32:00","2020-03-18 23:26:45","Atlassian Confluence Server"
1984,5605,Novichok,CLOSED,"2020-01-19 23:08:34",NULL,"2020-01-26 23:08:00","2020-02-10 00:15:09","Atlassian Confluence Server"
2013,5606,Ouabain,CLOSED,"2020-02-10 00:15:44",NULL,"2020-02-17 00:15:00","2020-02-16 23:05:59","Atlassian Confluence Server"
1979,5686,Pyrethrum,CLOSED,"2020-02-16 23:10:15",NULL,"2020-02-23 23:10:00","2020-02-23 23:13:07","Atlassian Confluence Server"
1978,5721,Quicksilver,CLOSED,"2020-02-23 23:15:27",NULL,"2020-03-01 23:15:00","2020-03-01 23:08:19","Atlassian Confluence Server"
2015,5727,Sarin,CLOSED,"2020-03-08 23:16:56",NULL,"2020-03-15 23:16:00","2020-03-15 23:18:02","Atlassian Confluence Server"
1987,5809,Tabun,CLOSED,"2020-03-15 23:18:16",NULL,"2020-03-22 23:18:00","2020-03-25 05:52:45","Atlassian Confluence Server"
1983,5818,Uranium-235,CLOSED,"2020-04-06 00:20:06",NULL,"2020-04-20 00:20:00","2020-04-20 00:09:49","Atlassian Confluence Server"
1977,5840,Valinomycin,CLOSED,"2020-04-20 00:13:40",NULL,"2020-05-04 00:13:00","2020-04-27 00:49:00","Atlassian Confluence Server"
2105,5844,Warfarin,CLOSED,"2020-04-27 08:03:02",NULL,"2020-05-15 08:03:00","2020-05-04 00:38:08","Atlassian Confluence Server"
1974,5861,Yttrium,CLOSED,"2020-05-11 00:18:58",NULL,"2020-05-29 00:18:00","2020-05-25 00:15:00","Atlassian Confluence Server"
1975,5886,"Zinc phosphide",CLOSED,"2020-05-25 00:18:52",NULL,"2020-06-12 00:18:00","2020-06-01 00:19:47","Atlassian Confluence Server"
1973,5897,Acca⚡️Dacca,CLOSED,"2020-06-01 00:20:38",NULL,"2020-06-15 00:20:00","2020-06-15 00:15:48","Atlassian Confluence Server"
1972,5900,"Bazza Gazzas",CLOSED,"2020-06-15 00:28:07",NULL,"2020-06-22 00:28:00","2020-06-22 00:09:04","Atlassian Confluence Server"
1970,5991,"Delo Goodzy",CLOSED,"2020-06-29 00:19:30",NULL,"2020-07-06 00:19:00","2020-07-13 00:10:43","Atlassian Confluence Server"
1968,6005,"Esky J",CLOSED,"2020-07-13 00:11:04",NULL,"2020-07-20 00:11:00","2020-07-20 00:13:48","Atlassian Confluence Server"
1969,6012,"Flumey Woomey",CLOSED,"2020-07-20 00:14:07",NULL,"2020-07-27 00:14:00","2020-07-27 00:13:04","Atlassian Confluence Server"
1967,6029,"G Spoonies",CLOSED,"2020-07-27 00:13:30",NULL,"2020-08-03 00:13:00","2020-08-03 00:19:08","Atlassian Confluence Server"
1966,6033,HGs,CLOSED,"2020-08-03 00:23:15",NULL,"2020-08-17 00:23:00","2020-08-17 00:15:07","Atlassian Confluence Server"
1971,6043,"Iso Houso",CLOSED,"2020-08-17 00:18:10",NULL,"2020-08-31 00:18:00","2020-08-31 00:07:46","Atlassian Confluence Server"
1964,6056,"Jazza and the boys",CLOSED,"2020-08-31 00:12:11",NULL,"2020-09-14 00:12:00","2020-09-14 00:15:49","Atlassian Confluence Server"
1965,6066,"King Gizzy & tha Lizzy Wizzy",CLOSED,"2020-09-14 00:20:10",NULL,"2020-09-28 00:20:00","2020-09-28 00:12:50","Atlassian Confluence Server"
1963,6076,"Lithouse Keepsies",CLOSED,"2020-09-28 00:21:26",NULL,"2020-10-11 23:21:00","2020-10-11 23:16:15","Atlassian Confluence Server"
1998,6128,"Middie Oi",ACTIVE,"2020-10-11 23:19:19",NULL,"2020-10-25 23:19:00",NULL,"Atlassian Confluence Server"
2894,1052,"AP F20-6 (November)",FUTURE,NULL,NULL,NULL,NULL,"Lsstcorp Data management"
3038,857,BG3_S19_02,FUTURE,NULL,NULL,NULL,NULL,"Lsstcorp Data management"
3226,168,"CCB 2015-09-23",FUTURE,NULL,NULL,NULL,NULL,"Lsstcorp Data management"
3269,80,"DevOps Sprint 3",ACTIVE,"2014-03-01 17:15:00",NULL,"2014-08-25 17:15:00",NULL,"Lsstcorp Data management"
3284,20,"Winter'14 closeout sprint",CLOSED,"2014-03-07 23:25:05",NULL,"2014-03-15 00:00:00","2014-03-24 22:51:39","Lsstcorp Data management"
3279,32,2014_04,CLOSED,"2014-04-01 18:20:54",NULL,"2014-04-30 18:20:00","2014-05-01 05:00:30","Lsstcorp Data management"
3273,42,"DevOps Sprint 1",CLOSED,"2014-04-11 16:00:08",NULL,"2014-04-25 16:00:00","2014-05-05 15:31:42","Lsstcorp Data management"
3283,39,"Measurement Sprint 1",CLOSED,"2014-04-13 01:17:06",NULL,"2014-05-24 00:00:00","2014-06-03 16:36:10","Lsstcorp Data management"
3280,47,"Initial NC Sim Prototype",CLOSED,"2014-04-28 21:14:09",NULL,"2014-05-10 01:00:00","2014-05-08 15:10:46","Lsstcorp Data management"
3277,34,DB_S14_05,CLOSED,"2014-05-01 17:58:44",NULL,"2014-05-30 17:58:00","2014-05-29 19:08:20","Lsstcorp Data management"
3285,52,"DevOps Sprint 2",CLOSED,"2014-05-05 15:58:06",NULL,"2014-05-19 15:58:00","2014-07-11 16:43:58","Lsstcorp Data management"
3281,48,"DCR Sprint 1",CLOSED,"2014-05-06 16:05:17",NULL,"2014-05-20 16:05:00","2014-05-29 21:02:38","Lsstcorp Data management"
3278,53,"Initial NC Sim Prototype 2",CLOSED,"2014-05-08 15:13:56",NULL,"2014-05-24 01:00:00","2014-05-29 15:01:37","Lsstcorp Data management"
3274,55,"NC Sim June A",CLOSED,"2014-05-24 01:00:15",NULL,"2014-06-14 01:00:00","2014-06-24 15:04:43","Lsstcorp Data management"
3261,35,DB_S14_06,CLOSED,"2014-05-29 19:22:32",NULL,"2014-07-01 00:00:00","2014-07-03 15:44:21","Lsstcorp Data management"
3276,66,"DCR Sprint 2",CLOSED,"2014-05-29 21:53:52",NULL,"2014-06-10 21:53:00","2014-06-22 02:03:47","Lsstcorp Data management"
3270,67,Measurement-S14-2,CLOSED,"2014-06-10 16:44:08",NULL,"2014-07-22 16:44:00","2014-07-27 23:53:09","Lsstcorp Data management"
3268,56,"NC Sim June B",CLOSED,"2014-06-14 15:39:00",NULL,"2014-07-08 15:39:00","2014-07-08 14:54:10","Lsstcorp Data management"
3275,73,"DCR Sprint 3",CLOSED,"2014-06-22 02:04:30",NULL,"2014-07-09 02:04:00","2014-07-11 00:12:39","Lsstcorp Data management"
3267,36,DB_S14_07,CLOSED,"2014-07-03 15:45:24",NULL,"2014-07-31 15:45:00","2014-07-30 20:10:16","Lsstcorp Data management"
3265,57,"NC Sim July A",CLOSED,"2014-07-08 14:54:54",NULL,"2014-07-22 14:54:00","2014-07-28 18:54:29","Lsstcorp Data management"
3271,62,"UW DM-S14-01",CLOSED,"2014-07-10 00:20:13",NULL,"2014-07-24 00:20:00","2014-09-03 20:36:50","Lsstcorp Data management"
3266,77,"Ip Diffim Documentation Sprint",CLOSED,"2014-07-11 00:16:32",NULL,"2014-07-25 00:16:00","2014-07-28 22:46:00","Lsstcorp Data management"
3262,58,"NC Sim July B",CLOSED,"2014-07-28 18:55:29",NULL,"2014-08-10 18:55:00","2014-08-21 15:06:36","Lsstcorp Data management"
3264,37,DB_S14_08,CLOSED,"2014-07-30 21:21:11",NULL,"2014-08-29 21:21:00","2014-08-29 22:44:02","Lsstcorp Data management"
3263,68,Measurement-S14-3,CLOSED,"2014-08-18 17:51:40",NULL,"2014-08-19 17:00:00","2014-08-25 16:42:53","Lsstcorp Data management"
3282,59,"NC Sim August A",CLOSED,"2014-08-21 15:07:23",NULL,"2014-08-31 15:07:00","2014-09-25 15:05:08","Lsstcorp Data management"
3259,83,Measurement-S14-4,CLOSED,"2014-08-25 16:43:08",NULL,"2014-09-26 16:43:00","2014-09-28 19:14:09","Lsstcorp Data management"
3260,87,DB_S14_9,CLOSED,"2014-09-02 16:59:46",NULL,"2014-10-01 00:00:00","2014-10-01 03:01:13","Lsstcorp Data management"
3272,63,"UW DM-S14-02",CLOSED,"2014-09-19 22:59:44",NULL,"2014-10-03 22:59:00","2016-03-31 22:38:55","Lsstcorp Data management"
3258,92,DB_S14_10,CLOSED,"2014-10-01 22:57:21",NULL,"2014-10-31 22:57:00","2014-11-02 04:12:59","Lsstcorp Data management"
3257,96,"Science Pipelines DM-W15-1",CLOSED,"2014-10-06 14:00:09",NULL,"2014-11-01 03:00:00","2014-11-03 19:11:11","Lsstcorp Data management"
3256,97,"W15 MW Sprint 1",CLOSED,"2014-10-06 15:06:41",NULL,"2014-10-17 15:06:00","2014-12-02 16:11:51","Lsstcorp Data management"
3247,100,"CCB 2014-10-20",CLOSED,"2014-10-10 19:00:39",NULL,"2014-11-01 00:48:00","2015-01-28 15:36:37","Lsstcorp Data management"
3246,127,"CCB 2014-12-17",CLOSED,"2014-10-20 14:43:39",NULL,"2014-12-17 15:43:00","2015-01-28 15:45:24","Lsstcorp Data management"
3255,93,DB_W15_11,CLOSED,"2014-11-02 04:15:18",NULL,"2014-12-02 04:15:00","2014-12-01 17:52:43","Lsstcorp Data management"
3254,105,"Science Pipelines DM-W15-2",CLOSED,"2014-11-03 15:00:41",NULL,"2014-12-01 15:00:00","2014-12-01 18:51:00","Lsstcorp Data management"
3251,94,DB_W15_12,CLOSED,"2014-12-01 17:54:50",NULL,"2014-12-31 17:54:00","2015-01-05 17:43:35","Lsstcorp Data management"
3249,111,"Science Pipelines DM-W15-3",CLOSED,"2014-12-01 18:54:58",NULL,"2015-01-05 15:00:00","2015-01-05 20:53:18","Lsstcorp Data management"
3253,113,"W15 Dec Sprint 1",CLOSED,"2014-12-01 21:00:24",NULL,"2014-12-15 21:00:00","2014-12-08 20:34:28","Lsstcorp Data management"
3252,117,"W15 Dec Sprint 3",CLOSED,"2014-12-15 20:53:47",NULL,"2015-01-05 20:53:00","2015-01-05 21:27:33","Lsstcorp Data management"
3248,126,"CCB 2015-01-21",CLOSED,"2014-12-18 15:45:29",NULL,"2015-01-21 15:45:00","2015-01-28 23:38:21","Lsstcorp Data management"
3243,112,DB_W15_01,CLOSED,"2015-01-05 17:44:25",NULL,"2015-01-30 17:44:00","2015-02-02 17:13:41","Lsstcorp Data management"
3250,121,"W15 Jan Sprint 1",CLOSED,"2015-01-05 21:27:23",NULL,"2015-01-21 21:27:00","2015-01-21 19:30:19","Lsstcorp Data management"
3161,120,"Science Pipelines DM-W15-4",CLOSED,"2015-01-05 22:02:28",NULL,"2015-02-06 22:02:00","2015-02-16 17:00:12","Lsstcorp Data management"
3241,123,"W15 Jan Sprint 2",CLOSED,"2015-01-21 20:30:42",NULL,"2015-02-02 20:30:00","2015-02-24 21:30:52","Lsstcorp Data management"
3245,128,"CCB 2015-02-18",CLOSED,"2015-01-28 23:38:53",NULL,"2015-02-18 23:38:00","2015-08-06 04:43:58","Lsstcorp Data management"
3244,134,"Sprint 1",CLOSED,"2015-02-01 19:10:48",NULL,"2015-02-26 19:10:00","2015-12-02 23:13:07","Lsstcorp Data management"
3240,115,DB_W15_02,CLOSED,"2015-02-03 19:42:09",NULL,"2015-02-28 19:42:00","2015-02-27 23:21:59","Lsstcorp Data management"
3242,129,"Science Pipelines DM-W15-5",CLOSED,"2015-02-16 17:00:12",NULL,"2015-02-27 22:00:00","2015-03-02 13:48:21","Lsstcorp Data management"
3237,136,DB_S15_03,CLOSED,"2015-02-27 23:29:45",NULL,"2015-04-01 00:00:00","2015-04-01 19:32:19","Lsstcorp Data management"
3239,140,"Science Pipelines DM-S15-1",CLOSED,"2015-03-02 13:50:35",NULL,"2015-03-27 22:00:00","2015-03-30 12:26:07","Lsstcorp Data management"
3235,151,"Science Pipelines DM-S15-2",CLOSED,"2015-03-30 12:51:06",NULL,"2015-05-01 21:00:00","2015-05-11 16:16:05","Lsstcorp Data management"
3236,137,DB_S15_04,CLOSED,"2015-04-01 20:46:15",NULL,"2015-04-30 20:46:00","2015-05-01 16:06:09","Lsstcorp Data management"
3238,152,2015/04/09,CLOSED,"2015-04-09 15:03:34",NULL,"2015-04-22 15:03:00","2015-04-27 08:53:37","Lsstcorp Data management"
3234,138,DB_S15_05,CLOSED,"2015-05-01 16:11:50",NULL,"2015-06-01 16:00:00","2015-05-30 20:47:28","Lsstcorp Data management"
3233,155,"Science Pipelines DM-S15-3",CLOSED,"2015-05-04 12:00:59",NULL,"2015-06-01 12:00:00","2015-06-02 19:03:50","Lsstcorp Data management"
3231,139,DB_S15_06,CLOSED,"2015-05-30 20:53:06",NULL,"2015-07-01 00:00:00","2015-07-03 03:18:57","Lsstcorp Data management"
3232,159,"Science Pipelines DM-S15-4",CLOSED,"2015-06-02 19:04:01",NULL,"2015-06-29 12:00:00","2015-06-29 19:04:22","Lsstcorp Data management"
3229,162,"Science Pipelines DM-S15-5",CLOSED,"2015-06-29 19:04:07",NULL,"2015-07-31 21:00:00","2015-08-01 03:11:06","Lsstcorp Data management"
3230,156,DB_S15_07,CLOSED,"2015-07-04 18:18:43",NULL,"2015-08-01 21:25:00","2015-08-01 03:50:18","Lsstcorp Data management"
3227,157,DB_S15_08,CLOSED,"2015-08-01 04:30:25",NULL,"2015-09-01 00:00:00","2015-09-01 03:05:55","Lsstcorp Data management"
3228,165,"Science Pipelines DM-S15-6",CLOSED,"2015-08-03 01:28:13",NULL,"2015-09-01 03:59:00","2015-09-01 02:40:07","Lsstcorp Data management"
3222,173,"Science Pipelines DM-W16-1",CLOSED,"2015-09-01 12:00:00",NULL,"2015-09-30 21:00:00","2015-10-01 13:22:27","Lsstcorp Data management"
3225,169,DB_W16_09,CLOSED,"2015-09-01 16:00:00",NULL,"2015-10-01 00:00:00","2015-10-01 05:37:35","Lsstcorp Data management"
3224,176,"Science Pipelines DM-W16-2",CLOSED,"2015-10-01 13:00:18",NULL,"2015-10-30 22:00:00","2015-11-01 21:38:55","Lsstcorp Data management"
3223,170,DB_W16_10,CLOSED,"2015-10-01 15:00:00",NULL,"2015-10-31 00:00:00","2015-11-01 06:14:20","Lsstcorp Data management"
3221,171,DB_W16_11,CLOSED,"2015-11-01 06:15:31",NULL,"2015-12-01 01:18:00","2015-12-01 06:21:52","Lsstcorp Data management"
3220,182,"Science Pipelines DM-W16-3",CLOSED,"2015-11-01 21:39:50",NULL,"2015-12-01 04:00:00","2015-12-01 16:14:28","Lsstcorp Data management"
3219,172,DB_W16_12,CLOSED,"2015-12-01 06:22:40",NULL,"2016-01-01 01:25:00","2016-01-04 07:03:08","Lsstcorp Data management"
3218,187,"Science Pipelines DM-W16-4",CLOSED,"2015-12-01 16:15:16",NULL,"2016-01-01 04:00:00","2016-01-04 11:47:59","Lsstcorp Data management"
3217,189,"JS conversion 1",CLOSED,"2015-12-01 21:49:17",NULL,"2016-01-15 21:49:00","2016-01-19 17:53:02","Lsstcorp Data management"
3216,178,DB_W16_01,CLOSED,"2016-01-04 07:04:42",NULL,"2016-01-30 01:00:00","2016-02-01 18:28:42","Lsstcorp Data management"
3215,193,"Science Pipelines DM-W16-5",CLOSED,"2016-01-04 11:48:28",NULL,"2016-01-31 23:55:00","2016-02-01 16:46:42","Lsstcorp Data management"
3214,192,"JS conversion 1.5",CLOSED,"2016-01-19 17:53:25",NULL,"2016-01-31 17:53:00","2016-02-01 17:09:20","Lsstcorp Data management"
3211,195,"Science Pipelines DM-W16-6",CLOSED,"2016-02-01 16:51:34",NULL,"2016-03-01 04:58:00","2016-03-01 22:03:33","Lsstcorp Data management"
3213,190,"JS conversion 2",CLOSED,"2016-02-01 17:10:21",NULL,"2016-02-29 17:10:00","2016-03-01 05:53:07","Lsstcorp Data management"
3212,179,DB_W16_02,CLOSED,"2016-02-01 18:44:02",NULL,"2016-03-01 01:00:00","2016-03-01 22:20:49","Lsstcorp Data management"
3208,191,"JS conversion 3",CLOSED,"2016-03-01 14:55:00",NULL,"2016-04-01 05:55:00","2016-04-01 15:30:47","Lsstcorp Data management"
3206,203,"Alert Production X16 - 03",CLOSED,"2016-03-02 00:09:39",NULL,"2016-03-29 23:09:00","2016-04-01 16:51:06","Lsstcorp Data management"
3209,208,"DRP W16-7",CLOSED,"2016-03-02 14:00:00",NULL,"2016-03-16 03:59:00","2016-03-16 12:49:06","Lsstcorp Data management"
3210,199,DB_W16_03,CLOSED,"2016-03-03 05:10:19",NULL,"2016-03-16 00:00:00","2016-03-16 18:00:37","Lsstcorp Data management"
3205,210,"DRP X16-1",CLOSED,"2016-03-16 13:00:00",NULL,"2016-04-01 03:59:00","2016-04-01 12:12:59","Lsstcorp Data management"
3207,204,DB_X16_03,CLOSED,"2016-03-17 22:13:26",NULL,"2016-03-30 17:03:00","2016-04-01 01:16:28","Lsstcorp Data management"
3204,200,DB_X16_04,CLOSED,"2016-04-01 01:16:33",NULL,"2016-05-01 06:59:00","2016-05-03 14:21:11","Lsstcorp Data management"
3201,214,"DRP X16-2",CLOSED,"2016-04-01 13:00:00",NULL,"2016-05-01 03:59:00","2016-05-01 18:04:09","Lsstcorp Data management"
3202,202,"JS conversion 4",CLOSED,"2016-04-01 15:31:33",NULL,"2016-05-01 06:31:00","2016-05-01 23:46:07","Lsstcorp Data management"
3203,216,"Alert Production X16 - 04",CLOSED,"2016-04-01 23:27:15",NULL,"2016-04-29 22:27:00","2016-05-02 19:39:40","Lsstcorp Data management"
3196,217,"DRP X16-3",CLOSED,"2016-05-01 18:00:57",NULL,"2016-05-31 22:00:00","2016-06-01 12:14:18","Lsstcorp Data management"
3198,211,"JS conversion 5",CLOSED,"2016-05-01 23:48:08",NULL,"2016-05-31 14:48:00","2016-06-01 03:27:00","Lsstcorp Data management"
3200,201,DB_X16_05,CLOSED,"2016-05-02 07:00:28",NULL,"2016-06-01 07:00:00","2016-06-02 02:03:25","Lsstcorp Data management"
3199,218,"Alert Production X16 - 5",CLOSED,"2016-05-03 17:12:33",NULL,"2016-05-31 16:12:00","2016-06-02 16:44:13","Lsstcorp Data management"
3197,224,"LDM-151 Week 1",CLOSED,"2016-05-24 16:12:36",NULL,"2016-05-27 19:00:00","2016-06-01 12:18:29","Lsstcorp Data management"
3192,212,"JS conversion 6",CLOSED,"2016-06-01 03:30:29",NULL,"2016-06-30 18:30:00","2016-07-01 06:40:15","Lsstcorp Data management"
3194,230,DB_F16_6,CLOSED,"2016-06-01 07:00:48",NULL,"2016-07-01 06:59:00","2016-07-01 21:32:02","Lsstcorp Data management"
3191,225,"DRP F16-1",CLOSED,"2016-06-01 12:25:35",NULL,"2016-07-01 00:00:00","2016-07-01 12:56:45","Lsstcorp Data management"
3195,226,"LDM-151 Week 2",CLOSED,"2016-06-01 12:30:49",NULL,"2016-06-03 16:00:00","2016-06-14 22:29:45","Lsstcorp Data management"
3193,234,"Alert Production F16 - 6",CLOSED,"2016-06-02 16:49:28",NULL,"2016-06-30 19:37:00","2016-07-07 06:58:01","Lsstcorp Data management"
3189,221,"SUIT Sprint 2016-7",CLOSED,"2016-07-01 06:56:35",NULL,"2016-07-31 21:56:00","2016-08-01 15:32:09","Lsstcorp Data management"
3187,231,"DRP F16-2",CLOSED,"2016-07-01 13:11:04",NULL,"2016-08-01 03:00:00","2016-08-01 13:06:40","Lsstcorp Data management"
3188,232,DB_F16_7,CLOSED,"2016-07-05 14:56:11",NULL,"2016-08-04 14:55:00","2016-08-02 19:50:53","Lsstcorp Data management"
3190,236,"Alert Production F16 - 7",CLOSED,"2016-07-07 06:58:49",NULL,"2016-08-04 09:46:00","2016-08-02 00:26:14","Lsstcorp Data management"
3183,237,"DRP F16-3",CLOSED,"2016-08-01 12:00:46",NULL,"2016-09-01 03:00:00","2016-09-01 22:03:44","Lsstcorp Data management"
3184,222,"SUIT Sprint 2016-8",CLOSED,"2016-08-01 15:33:25",NULL,"2016-09-02 06:33:00","2016-09-01 13:34:24","Lsstcorp Data management"
3186,245,"Alert Production F16 - 8",CLOSED,"2016-08-02 21:58:31",NULL,"2016-09-01 00:46:00","2016-09-02 18:10:59","Lsstcorp Data management"
3185,233,DB_F16_8,CLOSED,"2016-08-03 01:43:15",NULL,"2016-09-01 06:59:00","2016-09-01 22:04:33","Lsstcorp Data management"
3179,249,DB_F16_9,CLOSED,"2016-09-01 07:00:04",NULL,"2016-10-01 06:59:00","2016-10-10 23:19:12","Lsstcorp Data management"
3181,223,"SUIT Sprint 2016-9",CLOSED,"2016-09-01 13:35:19",NULL,"2016-10-02 04:35:00","2016-10-01 17:50:40","Lsstcorp Data management"
3180,246,"DRP F16-4",CLOSED,"2016-09-01 22:04:19",NULL,"2016-10-01 03:00:00","2016-10-03 19:23:10","Lsstcorp Data management"
3182,247,"Alert Production F16 - 9",CLOSED,"2016-09-02 18:11:29",NULL,"2016-10-01 20:59:00","2016-10-03 17:46:39","Lsstcorp Data management"
3172,286,DB_F16_10,CLOSED,"2016-10-01 07:00:41",NULL,"2016-12-01 07:59:00","2016-12-05 23:51:14","Lsstcorp Data management"
3024,242,"Sprint - October 2016",CLOSED,"2016-10-01 18:19:52",NULL,"2016-11-01 03:19:00","2016-11-02 15:02:40","Lsstcorp Data management"
3177,250,"SUIT Sprint 2016-10",CLOSED,"2016-10-01 18:21:37",NULL,"2016-11-01 06:59:00","2016-11-02 11:47:59","Lsstcorp Data management"
3171,252,"DRP F16-5",CLOSED,"2016-10-03 19:23:01",NULL,"2016-11-01 03:59:00","2016-11-01 15:26:36","Lsstcorp Data management"
3178,284,"Alert Production F16 - 10",CLOSED,"2016-10-04 23:03:32",NULL,"2016-11-01 01:51:00","2016-11-01 19:52:01","Lsstcorp Data management"
3174,287,"DRP F16-6",CLOSED,"2016-11-01 12:00:02",NULL,"2016-12-01 04:59:00","2016-12-01 15:53:58","Lsstcorp Data management"
3176,289,"Alert Production F16 - 11",CLOSED,"2016-11-01 18:28:50",NULL,"2016-11-30 21:16:00","2016-11-02 18:43:32","Lsstcorp Data management"
3170,251,"SUIT Sprint 2016-11",CLOSED,"2016-11-02 11:52:49",NULL,"2016-12-01 00:30:00","2016-12-01 15:18:31","Lsstcorp Data management"
3175,243,"Sprint - November 2016",CLOSED,"2016-11-02 15:04:47",NULL,"2016-12-01 00:04:00","2016-12-06 17:16:54","Lsstcorp Data management"
3173,296,"Alert Production F16 - 11c",CLOSED,"2016-11-02 18:50:35",NULL,"2016-12-01 01:35:00","2016-12-01 21:03:31","Lsstcorp Data management"
3169,304,DB_S17_12,CLOSED,"2016-12-01 08:00:01",NULL,"2017-01-01 07:59:00","2017-01-04 23:59:36","Lsstcorp Data management"
3167,294,"SUIT Sprint 2016-12",CLOSED,"2016-12-01 15:18:57",NULL,"2016-12-30 03:56:00","2017-01-03 17:46:41","Lsstcorp Data management"
3168,303,"DRP S17-1",CLOSED,"2016-12-01 16:00:00",NULL,"2017-01-01 04:59:00","2017-01-01 11:38:19","Lsstcorp Data management"
3166,305,"Alert Production S17 - 12",CLOSED,"2016-12-02 17:53:10",NULL,"2016-12-31 00:38:00","2017-01-03 18:16:28","Lsstcorp Data management"
3026,244,"Sprint - December 2016",CLOSED,"2016-12-06 17:17:36",NULL,"2016-12-31 02:17:00","2017-01-07 00:14:03","Lsstcorp Data management"
3162,307,DB_S17_01,CLOSED,"2017-01-01 08:00:53",NULL,"2017-02-01 07:59:00","2017-02-07 22:46:08","Lsstcorp Data management"
3163,356,"DRP S17-2",CLOSED,"2017-01-01 11:38:03",NULL,"2017-02-01 04:59:00","2017-02-01 13:48:28","Lsstcorp Data management"
3165,299,"SUIT Sprint 2017-01",CLOSED,"2017-01-03 17:55:06",NULL,"2017-02-01 06:33:00","2017-02-02 01:24:29","Lsstcorp Data management"
3164,355,"Alert Production S17 - 1",CLOSED,"2017-01-04 03:02:32",NULL,"2017-02-01 09:47:00","2017-02-01 19:33:00","Lsstcorp Data management"
3022,290,"Sprint - January 2017",CLOSED,"2017-01-07 00:24:48",NULL,"2017-01-31 09:24:00","2017-02-06 23:07:27","Lsstcorp Data management"
3159,360,"DRP S17-3",CLOSED,"2017-02-01 14:00:00",NULL,"2017-03-01 04:59:00","2017-03-01 13:27:33","Lsstcorp Data management"
3160,309,"SUIT Sprint 2017-2",CLOSED,"2017-02-02 01:26:31",NULL,"2017-03-01 14:04:00","2017-03-01 17:06:14","Lsstcorp Data management"
3158,361,"Alert Production S17 - 2",CLOSED,"2017-02-02 05:17:57",NULL,"2017-03-02 12:02:00","2017-03-02 01:44:41","Lsstcorp Data management"
3155,366,DB_S17_2,CLOSED,"2017-02-07 23:32:26",NULL,"2017-04-01 06:59:00","2017-04-03 23:42:10","Lsstcorp Data management"
3156,363,"DRP S17-4",CLOSED,"2017-03-01 13:40:53",NULL,"2017-04-01 03:59:00","2017-04-02 01:54:43","Lsstcorp Data management"
3146,357,"SUIT Sprint 2017-3",CLOSED,"2017-03-01 17:09:36",NULL,"2017-03-29 05:47:00","2017-04-01 23:53:20","Lsstcorp Data management"
3157,605,"Alert Production S17 - 3",CLOSED,"2017-03-08 16:43:57",NULL,"2017-04-08 23:28:00","2017-04-03 20:56:45","Lsstcorp Data management"
3152,612,DB_S17_4,CLOSED,"2017-04-01 07:00:41",NULL,"2017-05-01 06:59:00","2017-05-02 05:38:07","Lsstcorp Data management"
3151,603,"SUIT Sprint 2017-4",CLOSED,"2017-04-02 00:17:52",NULL,"2017-04-30 07:02:00","2017-05-01 18:55:01","Lsstcorp Data management"
3153,364,"DRP S17-5",CLOSED,"2017-04-03 10:00:00",NULL,"2017-04-29 03:59:00","2017-04-30 22:18:31","Lsstcorp Data management"
3154,610,"Alert Production S17 - 4",CLOSED,"2017-04-05 23:36:56",NULL,"2017-05-01 06:21:00","2017-04-28 23:06:34","Lsstcorp Data management"
3147,365,"DRP S17-6",CLOSED,"2017-05-01 10:00:00",NULL,"2017-05-31 22:00:00","2017-06-09 16:36:37","Lsstcorp Data management"
3150,604,"SUIT Sprint 2017-5",CLOSED,"2017-05-01 19:05:28",NULL,"2017-06-01 01:50:00","2017-06-01 07:19:40","Lsstcorp Data management"
3148,613,"Alert Production S17 - 5",CLOSED,"2017-05-01 23:42:52",NULL,"2017-06-01 06:27:00","2017-06-01 16:12:52","Lsstcorp Data management"
3149,615,DB_S17_5,CLOSED,"2017-05-02 06:19:28",NULL,"2017-06-01 06:18:00","2017-06-02 00:06:14","Lsstcorp Data management"
3142,619,DB_S17_6,CLOSED,"2017-06-01 07:00:20",NULL,"2017-07-01 06:59:00","2017-07-05 22:33:24","Lsstcorp Data management"
3144,609,"SUIT Sprint 2017-6",CLOSED,"2017-06-01 07:20:22",NULL,"2017-08-01 06:05:00","2017-07-05 01:35:29","Lsstcorp Data management"
3145,616,"Alert Production S17 - 6",CLOSED,"2017-06-02 20:00:05",NULL,"2017-07-01 02:45:00","2017-07-03 17:06:01","Lsstcorp Data management"
3143,614,"DRP F17-1",CLOSED,"2017-06-09 16:36:11",NULL,"2017-06-30 22:00:00","2017-07-12 13:27:24","Lsstcorp Data management"
3141,618,"SUIT Sprint 2017-7",CLOSED,"2017-07-05 01:56:50",NULL,"2017-08-01 00:41:00","2017-08-01 14:04:45","Lsstcorp Data management"
3138,627,DB_S17_7,CLOSED,"2017-07-05 22:00:13",NULL,"2017-07-31 21:59:00","2017-08-04 23:46:53","Lsstcorp Data management"
3139,626,"Alert Production F17 - 7",CLOSED,"2017-07-05 22:17:50",NULL,"2017-08-01 05:02:00","2017-08-01 18:55:41","Lsstcorp Data management"
3140,621,"DRP F17-2",CLOSED,"2017-07-12 13:27:10",NULL,"2017-08-01 03:00:00","2017-08-01 13:21:12","Lsstcorp Data management"
3135,622,"DRP F17-3",CLOSED,"2017-08-01 13:22:19",NULL,"2017-09-01 03:00:00","2017-09-05 14:39:05","Lsstcorp Data management"
3136,629,"SUIT Sprint 2017-8",CLOSED,"2017-08-01 14:05:58",NULL,"2017-09-01 03:50:00","2017-09-01 15:03:43","Lsstcorp Data management"
3137,632,"Alert Production F17 - 8",CLOSED,"2017-08-01 18:56:12",NULL,"2017-09-01 01:41:00","2017-09-01 23:46:17","Lsstcorp Data management"
3134,634,DB_S17_8,CLOSED,"2017-08-04 23:50:36",NULL,"2017-09-01 04:59:00","2017-09-06 01:17:11","Lsstcorp Data management"
3131,640,DB_S17_9,CLOSED,"2017-09-01 05:00:51",NULL,"2017-10-01 04:59:00","2017-10-06 20:32:46","Lsstcorp Data management"
3132,630,"SUIT Sprint 2017-9",CLOSED,"2017-09-01 15:04:56",NULL,"2017-10-01 04:49:00","2017-10-02 03:11:57","Lsstcorp Data management"
3129,623,"DRP F17-4",CLOSED,"2017-09-05 14:39:09",NULL,"2017-09-30 03:00:00","2017-10-03 18:32:43","Lsstcorp Data management"
3133,639,"Alert Production F17 - 9",CLOSED,"2017-09-08 00:59:55",NULL,"2017-09-30 03:00:00","2017-09-28 23:28:55","Lsstcorp Data management"
3120,650,DB_S17_10,CLOSED,"2017-10-01 05:00:27",NULL,"2017-11-01 04:59:00","2018-01-16 22:48:36","Lsstcorp Data management"
3130,631,"SUIT Sprint 2017-10",CLOSED,"2017-10-02 03:12:47",NULL,"2017-11-01 04:57:00","2017-11-02 04:53:28","Lsstcorp Data management"
3127,624,"DRP F17-5",CLOSED,"2017-10-03 18:33:56",NULL,"2017-11-01 03:30:00","2017-11-01 13:36:18","Lsstcorp Data management"
3128,643,"Alert Production F17 - 10",CLOSED,"2017-10-04 14:00:26",NULL,"2017-10-27 21:00:00","2017-10-31 17:47:09","Lsstcorp Data management"
3124,644,"Alert Production F17 - 11",CLOSED,"2017-11-01 13:22:11",NULL,"2017-12-01 04:00:00","2017-12-01 06:55:12","Lsstcorp Data management"
3125,625,"DRP F17-6",CLOSED,"2017-11-01 13:54:38",NULL,"2017-12-01 04:00:00","2017-12-05 01:17:13","Lsstcorp Data management"
3126,647,"SUIT Sprint 2017-11",CLOSED,"2017-11-02 04:54:42",NULL,"2017-12-01 06:39:00","2017-12-02 18:49:46","Lsstcorp Data management"
3021,658,"Sprint - Nov 27 - Dec10",CLOSED,"2017-11-26 15:32:44",NULL,"2017-12-10 15:32:00","2017-12-11 15:16:43","Lsstcorp Data management"
3123,660,"SUIT Sprint 2017-12",CLOSED,"2017-12-02 18:50:21",NULL,"2017-12-23 20:35:00","2018-01-02 14:15:02","Lsstcorp Data management"
3122,668,"DRP S18-1",CLOSED,"2017-12-05 01:25:05",NULL,"2017-12-31 08:25:00","2018-01-09 00:27:28","Lsstcorp Data management"
3121,669,"AP S18-1",CLOSED,"2017-12-06 19:19:31",NULL,"2018-01-01 07:59:00","2018-01-05 00:17:34","Lsstcorp Data management"
3119,680,DB_S18_01,CLOSED,"2018-01-01 06:00:19",NULL,"2018-02-01 05:59:00","2018-02-01 23:04:14","Lsstcorp Data management"
3117,679,BG3_S18_01,CLOSED,"2018-01-01 06:00:55",NULL,"2018-02-01 05:59:00","2018-02-02 01:28:46","Lsstcorp Data management"
3118,661,"SUIT Sprint 2018-01",CLOSED,"2018-01-02 14:15:35",NULL,"2018-01-31 16:00:00","2018-02-01 14:08:27","Lsstcorp Data management"
3116,677,"AP S18-2",CLOSED,"2018-01-05 00:19:29",NULL,"2018-02-01 07:59:00","2018-02-01 16:41:27","Lsstcorp Data management"
3115,678,"DRP S18-2",CLOSED,"2018-01-09 17:14:58",NULL,"2018-02-05 01:00:00","2018-02-05 23:32:30","Lsstcorp Data management"
3110,682,BG3_S18_02,CLOSED,"2018-02-01 06:00:44",NULL,"2018-03-01 05:59:00","2018-03-10 00:18:26","Lsstcorp Data management"
3111,689,DB_S18_02,CLOSED,"2018-02-01 08:00:37",NULL,"2018-03-01 07:59:00","2018-03-10 00:15:06","Lsstcorp Data management"
3114,662,"SUIT Sprint 2018-02",CLOSED,"2018-02-01 14:08:33",NULL,"2018-03-01 03:53:00","2018-03-01 19:07:38","Lsstcorp Data management"
3112,687,"DRP S18-3",CLOSED,"2018-02-06 00:04:13",NULL,"2018-03-06 00:00:00","2018-03-06 01:27:19","Lsstcorp Data management"
3113,683,"AP S18-3",CLOSED,"2018-02-07 23:56:01",NULL,"2018-03-01 07:59:00","2018-03-02 23:10:14","Lsstcorp Data management"
3109,699,BG3_S18_03,CLOSED,"2018-03-01 06:00:26",NULL,"2018-04-01 04:59:00","2018-04-03 01:38:51","Lsstcorp Data management"
3106,663,"SUIT Sprint 2018-03",CLOSED,"2018-03-01 19:08:32",NULL,"2018-03-31 20:53:00","2018-04-02 01:07:46","Lsstcorp Data management"
3105,684,"AP S18-4",CLOSED,"2018-03-02 23:10:47",NULL,"2018-03-31 00:00:00","2018-04-05 21:00:17","Lsstcorp Data management"
3107,696,"DRP S18-4",CLOSED,"2018-03-06 01:29:16",NULL,"2018-04-02 01:25:00","2018-04-08 17:45:44","Lsstcorp Data management"
3108,697,DB_S18_03,CLOSED,"2018-03-10 00:20:12",NULL,"2018-04-01 06:59:00","2018-04-03 00:55:18","Lsstcorp Data management"
3103,690,"SUIT Sprint 2018-04",CLOSED,"2018-04-02 01:08:35",NULL,"2018-05-01 02:53:00","2018-05-01 05:04:44","Lsstcorp Data management"
3101,703,DB_S18_04,CLOSED,"2018-04-03 01:39:55",NULL,"2018-05-01 06:59:00","2018-05-05 01:33:02","Lsstcorp Data management"
3104,704,BG3_S18_04,CLOSED,"2018-04-04 21:46:07",NULL,"2018-05-01 06:59:00","2018-05-05 01:45:42","Lsstcorp Data management"
3100,685,"AP S18-5",CLOSED,"2018-04-05 21:00:48",NULL,"2018-05-01 06:50:00","2018-05-08 20:07:55","Lsstcorp Data management"
3102,707,"DRP S18-5",CLOSED,"2018-04-08 17:58:16",NULL,"2018-05-01 00:37:00","2018-05-04 21:08:17","Lsstcorp Data management"
3099,691,"SUIT Sprint 2018-05",CLOSED,"2018-05-01 05:05:22",NULL,"2018-05-30 06:50:00","2018-06-01 13:50:41","Lsstcorp Data management"
3096,727,"DRP S18-6",CLOSED,"2018-05-04 21:11:57",NULL,"2018-06-02 00:00:00","2018-06-06 04:24:36","Lsstcorp Data management"
3098,728,BG3_S18_05,CLOSED,"2018-05-05 01:46:00",NULL,"2018-06-01 06:59:00","2018-06-05 01:42:28","Lsstcorp Data management"
3097,726,DB_S18_05,CLOSED,"2018-05-05 01:46:29",NULL,"2018-06-01 06:59:00","2018-06-05 01:42:18","Lsstcorp Data management"
3095,686,"AP S18-6",CLOSED,"2018-05-08 20:08:13",NULL,"2018-06-03 05:58:00","2018-06-12 22:33:11","Lsstcorp Data management"
3091,745,BG3_F18_06,CLOSED,"2018-06-01 07:00:00",NULL,"2018-07-01 06:59:00","2018-07-07 01:06:31","Lsstcorp Data management"
3092,744,DB_F18_06,CLOSED,"2018-06-01 07:00:00",NULL,"2018-07-01 06:59:00","2018-07-07 01:04:46","Lsstcorp Data management"
3094,705,"SUIT Sprint 2018-06",CLOSED,"2018-06-01 13:50:25",NULL,"2018-07-01 03:35:00","2018-07-02 05:02:52","Lsstcorp Data management"
3093,742,"DRP F18-1",CLOSED,"2018-06-06 04:28:36",NULL,"2018-06-30 07:17:00","2018-07-03 04:45:05","Lsstcorp Data management"
3090,746,"AP F18-1",CLOSED,"2018-06-12 22:33:34",NULL,"2018-07-01 01:22:00","2018-07-13 19:32:44","Lsstcorp Data management"
3087,759,BG3_F18_07,CLOSED,"2018-07-01 07:00:23",NULL,"2018-08-01 06:59:00","2018-08-04 01:41:41","Lsstcorp Data management"
3088,758,DB_F18_07,CLOSED,"2018-07-01 07:00:50",NULL,"2018-08-01 06:59:00","2018-08-04 01:39:36","Lsstcorp Data management"
3089,736,"SUIT Sprint 2018-07",CLOSED,"2018-07-02 05:03:38",NULL,"2018-08-01 06:48:00","2018-08-01 13:30:36","Lsstcorp Data management"
3086,756,"DRP F18-2",CLOSED,"2018-07-03 04:48:41",NULL,"2018-07-27 07:37:00","2018-08-04 15:29:29","Lsstcorp Data management"
3085,747,"AP F18-2",CLOSED,"2018-07-13 19:33:19",NULL,"2018-08-01 06:22:00","2018-08-09 17:34:27","Lsstcorp Data management"
3080,771,DB_F18_08,CLOSED,"2018-08-01 07:00:09",NULL,"2018-09-01 06:59:00","2018-09-06 23:41:20","Lsstcorp Data management"
3084,772,BG3_F18_08,CLOSED,"2018-08-01 07:00:43",NULL,"2018-09-01 06:59:00","2018-09-06 23:44:06","Lsstcorp Data management"
3083,738,"SUIT Sprint 2018-08",CLOSED,"2018-08-01 13:31:30",NULL,"2018-09-01 04:16:00","2018-09-01 03:18:54","Lsstcorp Data management"
3081,768,"DRP F18-3",CLOSED,"2018-08-04 15:58:23",NULL,"2018-09-01 01:00:00","2018-09-05 15:08:58","Lsstcorp Data management"
3082,748,"AP F18-3",CLOSED,"2018-08-09 17:34:09",NULL,"2018-09-01 06:00:00","2018-09-05 04:30:14","Lsstcorp Data management"
3023,761,"Sprint - Aug 20 - Sep 2",CLOSED,"2018-08-20 18:18:32",NULL,"2018-09-04 18:18:00","2018-09-10 15:12:38","Lsstcorp Data management"
3073,778,DB_F18_09,CLOSED,"2018-09-01 07:00:53",NULL,"2018-10-01 06:59:00","2018-10-05 22:49:01","Lsstcorp Data management"
3078,739,"SUIT Sprint 2018-09",CLOSED,"2018-09-01 15:19:00",NULL,"2018-09-30 18:04:00","2018-10-01 17:44:48","Lsstcorp Data management"
3075,749,"AP F18-4",CLOSED,"2018-09-05 04:31:58",NULL,"2018-09-30 01:00:00","2018-10-02 21:56:52","Lsstcorp Data management"
3074,774,"DRP F18-4",CLOSED,"2018-09-05 15:16:26",NULL,"2018-10-03 00:18:00","2018-10-02 20:45:50","Lsstcorp Data management"
3072,779,BG3_F18_09,CLOSED,"2018-09-07 15:42:40",NULL,"2018-10-02 00:00:00","2018-10-05 22:51:44","Lsstcorp Data management"
3079,783,"Arch 2018-09-17",CLOSED,"2018-09-14 18:35:08",NULL,"2018-09-17 22:00:00","2018-09-17 22:34:45","Lsstcorp Data management"
3077,784,"Arch 2018-09-24",CLOSED,"2018-09-17 22:35:37",NULL,"2018-09-24 22:00:00","2018-09-24 22:56:58","Lsstcorp Data management"
3076,788,"Arch 2018-10-01",CLOSED,"2018-09-24 22:00:24",NULL,"2018-10-01 22:00:00","2018-10-01 22:38:59","Lsstcorp Data management"
3063,792,DB_F18_10,CLOSED,"2018-10-01 07:00:38",NULL,"2018-11-01 06:59:00","2018-11-05 07:02:53","Lsstcorp Data management"
3062,797,BG3_F18_10,CLOSED,"2018-10-01 07:00:47",NULL,"2018-11-01 06:59:00","2018-11-05 07:05:39","Lsstcorp Data management"
3069,740,"SUIT Sprint 2018-10",CLOSED,"2018-10-01 17:45:38",NULL,"2018-11-01 03:30:00","2018-11-01 17:39:37","Lsstcorp Data management"
3071,789,"Arch 2018-10-08",CLOSED,"2018-10-01 22:39:40",NULL,"2018-10-08 22:39:00","2018-10-11 19:55:35","Lsstcorp Data management"
3065,790,"DRP F18-5",CLOSED,"2018-10-02 20:47:10",NULL,"2018-11-03 05:49:00","2018-11-02 23:49:55","Lsstcorp Data management"
3068,750,"AP F18-5",CLOSED,"2018-10-02 21:57:51",NULL,"2018-11-01 01:00:00","2018-11-03 09:16:24","Lsstcorp Data management"
3070,798,"Arch 2018-10-15",CLOSED,"2018-10-08 22:55:29",NULL,"2018-10-15 22:00:00","2018-10-15 22:43:44","Lsstcorp Data management"
3067,799,"Arch 2018-10-22",CLOSED,"2018-10-15 22:43:03",NULL,"2018-10-22 22:00:00","2018-10-23 17:32:05","Lsstcorp Data management"
3066,801,"Arch 2018-10-29",CLOSED,"2018-10-22 23:00:40",NULL,"2018-10-29 22:00:00","2018-10-31 20:16:47","Lsstcorp Data management"
3064,802,"Arch 2018-11-05",CLOSED,"2018-10-29 22:00:33",NULL,"2018-11-05 23:00:00","2018-11-14 23:58:05","Lsstcorp Data management"
3049,809,DB_F18_11,CLOSED,"2018-11-01 07:00:32",NULL,"2018-12-01 07:59:00","2019-01-12 00:15:02","Lsstcorp Data management"
3051,812,BG3_F18_11,CLOSED,"2018-11-01 07:00:39",NULL,"2018-12-01 07:59:00","2019-01-12 00:15:29","Lsstcorp Data management"
3061,741,"SUIT Sprint 2018-11",CLOSED,"2018-11-01 17:40:40",NULL,"2018-12-01 03:25:00","2018-12-01 16:06:11","Lsstcorp Data management"
3057,811,"DRP F18-6",CLOSED,"2018-11-02 23:52:16",NULL,"2018-12-01 01:00:00","2018-12-02 20:36:04","Lsstcorp Data management"
3056,751,"AP F18-6",CLOSED,"2018-11-03 09:46:06",NULL,"2018-12-01 02:00:00","2018-12-06 00:55:46","Lsstcorp Data management"
3060,803,"Arch 2018-11-12",CLOSED,"2018-11-12 23:00:36",NULL,"2018-11-19 23:00:00","2018-11-26 22:43:14","Lsstcorp Data management"
3027,807,"Sprint - Nov 12 - Nov 25",CLOSED,"2018-11-12 23:20:26",NULL,"2018-11-25 23:20:00","2018-11-26 20:02:25","Lsstcorp Data management"
3025,819,"Sprint - Nov 26 - Dec 9",CLOSED,"2018-11-26 20:03:27",NULL,"2018-12-09 20:03:00","2018-12-10 20:46:48","Lsstcorp Data management"
3059,816,"Arch 2018-11-19",CLOSED,"2018-11-26 22:43:32",NULL,"2018-12-03 22:43:00","2018-11-27 18:09:36","Lsstcorp Data management"
3058,821,"Arch 2018-11-26",CLOSED,"2018-11-26 23:09:10",NULL,"2018-12-03 23:09:00","2018-12-03 23:23:25","Lsstcorp Data management"
3054,796,"SUIT Sprint 2018-12",CLOSED,"2018-12-01 16:06:24",NULL,"2018-12-22 03:51:00","2019-01-02 23:06:28","Lsstcorp Data management"
3052,822,"DRP S19-1",CLOSED,"2018-12-02 20:39:55",NULL,"2019-01-03 05:41:00","2019-01-10 21:23:22","Lsstcorp Data management"
3055,823,"Arch 2018-12-03",CLOSED,"2018-12-03 23:27:15",NULL,"2018-12-10 23:27:00","2018-12-11 00:36:14","Lsstcorp Data management"
3050,825,"AP S19-1",CLOSED,"2018-12-06 00:56:17",NULL,"2019-01-01 01:00:00","2019-01-14 15:10:18","Lsstcorp Data management"
3053,824,"Arch 2018-12-10",CLOSED,"2018-12-10 23:30:32",NULL,"2018-12-17 23:30:00","2019-01-07 22:53:15","Lsstcorp Data management"
3041,849,DB_S19_01,CLOSED,"2019-01-01 08:00:48",NULL,"2019-02-01 07:59:00","2019-02-02 02:16:23","Lsstcorp Data management"
3044,850,BG3_S19_01,CLOSED,"2019-01-01 08:00:59",NULL,"2019-02-01 07:59:00","2019-02-02 02:17:05","Lsstcorp Data management"
3047,814,"SUIT Sprint 2019-01",CLOSED,"2019-01-02 23:06:35",NULL,"2019-02-01 04:00:00","2019-02-01 15:01:41","Lsstcorp Data management"
3045,843,"TSSW Sprint - Jan 07 - Jan 20",CLOSED,"2019-01-07 21:05:19",NULL,"2019-01-21 21:05:00","2019-01-22 22:32:42","Lsstcorp Data management"
3048,841,"Arch 2019-01-07",CLOSED,"2019-01-07 23:00:22",NULL,"2019-01-14 23:00:00","2019-01-15 01:20:13","Lsstcorp Data management"
3037,840,"DRP S19-2",CLOSED,"2019-01-10 21:24:27",NULL,"2019-02-02 06:26:00","2019-02-09 01:34:17","Lsstcorp Data management"
3042,830,"AP S19-2",CLOSED,"2019-01-14 15:10:50",NULL,"2019-02-01 01:00:00","2019-02-06 05:14:49","Lsstcorp Data management"
3046,851,"Arch 2019-01-14",CLOSED,"2019-01-14 23:00:35",NULL,"2019-01-21 23:00:00","2019-01-21 23:26:00","Lsstcorp Data management"
3043,852,"Arch 2019-01-21",CLOSED,"2019-01-21 23:00:24",NULL,"2019-01-28 23:00:00","2019-01-28 23:33:49","Lsstcorp Data management"
3040,844,"TSSW Sprint - Jan 21 - Feb 02",CLOSED,"2019-01-22 22:34:40",NULL,"2019-02-03 22:34:00","2019-02-04 23:06:52","Lsstcorp Data management"
3039,853,"Arch 2019-01-28",CLOSED,"2019-01-28 23:00:05",NULL,"2019-02-04 23:00:00","2019-02-05 19:23:44","Lsstcorp Data management"
3019,856,DB_S19_02,CLOSED,"2019-02-01 08:00:22",NULL,"2019-03-01 07:59:00","2019-03-14 02:19:46","Lsstcorp Data management"
3035,815,"SUIT Sprint 2019-02",CLOSED,"2019-02-01 15:02:21",NULL,"2019-03-01 03:56:00","2019-03-01 14:50:14","Lsstcorp Data management"
3036,854,"Arch 2019-02-04",CLOSED,"2019-02-04 23:00:09",NULL,"2019-02-11 23:00:00","2019-02-12 18:04:44","Lsstcorp Data management"
3034,845,"TSSW Sprint - Feb 04 - Feb 16",CLOSED,"2019-02-04 23:07:11",NULL,"2019-02-16 23:07:00","2019-02-19 11:38:32","Lsstcorp Data management"
3031,831,"AP S19-3",CLOSED,"2019-02-06 05:15:19",NULL,"2019-03-01 01:00:00","2019-03-01 16:20:10","Lsstcorp Data management"
3030,859,"DRP S19-3",CLOSED,"2019-02-09 01:36:53",NULL,"2019-03-02 01:36:00","2019-03-05 21:47:32","Lsstcorp Data management"
3033,862,"Arch 2019-02-11",CLOSED,"2019-02-11 23:00:03",NULL,"2019-02-18 23:00:00","2019-02-22 17:15:30","Lsstcorp Data management"
3029,846,"TSSW Sprint - Feb 18 - Mar 02",CLOSED,"2019-02-18 11:39:44",NULL,"2019-03-03 11:39:00","2019-03-05 16:54:15","Lsstcorp Data management"
3032,863,"Arch 2019-02-18",CLOSED,"2019-02-18 23:00:53",NULL,"2019-02-25 23:00:00","2019-02-26 01:40:54","Lsstcorp Data management"
3028,867,"Arch 2019-02-25",CLOSED,"2019-02-25 23:00:12",NULL,"2019-03-04 23:00:00","2019-03-05 00:10:33","Lsstcorp Data management"
3013,893,DB_S19_03,CLOSED,"2019-03-01 05:00:33",NULL,"2019-04-01 03:59:00","2019-04-02 15:47:31","Lsstcorp Data management"
3015,860,"SUIT Sprint 2019-03",CLOSED,"2019-03-01 14:51:49",NULL,"2019-04-01 03:45:00","2019-03-31 20:56:54","Lsstcorp Data management"
3016,832,"AP S19-4",CLOSED,"2019-03-01 16:20:08",NULL,"2019-03-30 00:00:00","2019-04-01 21:06:23","Lsstcorp Data management"
3018,847,"TSSW Sprint - Mar 04 - Mar 16",CLOSED,"2019-03-04 16:55:25",NULL,"2019-03-16 16:55:00","2019-03-20 00:11:27","Lsstcorp Data management"
3020,869,"Arch 2019-03-04",CLOSED,"2019-03-04 23:00:56",NULL,"2019-03-11 22:00:00","2019-03-13 18:05:17","Lsstcorp Data management"
3010,868,"DRP S19-4",CLOSED,"2019-03-05 21:49:27",NULL,"2019-04-01 00:49:00","2019-04-09 01:49:09","Lsstcorp Data management"
3017,870,"Arch 2019-03-11",CLOSED,"2019-03-11 22:00:51",NULL,"2019-03-18 22:00:00","2019-03-18 22:46:11","Lsstcorp Data management"
3014,871,"Arch 2019-03-18",CLOSED,"2019-03-18 22:00:28",NULL,"2019-03-25 22:00:00","2019-04-01 22:00:58","Lsstcorp Data management"
3012,848,"TSSW Sprint - Mar 18 - Mar 30",CLOSED,"2019-03-19 00:15:02",NULL,"2019-03-31 00:15:00","2019-04-02 16:07:28","Lsstcorp Data management"
3003,902,DB_S19_04,CLOSED,"2019-04-01 04:00:55",NULL,"2019-05-01 03:59:00","2019-05-02 22:47:13","Lsstcorp Data management"
3011,861,"SUIT Sprint 2019-04",CLOSED,"2019-04-01 08:57:00",NULL,"2019-05-01 06:00:00","2019-05-01 17:57:03","Lsstcorp Data management"
3007,879,"TSSW Sprint - Apr 1 - Apr 13",CLOSED,"2019-04-01 16:08:25",NULL,"2019-04-13 16:08:00","2019-04-16 15:39:37","Lsstcorp Data management"
3002,833,"AP S19-5",CLOSED,"2019-04-01 21:06:49",NULL,"2019-05-01 00:00:00","2019-05-02 21:50:56","Lsstcorp Data management"
3009,899,"Arch 2019-04-01",CLOSED,"2019-04-01 22:00:14",NULL,"2019-04-08 22:00:00","2019-04-08 22:49:14","Lsstcorp Data management"
3008,900,"Arch 2019-04-08",CLOSED,"2019-04-08 22:00:35",NULL,"2019-04-15 22:00:00","2019-04-14 22:47:48","Lsstcorp Data management"
3000,898,"DRP S19-5",CLOSED,"2019-04-09 01:50:39",NULL,"2020-05-03 04:50:00","2019-05-05 22:06:17","Lsstcorp Data management"
3004,880,"TSSW Sprint - Apr 15 - Apr 27",CLOSED,"2019-04-15 15:40:53",NULL,"2019-04-27 15:40:00","2019-04-30 15:21:01","Lsstcorp Data management"
3006,904,"Arch 2019-04-15",CLOSED,"2019-04-15 22:00:16",NULL,"2019-04-22 22:00:00","2019-04-23 06:09:01","Lsstcorp Data management"
3005,905,"Arch 2019-04-22",CLOSED,"2019-04-22 22:00:45",NULL,"2019-04-29 22:00:00","2019-04-29 22:36:17","Lsstcorp Data management"
2997,881,"TSSW Sprint - Apr 29 - May 11",CLOSED,"2019-04-29 15:21:50",NULL,"2019-05-11 15:21:00","2019-05-14 21:30:12","Lsstcorp Data management"
3001,906,"Arch 2019-04-29",CLOSED,"2019-04-29 22:00:32",NULL,"2019-05-06 22:00:00","2019-05-09 16:42:56","Lsstcorp Data management"
2992,914,DB_S19_05,CLOSED,"2019-05-01 04:00:43",NULL,"2019-06-01 03:59:00","2019-06-08 02:18:17","Lsstcorp Data management"
2993,874,"SUIT Sprint 2019-05",CLOSED,"2019-05-01 05:59:05",NULL,"2019-05-31 17:59:00","2019-06-02 17:56:39","Lsstcorp Data management"
2989,834,"AP S19-6",CLOSED,"2019-05-02 21:53:20",NULL,"2019-06-01 00:00:00","2019-06-17 14:25:37","Lsstcorp Data management"
2996,915,"DRP S19-6a",CLOSED,"2019-05-05 22:07:58",NULL,"2019-05-18 01:07:00","2019-05-20 19:29:20","Lsstcorp Data management"
2998,908,"Arch 2019-05-06",CLOSED,"2019-05-06 22:00:13",NULL,"2019-05-13 22:00:00","2019-05-13 22:47:35","Lsstcorp Data management"
2995,882,"TSSW Sprint - May 13 - May 25",CLOSED,"2019-05-13 21:30:58",NULL,"2019-05-25 21:30:00","2019-05-28 16:25:59","Lsstcorp Data management"
2988,916,"DRP S19-6b",CLOSED,"2019-05-20 19:29:45",NULL,"2019-06-01 22:29:00","2019-06-14 16:38:49","Lsstcorp Data management"
2994,910,"Arch 2019-05-20",CLOSED,"2019-05-20 22:00:03",NULL,"2019-05-27 22:00:00","2019-06-03 04:08:24","Lsstcorp Data management"
2999,911,"Arch 2019-05-27",CLOSED,"2019-05-28 04:09:52",NULL,"2019-06-04 04:09:00","2019-06-03 04:09:58","Lsstcorp Data management"
2990,883,"TSSW Sprint - May 28 - Jun 8",CLOSED,"2019-05-28 16:26:10",NULL,"2019-06-08 16:26:00","2019-06-12 20:15:53","Lsstcorp Data management"
2978,919,"Per-CCD Sprint 1",CLOSED,"2019-05-30 17:35:48",NULL,"2019-06-10 18:00:00","2020-01-13 23:22:32","Lsstcorp Data management"
2985,927,DB_F19_06,CLOSED,"2019-06-01 04:00:25",NULL,"2019-07-01 03:59:00","2019-07-03 20:57:32","Lsstcorp Data management"
2983,875,"SUIT Sprint 2019-06",CLOSED,"2019-06-02 17:57:25",NULL,"2019-06-30 17:57:00","2019-07-03 00:20:59","Lsstcorp Data management"
2991,924,"Arch 2019-06-03",CLOSED,"2019-06-03 22:00:00",NULL,"2019-06-10 22:00:00","2019-06-10 22:24:08","Lsstcorp Data management"
2987,884,"TSSW Sprint - Jun 10 - Jun 22",CLOSED,"2019-06-10 20:16:28",NULL,"2019-06-23 20:16:00","2019-06-26 14:50:53","Lsstcorp Data management"
2986,925,"Arch 2019-06-10",CLOSED,"2019-06-10 22:00:24",NULL,"2019-06-17 22:00:00","2019-06-25 16:49:25","Lsstcorp Data management"
2980,929,"DRP F19-1",CLOSED,"2019-06-14 16:39:04",NULL,"2019-07-05 19:39:00","2019-07-15 15:15:18","Lsstcorp Data management"
2977,923,"AP F19-1",CLOSED,"2019-06-17 14:31:14",NULL,"2019-06-30 01:00:00","2019-07-23 00:15:44","Lsstcorp Data management"
2982,885,"TSSW Sprint - Jun 24 - Jul 6",CLOSED,"2019-06-24 14:51:31",NULL,"2019-07-06 14:51:00","2019-07-10 23:18:02","Lsstcorp Data management"
2984,931,"Arch 2019-06-24",CLOSED,"2019-06-24 22:00:46",NULL,"2019-07-01 22:00:00","2019-07-03 18:40:34","Lsstcorp Data management"
2981,876,"SUIT Sprint 2019-07",CLOSED,"2019-07-01 00:21:22",NULL,"2019-07-31 20:00:00","2019-08-01 13:54:47","Lsstcorp Data management"
2959,934,DB_F19_07,CLOSED,"2019-07-03 21:07:42",NULL,"2019-08-02 21:06:00","2019-09-25 22:37:32","Lsstcorp Data management"
2979,935,"Arch 2019-07-08",CLOSED,"2019-07-08 22:00:28",NULL,"2019-07-15 22:00:00","2019-07-15 22:25:57","Lsstcorp Data management"
2976,886,"TSSW Sprint - Jul 8 - Jul 20",CLOSED,"2019-07-08 23:18:35",NULL,"2019-07-20 23:18:00","2019-07-23 23:26:14","Lsstcorp Data management"
2962,939,"DRP F19-2",CLOSED,"2019-07-15 15:18:31",NULL,"2019-08-05 18:18:00","2019-09-12 19:02:54","Lsstcorp Data management"
2975,936,"Arch 2019-07-15",CLOSED,"2019-07-15 22:00:21",NULL,"2019-07-22 22:00:00","2019-07-29 20:31:06","Lsstcorp Data management"
2974,937,"Arch 2019-07-22",CLOSED,"2019-07-22 22:00:24",NULL,"2019-07-29 22:00:00","2019-07-29 22:27:56","Lsstcorp Data management"
2973,887,"TSSW Sprint - Jul 22 - Aug 3",CLOSED,"2019-07-22 23:26:57",NULL,"2019-08-03 23:26:00","2019-08-06 14:47:31","Lsstcorp Data management"
2964,940,"AP F19-2",CLOSED,"2019-07-23 00:16:20",NULL,"2019-08-03 01:00:00","2019-09-18 00:23:35","Lsstcorp Data management"
2972,943,"Arch 2019-07-29",CLOSED,"2019-07-29 22:00:01",NULL,"2019-08-05 22:00:00","2019-08-06 15:51:09","Lsstcorp Data management"
2970,877,"SUIT Sprint 2019-08",CLOSED,"2019-08-01 13:55:37",NULL,"2019-08-31 13:55:00","2019-09-01 16:27:26","Lsstcorp Data management"
2969,888,"TSSW Sprint - Aug 5 - Aug 17",CLOSED,"2019-08-05 14:47:54",NULL,"2019-08-17 14:47:00","2019-08-20 18:07:54","Lsstcorp Data management"
2971,944,"Arch 2019-08-05",CLOSED,"2019-08-05 22:00:31",NULL,"2019-08-12 22:00:00","2019-08-19 23:23:39","Lsstcorp Data management"
2967,889,"TSSW Sprint - Aug 19 - Aug 31",CLOSED,"2019-08-19 18:08:38",NULL,"2019-08-31 18:08:00","2019-09-05 20:43:04","Lsstcorp Data management"
2968,948,"Arch 2019-08-19",CLOSED,"2019-08-19 22:00:13",NULL,"2019-08-26 22:00:00","2019-08-27 16:36:32","Lsstcorp Data management"
2965,949,"Arch 2019-08-26",CLOSED,"2019-08-26 22:00:52",NULL,"2019-09-02 22:00:00","2019-09-09 21:57:37","Lsstcorp Data management"
2961,890,"TSSW Sprint - Sep 2 - Sep 14",CLOSED,"2019-09-02 20:43:38",NULL,"2019-09-14 20:43:00","2019-09-16 22:19:08","Lsstcorp Data management"
2963,952,"Arch 2019-09-09",CLOSED,"2019-09-09 22:00:40",NULL,"2019-09-16 22:00:00","2019-09-17 06:11:47","Lsstcorp Data management"
2960,955,"DRP F19-4",CLOSED,"2019-09-12 19:05:57",NULL,"2019-09-30 19:05:00","2019-10-08 02:41:39","Lsstcorp Data management"
2955,953,"Arch 2019-09-16",CLOSED,"2019-09-16 22:00:14",NULL,"2019-09-23 22:00:00","2019-10-22 17:52:14","Lsstcorp Data management"
2957,891,"TSSW Sprint - Sep 16 - Sep 28",CLOSED,"2019-09-16 22:19:43",NULL,"2019-09-28 22:19:00","2019-10-01 00:15:18","Lsstcorp Data management"
2966,941,"AP F19-3 (Skipped)",CLOSED,"2019-09-18 00:28:28",NULL,"2019-09-18 00:30:00","2019-09-18 00:28:36","Lsstcorp Data management"
2958,956,"AP F19-4 (2H September)",CLOSED,"2019-09-18 00:32:36",NULL,"2019-10-01 00:30:00","2019-10-14 11:40:55","Lsstcorp Data management"
2956,961,"TSSW Sprint - Sep 29 - Oct 13",CLOSED,"2019-10-01 00:17:36",NULL,"2019-10-13 00:17:00","2019-10-14 20:12:05","Lsstcorp Data management"
2941,960,DB_F19_10,CLOSED,"2019-10-01 07:00:00",NULL,"2019-11-01 06:59:00","2019-12-13 20:39:19","Lsstcorp Data management"
2951,965,"DRP F19-5",CLOSED,"2019-10-08 02:48:21",NULL,"2019-11-02 02:48:00","2019-11-05 16:52:25","Lsstcorp Data management"
2952,957,"AP F19-5 (October)",CLOSED,"2019-10-14 11:42:41",NULL,"2019-11-01 00:00:00","2019-11-06 21:21:01","Lsstcorp Data management"
2954,962,"TSSW Sprint - Oct 14 - Oct 27",CLOSED,"2019-10-14 20:19:18",NULL,"2019-10-26 20:19:00","2019-10-28 22:00:49","Lsstcorp Data management"
2953,968,"Arch 2019-10-21",CLOSED,"2019-10-21 22:00:55",NULL,"2019-10-28 22:00:00","2019-11-04 23:26:42","Lsstcorp Data management"
2950,966,"TSSW Sprint - Oct 28 - Nov 10",CLOSED,"2019-10-28 22:01:26",NULL,"2019-11-09 22:01:00","2019-11-11 22:07:14","Lsstcorp Data management"
2949,971,"Arch 2019-11-04",CLOSED,"2019-11-04 23:00:04",NULL,"2019-11-11 23:00:00","2019-11-11 23:55:05","Lsstcorp Data management"
2935,972,"DRP F19-6 (Nov)",CLOSED,"2019-11-05 16:53:33",NULL,"2019-11-30 16:53:00","2020-01-13 15:48:08","Lsstcorp Data management"
2944,958,"AP F19-6 (November)",CLOSED,"2019-11-06 21:21:39",NULL,"2019-11-24 09:39:00","2019-12-09 19:48:57","Lsstcorp Data management"
2947,969,"TSSW Sprint - Nov 11 - Nov 22",CLOSED,"2019-11-11 22:08:14",NULL,"2019-11-23 22:08:00","2019-11-25 22:35:19","Lsstcorp Data management"
2948,973,"Arch 2019-11-11",CLOSED,"2019-11-11 23:00:42",NULL,"2019-11-18 23:00:00","2019-11-19 14:45:09","Lsstcorp Data management"
2946,976,"Arch 2019-11-18",CLOSED,"2019-11-18 23:00:43",NULL,"2019-11-25 23:00:00","2019-11-27 05:28:54","Lsstcorp Data management"
2943,975,"TSSW Sprint - Nov 25 - Dec 6",CLOSED,"2019-11-25 22:35:04",NULL,"2019-12-07 22:35:00","2019-12-10 13:40:31","Lsstcorp Data management"
2945,979,"Arch 2019-11-25",CLOSED,"2019-11-25 23:00:21",NULL,"2019-12-02 23:00:00","2019-12-03 02:20:59","Lsstcorp Data management"
2938,990,DB_S20_12,CLOSED,"2019-12-01 08:00:28",NULL,"2020-01-01 07:59:00","2020-01-06 17:19:49","Lsstcorp Data management"
2942,982,"Arch 2019-12-02",CLOSED,"2019-12-02 23:00:26",NULL,"2019-12-09 23:00:00","2019-12-11 02:40:21","Lsstcorp Data management"
2937,981,"AP S20-1 (December)",CLOSED,"2019-12-09 19:49:46",NULL,"2020-01-01 02:00:00","2020-01-16 00:37:41","Lsstcorp Data management"
2940,988,"Arch 2019-12-09",CLOSED,"2019-12-09 23:00:51",NULL,"2019-12-16 23:00:00","2019-12-19 06:24:51","Lsstcorp Data management"
2939,977,"TSSW Sprint - Dec 9 - Dec 20",CLOSED,"2019-12-10 17:40:50",NULL,"2019-12-22 17:40:00","2019-12-23 18:28:39","Lsstcorp Data management"
2933,991,"Arch 2019-12-16",CLOSED,"2019-12-16 23:00:20",NULL,"2019-12-23 23:00:00","2020-01-23 02:33:04","Lsstcorp Data management"
2936,978,"TSSW Sprint - Dec 23 - Jan 3",CLOSED,"2019-12-23 20:39:48",NULL,"2020-01-04 20:39:00","2020-01-06 22:24:27","Lsstcorp Data management"
2931,995,DB_S20_01,CLOSED,"2020-01-01 08:00:27",NULL,"2020-02-01 07:59:00","2020-02-03 23:18:47","Lsstcorp Data management"
2934,992,"TSSW Sprint - Jan 06 - Jan 17",CLOSED,"2020-01-06 22:25:30",NULL,"2020-01-18 22:25:00","2020-01-22 14:08:56","Lsstcorp Data management"
2930,998,"DRP S20-2 (Jan)",CLOSED,"2020-01-13 21:10:01",NULL,"2020-02-28 21:10:00","2020-02-03 12:08:02","Lsstcorp Data management"
2932,983,"AP S20-2 (January)",CLOSED,"2020-01-16 00:38:48",NULL,"2020-02-01 02:00:00","2020-02-14 22:10:42","Lsstcorp Data management"
2929,993,"TSSW Sprint - Jan 21 - Feb 01",CLOSED,"2020-01-20 14:09:35",NULL,"2020-02-03 14:09:00","2020-02-03 22:11:03","Lsstcorp Data management"
2914,1003,DB_S20_02,CLOSED,"2020-02-01 08:00:58",NULL,"2020-03-01 07:59:00","2020-06-04 19:52:11","Lsstcorp Data management"
2922,1000,"DRP S20-3 (Feb)",CLOSED,"2020-02-03 12:08:10",NULL,"2020-02-28 13:08:00","2020-04-03 17:40:39","Lsstcorp Data management"
2928,996,"TSSW Sprint - Feb3 - Feb 14",CLOSED,"2020-02-03 22:11:03",NULL,"2020-02-17 22:11:00","2020-02-17 17:58:50","Lsstcorp Data management"
2926,984,"AP S20-3 (February)",CLOSED,"2020-02-14 22:11:18",NULL,"2020-02-29 01:00:00","2020-03-05 00:37:01","Lsstcorp Data management"
2927,1001,"TSSW Sprint - Feb 17 - Mar 2",CLOSED,"2020-02-17 17:59:29",NULL,"2020-03-02 17:59:00","2020-03-02 18:29:23","Lsstcorp Data management"
2925,1002,"TSSW Sprint - Mar 2 - Mar 16",CLOSED,"2020-03-02 18:30:28",NULL,"2020-03-16 18:30:00","2020-03-16 19:10:23","Lsstcorp Data management"
2923,985,"AP S20-4 (March)",CLOSED,"2020-03-05 00:37:50",NULL,"2020-04-01 01:00:00","2020-04-03 21:48:16","Lsstcorp Data management"
2924,1006,"TSSW Sprint - Mar 16 - Mar 30",CLOSED,"2020-03-16 19:12:11",NULL,"2020-03-30 19:12:00","2020-03-30 19:06:13","Lsstcorp Data management"
2921,1009,"TSSW Sprint - Mar 30 - Apr 13",CLOSED,"2020-03-30 19:07:56",NULL,"2020-04-13 20:07:00","2020-04-13 19:50:41","Lsstcorp Data management"
2919,1014,"DRP S20-5 (Apr)",CLOSED,"2020-04-03 17:41:57",NULL,"2020-04-30 18:41:00","2020-05-01 20:48:44","Lsstcorp Data management"
2918,986,"AP S20-5 (April)",CLOSED,"2020-04-03 21:48:59",NULL,"2020-05-01 00:00:00","2020-05-11 21:10:22","Lsstcorp Data management"
2920,1012,"TSSW Sprint - Apr 13 - Apr 27",CLOSED,"2020-04-13 20:51:00",NULL,"2020-04-27 21:51:00","2020-04-27 23:22:33","Lsstcorp Data management"
2917,1015,"TSSW Sprint - Apr 27 - May 11",CLOSED,"2020-04-28 00:22:00",NULL,"2020-05-12 01:22:00","2020-05-11 21:20:21","Lsstcorp Data management"
2912,1021,"DRP S20-6 (May)",CLOSED,"2020-05-01 20:49:36",NULL,"2020-05-28 21:49:00","2020-06-12 04:14:20","Lsstcorp Data management"
2916,987,"AP S20-6 (May)",CLOSED,"2020-05-11 21:10:00",NULL,"2020-05-30 00:00:00","2020-06-04 19:00:33","Lsstcorp Data management"
2915,1018,"TSSW Sprint - May 11 - May 25",CLOSED,"2020-05-11 22:20:00",NULL,"2020-05-25 23:20:00","2020-05-25 18:27:46","Lsstcorp Data management"
2913,1022,"TSSW Sprint - May 25 - Jun 08",CLOSED,"2020-05-25 19:28:00",NULL,"2020-06-08 20:28:00","2020-06-08 21:05:20","Lsstcorp Data management"
2900,1026,DB_F20_06,CLOSED,"2020-06-01 07:00:48",NULL,"2020-07-01 06:59:00","2020-09-10 02:35:24","Lsstcorp Data management"
2910,1019,"AP F20-1 (June)",CLOSED,"2020-06-04 20:51:10",NULL,"2020-07-01 00:00:00","2020-07-03 01:27:38","Lsstcorp Data management"
2911,1024,"TSSW Sprint - Jun 8 - Jun 22",CLOSED,"2020-06-08 22:05:00",NULL,"2020-06-22 23:05:00","2020-06-22 22:36:11","Lsstcorp Data management"
2908,1030,"DRP F20-1 (June)",CLOSED,"2020-06-12 04:15:30",NULL,"2020-07-05 05:15:00","2020-07-15 16:28:37","Lsstcorp Data management"
2909,1028,"TSSW Sprint - Jun 22 - Jul 6",CLOSED,"2020-06-22 23:36:00",NULL,"2020-07-07 00:36:00","2020-07-06 18:41:23","Lsstcorp Data management"
2906,1025,"AP F20-2 (July)",CLOSED,"2020-07-03 01:28:38",NULL,"2020-08-01 00:00:00","2020-08-05 21:50:46","Lsstcorp Data management"
2907,1031,"TSSW Sprint - Jul 6 - Jul 20",CLOSED,"2020-07-06 19:42:00",NULL,"2020-07-20 20:42:00","2020-07-20 17:16:14","Lsstcorp Data management"
2904,1036,"DRP F20-2 (July)",CLOSED,"2020-07-15 16:30:16",NULL,"2020-08-01 17:30:00","2020-08-07 19:06:02","Lsstcorp Data management"
2905,1034,"TSSW Sprint - Jul 20 - Aug 3",CLOSED,"2020-07-20 18:16:00",NULL,"2020-08-03 19:16:00","2020-08-03 20:31:55","Lsstcorp Data management"
2903,1037,"TSSW Sprint - Aug 3 - Aug 17",CLOSED,"2020-08-03 21:32:00",NULL,"2020-08-17 22:32:00","2020-08-17 20:51:22","Lsstcorp Data management"
2901,1033,"AP F20-3 (August)",CLOSED,"2020-08-05 21:51:48",NULL,"2020-09-01 00:00:00","2020-09-08 23:18:30","Lsstcorp Data management"
2896,1042,"DRP F20-3 (Aug)",CLOSED,"2020-08-07 19:07:42",NULL,"2020-08-31 20:07:00","2020-10-07 15:20:09","Lsstcorp Data management"
2902,1040,"TSSW Sprint - Aug 17 - Aug 31",CLOSED,"2020-08-17 21:51:00",NULL,"2020-08-31 22:51:00","2020-08-31 16:11:42","Lsstcorp Data management"
2899,1043,"TSSW Sprint - Aug 31 - Sep 14",CLOSED,"2020-08-31 17:12:00",NULL,"2020-09-14 17:12:00","2020-09-15 07:55:43","Lsstcorp Data management"
2892,1048,DB_F20_09,ACTIVE,"2020-09-01 07:00:13",NULL,"2020-10-01 06:59:00",NULL,"Lsstcorp Data management"
2897,1039,"AP F20-4 (September)",CLOSED,"2020-09-08 23:19:42",NULL,"2020-10-06 01:28:00","2020-10-01 22:42:16","Lsstcorp Data management"
2898,1045,"TSSW Sprint - Sep 14 - Sep 28",CLOSED,"2020-09-14 07:56:40",NULL,"2020-09-28 07:56:00","2020-09-28 16:00:28","Lsstcorp Data management"
2895,1049,"TSSW Sprint - Sep 28 - Oct 12",CLOSED,"2020-09-28 16:01:04",NULL,"2020-10-12 16:01:00","2020-10-13 11:04:09","Lsstcorp Data management"
2893,1046,"AP F20-5 (October)",ACTIVE,"2020-10-01 22:42:45",NULL,"2020-10-31 00:51:00",NULL,"Lsstcorp Data management"
2890,1054,"DRP F20-5 (Oct)",ACTIVE,"2020-10-07 15:21:32",NULL,"2020-10-31 16:21:00",NULL,"Lsstcorp Data management"
2891,1051,"TSSW Sprint - Oct 12 - Oct 26",ACTIVE,"2020-10-12 11:04:05",NULL,"2020-10-26 11:04:00",NULL,"Lsstcorp Data management"
4207,3333,"SDK 4.2",FUTURE,NULL,NULL,NULL,NULL,Mule
4210,3813,"SDK 4.3",FUTURE,NULL,NULL,NULL,NULL,Mule
4212,3983,"Mule 4.4",FUTURE,NULL,NULL,NULL,NULL,Mule
4217,3706,"Mule - BUGS",FUTURE,NULL,NULL,NULL,NULL,Mule
4221,1898,"SDK 4.x",FUTURE,NULL,NULL,NULL,NULL,Mule
4231,2207,"Mule 4.5",FUTURE,NULL,NULL,NULL,NULL,Mule
4247,4267,"SDK Connectors Backlog",FUTURE,NULL,NULL,NULL,NULL,Mule
4263,5094,"Mule Performance - R&D",FUTURE,NULL,NULL,NULL,NULL,Mule
4297,2259,"Mule 4.2 Backlog QA",FUTURE,NULL,NULL,NULL,NULL,Mule
4300,5093,"Mule Performance - Fixes",FUTURE,NULL,NULL,NULL,NULL,Mule
4301,5671,"Mule Runtime - Backlog",FUTURE,NULL,NULL,NULL,NULL,Mule
4334,5091,"Mule Performance - Coverage",FUTURE,NULL,NULL,NULL,NULL,Mule
4402,5123,"Prod Eng - Backlog",FUTURE,NULL,NULL,NULL,NULL,Mule
4506,2,"Test Sprint",CLOSED,"2012-07-10 17:15:00",NULL,"2012-07-24 17:10:00","2012-07-12 20:42:40",Mule
4504,5,"Sprint 4",CLOSED,"2012-07-12 04:34:00",NULL,"2012-07-26 04:29:00","2012-07-12 20:42:40",Mule
4503,6,"Studio Sprint 1",CLOSED,"2012-07-17 04:35:00",NULL,"2012-07-22 04:30:00","2013-02-15 15:30:44",Mule
4505,19,"ESB Sprint 2",CLOSED,"2013-02-15 16:37:48",NULL,"2013-03-01 16:37:48","2013-02-18 16:18:03",Mule
4502,22,"ESB Sprint 1",CLOSED,"2013-02-20 17:02:24",NULL,"2013-03-05 17:02:24","2013-03-05 18:37:20",Mule
4501,29,"ESB Sprint 2",CLOSED,"2013-03-05 21:02:00",NULL,"2013-03-19 20:02:00","2013-03-19 18:47:36",Mule
4500,38,"ESB Sprint 3",CLOSED,"2013-03-20 15:30:40",NULL,"2013-04-02 15:30:40","2013-04-04 15:39:25",Mule
4499,43,"ESB Sprint 4",CLOSED,"2013-04-05 18:51:48",NULL,"2013-04-12 18:51:48","2013-04-22 19:20:20",Mule
4498,49,"ESB Sprint 5",CLOSED,"2013-04-23 17:40:55",NULL,"2013-05-07 17:40:55","2013-05-20 23:08:59",Mule
4488,61,"ESB Sprint 6",CLOSED,"2013-05-21 15:42:53",NULL,"2013-06-04 15:42:53","2013-05-21 21:54:35",Mule
4496,66,"ESB Sprint 7",CLOSED,"2013-05-22 21:15:46",NULL,"2013-06-04 21:15:46","2013-06-04 16:04:53",Mule
4497,68,"Andes - Sprint 1",CLOSED,"2013-05-24 01:06:35",NULL,"2013-06-07 01:06:35","2013-06-06 15:07:04",Mule
4495,78,"Andes - Sprint 2",CLOSED,"2013-06-06 23:22:09",NULL,"2013-06-20 23:22:09","2013-06-24 17:47:39",Mule
4494,88,"Andes - Sprint 3",CLOSED,"2013-06-28 02:10:01",NULL,"2013-07-05 02:10:01","2013-07-08 19:30:22",Mule
4493,102,"Andes Sprint 4",CLOSED,"2013-07-12 13:02:46",NULL,"2013-07-16 13:02:46","2013-07-22 16:17:18",Mule
4492,107,"ESB Sprint 11",CLOSED,"2013-07-18 15:17:05",NULL,"2013-07-30 15:17:05","2013-08-10 15:42:17",Mule
4490,110,"Bighorn Iteration 1",CLOSED,"2013-07-24 03:35:15",NULL,"2013-08-06 03:35:15","2013-08-15 17:11:24",Mule
4491,118,"ESB Sprint 12",CLOSED,"2013-08-14 19:43:13",NULL,"2013-08-28 19:43:13","2013-08-28 16:24:03",Mule
4489,132,"ESB Sprint 13",CLOSED,"2013-08-29 22:42:04",NULL,"2013-09-11 22:42:04","2013-09-12 01:14:12",Mule
4486,140,"Bighorn Iteration 4",CLOSED,"2013-09-09 17:07:45",NULL,"2013-09-23 17:07:45","2013-10-02 15:01:14",Mule
4487,147,"ESB Sprint 14",CLOSED,"2013-09-12 15:42:12",NULL,"2013-09-24 15:42:12","2013-09-25 15:33:02",Mule
4484,153,"ESB Cascade 1",CLOSED,"2013-09-25 16:25:33",NULL,"2013-10-08 16:25:33","2013-10-09 15:51:12",Mule
4485,159,"Cascade Iteration 1",CLOSED,"2013-10-02 19:24:44",NULL,"2013-10-16 19:24:44","2013-10-15 18:15:26",Mule
4483,170,"Cascade Iteration 2",CLOSED,"2013-10-15 18:45:00",NULL,"2013-10-28 18:45:00","2013-10-28 15:55:43",Mule
4482,177,"ESB Cascade 3",CLOSED,"2013-10-25 15:14:21",NULL,"2013-11-06 16:14:21","2013-11-06 15:56:45",Mule
4479,179,"Cascade Iteration 3",CLOSED,"2013-10-28 19:03:50",NULL,"2013-11-11 20:03:50","2013-11-11 01:41:52",Mule
4480,188,"ESB Cascade 4",CLOSED,"2013-11-06 16:51:41",NULL,"2013-11-20 16:51:41","2013-11-20 16:01:28",Mule
4478,193,"Cascade Iteration 4",CLOSED,"2013-11-11 17:43:35",NULL,"2013-11-18 17:43:35","2013-11-26 16:25:20",Mule
4481,201,"ESB Cascade 5",CLOSED,"2013-11-21 14:14:47",NULL,"2013-12-05 14:14:47","2013-12-18 16:07:04",Mule
4477,204,"Cascade Sprint 5",CLOSED,"2013-11-26 18:51:18",NULL,"2013-12-09 18:51:18","2013-12-07 22:07:30",Mule
4476,211,"Dolomite - Sprint 1",CLOSED,"2013-12-05 20:11:41",NULL,"2014-01-06 20:11:00","2014-01-06 17:01:35",Mule
4475,215,"ESB Dolomite 1",CLOSED,"2013-12-18 17:04:03",NULL,"2014-01-02 17:04:03","2014-01-02 16:28:50",Mule
4473,220,"ESB Dolomite 2",CLOSED,"2014-01-02 17:52:04",NULL,"2014-01-14 17:52:04","2014-01-15 16:26:00",Mule
4474,223,"Dolomite Sprint 2",CLOSED,"2014-01-07 13:14:11",NULL,"2014-01-21 13:14:11","2014-01-20 16:10:57",Mule
4472,228,"ESB Dolomite 3",CLOSED,"2014-01-15 18:46:01",NULL,"2014-01-29 18:46:01","2014-01-29 16:38:27",Mule
4471,230,"Dolomite Sprint 3",CLOSED,"2014-01-20 17:37:23",NULL,"2014-02-03 17:37:23","2014-02-03 16:05:55",Mule
4470,236,"ESB Dolomite 4",CLOSED,"2014-01-29 17:36:33",NULL,"2014-02-12 17:36:33","2014-02-12 16:43:02",Mule
4444,244,"ESB Dolomite 5",CLOSED,"2014-02-12 18:23:11",NULL,"2014-02-26 18:23:11","2014-02-26 16:47:55",Mule
4469,247,"Dolomite Sprint 5",CLOSED,"2014-02-17 17:31:46",NULL,"2014-03-03 17:31:46","2014-03-05 13:25:39",Mule
4467,254,"ESB Dolomite 6",CLOSED,"2014-02-26 17:51:47",NULL,"2014-03-12 16:51:47","2014-03-12 17:06:06",Mule
4468,259,"Performance Sprint 4",CLOSED,"2014-03-06 17:11:19",NULL,"2014-03-20 16:11:19","2014-03-20 15:10:12",Mule
4466,263,"ESB Everest 1",CLOSED,"2014-03-12 18:52:05",NULL,"2014-03-26 18:52:05","2014-03-27 15:16:38",Mule
4465,272,"ESB Everest 2",CLOSED,"2014-03-27 16:30:17",NULL,"2014-04-09 16:30:17","2014-04-09 15:39:18",Mule
4463,280,"Performance Sprint 6",CLOSED,"2014-04-07 19:03:52",NULL,"2014-04-17 19:03:52","2014-04-21 17:34:12",Mule
4464,281,"ESB Everest 3",CLOSED,"2014-04-09 16:55:25",NULL,"2014-04-23 16:55:25","2014-04-23 17:05:22",Mule
4431,291,"ESB Everest 4",CLOSED,"2014-04-23 20:36:06",NULL,"2014-05-12 20:36:00","2014-05-12 16:27:52",Mule
4462,301,"ESB Fitz Roy 1",CLOSED,"2014-05-12 17:43:46",NULL,"2014-05-21 17:43:46","2014-05-21 16:13:04",Mule
4460,308,"ESB Fitz Roy 2",CLOSED,"2014-05-21 17:21:29",NULL,"2014-06-04 17:21:29","2014-06-04 14:59:23",Mule
4461,315,"Performance Sprint 10",CLOSED,"2014-06-02 17:05:15",NULL,"2014-06-16 17:05:15","2014-06-16 18:51:28",Mule
4459,317,"ESB Fitz Roy 3",CLOSED,"2014-06-04 16:17:30",NULL,"2014-06-18 16:17:30","2014-06-19 15:43:58",Mule
4458,325,"ESB Fitz Roy 4",CLOSED,"2014-06-19 17:17:35",NULL,"2014-07-03 17:17:35","2014-07-03 16:06:21",Mule
4457,333,"ESB Fitz Roy 5",CLOSED,"2014-07-03 17:37:06",NULL,"2014-07-17 17:37:06","2014-07-17 15:32:43",Mule
4456,342,"ESB Fitz Roy 6",CLOSED,"2014-07-17 17:17:33",NULL,"2014-07-31 17:17:33","2014-08-14 15:37:55",Mule
4455,356,"ESB Gasherbrum 2",CLOSED,"2014-08-14 16:18:27",NULL,"2014-08-28 16:18:27","2014-08-29 15:20:10",Mule
4454,363,"ESB Gasherbrum 3",CLOSED,"2014-08-29 17:23:24",NULL,"2014-09-11 17:23:00","2014-09-11 15:27:16",Mule
4453,397,"ESB Gasherbrum 4",CLOSED,"2014-09-11 17:14:49",NULL,"2014-09-25 17:14:00","2014-09-25 15:18:26",Mule
4452,415,"ESB Himalaya 1",CLOSED,"2014-09-30 17:20:00",NULL,"2014-10-13 17:20:00","2014-10-09 15:26:38",Mule
4450,438,"ESB Himalaya 2",CLOSED,"2014-10-09 16:54:40",NULL,"2014-10-23 16:54:00","2014-10-23 15:35:34",Mule
4451,440,"Performance Sprint 18",CLOSED,"2014-10-10 16:22:06",NULL,"2014-10-24 16:22:00","2014-10-27 17:54:48",Mule
4449,455,"ESB Himalaya 3",CLOSED,"2014-10-23 17:05:32",NULL,"2014-11-06 18:05:00","2014-11-06 15:54:06",Mule
4448,483,"ESB Himalaya 4",CLOSED,"2014-11-06 18:39:29",NULL,"2014-11-20 18:39:00","2014-11-20 16:25:13",Mule
4447,508,"ESB Himalaya 5",CLOSED,"2014-11-20 18:24:10",NULL,"2014-12-04 18:24:00","2014-12-04 16:39:52",Mule
4446,521,"ESB Icefall 1",CLOSED,"2014-12-04 18:35:13",NULL,"2014-12-18 18:35:00","2014-12-18 16:34:41",Mule
4445,536,"ESB Icefall 2",CLOSED,"2014-12-18 18:02:14",NULL,"2015-01-08 18:02:00","2015-01-09 17:59:46",Mule
4443,551,"ESB Icefall 3",CLOSED,"2015-01-09 20:00:23",NULL,"2015-01-22 20:00:00","2015-01-22 17:39:36",Mule
4442,567,"ESB Icefall 4",CLOSED,"2015-01-22 18:52:50",NULL,"2015-02-05 18:52:00","2015-02-05 17:06:36",Mule
4441,574,"ESB Icefall 5",CLOSED,"2015-02-05 20:26:37",NULL,"2015-02-19 20:26:00","2015-02-19 16:56:19",Mule
4440,599,"ESB Icefall 6",CLOSED,"2015-02-19 18:32:54",NULL,"2015-03-05 18:32:00","2015-03-05 16:30:18",Mule
4439,616,"ESB Joy 1",CLOSED,"2015-03-05 18:25:47",NULL,"2015-03-19 17:25:00","2015-03-20 17:25:15",Mule
4438,636,"ESB Joy 2",CLOSED,"2015-03-20 18:59:51",NULL,"2015-04-09 18:59:00","2015-04-09 15:06:03",Mule
4400,663,"ESB Joy 3",CLOSED,"2015-04-09 15:59:36",NULL,"2015-04-23 15:59:00","2015-04-23 16:11:33",Mule
4437,677,"ESB Joy 4",CLOSED,"2015-04-23 18:27:13",NULL,"2015-05-07 18:27:00","2015-05-07 15:41:22",Mule
4436,678,"ESB K2 1",CLOSED,"2015-05-07 17:32:45",NULL,"2015-05-21 17:32:00","2015-05-21 15:39:04",Mule
4435,696,"ESB K2 2",CLOSED,"2015-05-21 17:12:24",NULL,"2015-06-04 17:12:00","2015-06-04 15:14:26",Mule
4434,761,"ESB K2 3",CLOSED,"2015-06-04 16:29:53",NULL,"2015-06-18 16:29:00","2015-06-18 15:44:44",Mule
4362,789,"ESB K2 4",CLOSED,"2015-06-18 17:18:41",NULL,"2015-07-02 17:18:00","2015-07-02 16:14:46",Mule
4433,813,"ESB Lhotse 1",CLOSED,"2015-07-02 17:02:01",NULL,"2015-07-16 17:02:00","2015-07-16 15:27:10",Mule
4432,834,"ESB Lhotse 2",CLOSED,"2015-07-16 16:41:50",NULL,"2015-07-30 16:41:00","2015-08-04 15:26:01",Mule
4430,859,"ESB Lhotse 3",CLOSED,"2015-08-04 17:04:55",NULL,"2015-08-20 17:04:00","2015-08-25 15:25:13",Mule
4429,887,"ESB Lhotse 4",CLOSED,"2015-08-25 15:54:24",NULL,"2015-09-10 15:54:00","2015-09-07 16:51:01",Mule
4424,918,"ESB Lhotse 5",CLOSED,"2015-09-07 17:43:09",NULL,"2015-09-22 17:43:00","2015-10-06 12:52:47",Mule
4428,968,"ESB Xeptember",CLOSED,"2015-10-19 19:50:34",NULL,"2015-11-03 20:50:00","2015-10-20 17:41:31",Mule
4427,938,"ESB Lhotse 6",CLOSED,"2015-10-20 18:48:08",NULL,"2015-11-05 19:48:00","2015-11-05 16:26:08",Mule
4426,992,"ESB Lhotse 7",CLOSED,"2015-11-05 16:48:07",NULL,"2015-11-19 16:48:00","2015-11-19 16:52:39",Mule
4425,1028,"ESB Lhotse 8",CLOSED,"2015-11-19 17:50:18",NULL,"2015-12-03 17:50:00","2015-12-03 16:08:09",Mule
4423,1051,"ESB McKinley 1",CLOSED,"2015-12-03 16:46:31",NULL,"2015-12-17 16:46:00","2015-12-17 16:22:17",Mule
4422,1078,"SDK McKinley 1",CLOSED,"2015-12-14 14:33:16",NULL,"2016-01-04 14:33:00","2016-01-04 15:16:48",Mule
4421,1067,"ESB McKinley 2",CLOSED,"2015-12-17 17:18:04",NULL,"2016-01-07 17:18:00","2016-01-07 16:40:40",Mule
4420,1079,"SDK McKinley 2",CLOSED,"2016-01-04 16:00:30",NULL,"2016-01-18 16:00:00","2016-01-18 15:36:10",Mule
4419,1110,"Mule 4 M1 - Sprint 3",CLOSED,"2016-01-07 15:09:52",NULL,"2016-01-21 15:09:00","2016-01-21 15:19:19",Mule
4418,1086,"ESB McKinley 3",CLOSED,"2016-01-07 17:20:24",NULL,"2016-01-21 17:20:00","2016-01-21 16:13:20",Mule
4415,1103,"SDK McKinley 3",CLOSED,"2016-01-18 15:46:00",NULL,"2016-02-01 15:45:00","2016-02-15 14:51:05",Mule
4416,1113,"ESB McKinley 4",CLOSED,"2016-01-21 16:50:34",NULL,"2016-02-04 16:50:00","2016-02-07 02:55:36",Mule
4417,1111,"Mule 4 M1 - Sprint 4",CLOSED,"2016-01-21 19:05:01",NULL,"2016-02-05 19:05:00","2016-02-09 04:03:00",Mule
4412,1130,"ESB Nero 1",CLOSED,"2016-02-05 02:59:53",NULL,"2016-02-19 02:59:00","2016-02-18 16:59:39",Mule
4414,1146,"Mule 4 M2 Nero 1",CLOSED,"2016-02-10 18:51:29",NULL,"2016-02-18 18:51:00","2016-02-18 17:57:57",Mule
4413,1120,"SDK Nero 1",CLOSED,"2016-02-15 14:53:10",NULL,"2016-02-29 14:53:00","2016-02-29 15:24:47",Mule
4411,1148,"Mule 4 M2 Nero 2",CLOSED,"2016-02-18 14:50:54",NULL,"2016-03-03 14:50:00","2016-03-03 17:02:31",Mule
4410,1144,"Mule Nero 2",CLOSED,"2016-02-18 17:25:39",NULL,"2016-03-03 17:25:00","2016-03-03 16:15:21",Mule
4407,1158,"SDK Nero 2",CLOSED,"2016-02-29 15:42:26",NULL,"2016-03-14 14:42:00","2016-03-14 15:09:54",Mule
4397,1161,"Mule Nero 3",CLOSED,"2016-03-03 17:00:58",NULL,"2016-03-17 16:00:00","2016-03-17 15:58:03",Mule
4408,1165,"Mule 4 M2 Nero 3",CLOSED,"2016-03-03 17:41:29",NULL,"2016-03-17 16:41:00","2016-03-17 16:33:51",Mule
4406,1177,"SDK Nero 3",CLOSED,"2016-03-14 15:53:20",NULL,"2016-03-28 15:53:00","2016-03-28 15:11:20",Mule
4405,1192,"Mule Nero 4",CLOSED,"2016-03-17 16:38:16",NULL,"2016-03-31 16:38:00","2016-03-31 15:50:57",Mule
4409,1194,"Mule 4 M2 Nero 4",CLOSED,"2016-03-17 20:22:56",NULL,"2016-03-31 20:22:00","2016-04-14 15:50:14",Mule
4404,1203,"SDK Nero 4",CLOSED,"2016-03-28 15:46:40",NULL,"2016-04-12 15:46:00","2016-04-11 15:11:38",Mule
4403,1220,"Mule Nero 5",CLOSED,"2016-03-31 16:18:02",NULL,"2016-04-14 16:18:00","2016-04-14 15:28:29",Mule
4401,1227,"SDK Nero 5",CLOSED,"2016-04-11 15:36:06",NULL,"2016-04-25 15:36:00","2016-04-20 17:29:37",Mule
4399,1241,"Mule Olympus 1",CLOSED,"2016-04-14 16:50:43",NULL,"2016-04-28 16:50:00","2016-04-28 16:44:39",Mule
4396,1252,"SDK Olympus 1",CLOSED,"2016-04-27 16:27:32",NULL,"2016-05-09 16:27:00","2016-05-09 15:10:39",Mule
4398,1269,"Mule Olympus 2",CLOSED,"2016-04-28 16:51:15",NULL,"2016-05-12 16:51:00","2016-05-12 15:35:18",Mule
4392,1277,"SDK Olympus 2",CLOSED,"2016-05-09 19:01:01",NULL,"2016-05-23 19:01:00","2016-05-30 15:13:24",Mule
4393,1193,"Mule 4 M2 - Sprint 1",CLOSED,"2016-05-12 16:48:04",NULL,"2016-05-26 16:48:00","2016-05-26 20:46:49",Mule
4395,1295,"Mule Olympus 3",CLOSED,"2016-05-12 16:49:33",NULL,"2016-05-26 16:49:00","2016-05-26 16:08:15",Mule
4390,1270,"Mule 4 M2 - Sprint 2",CLOSED,"2016-05-26 20:58:46",NULL,"2016-06-09 20:58:00","2016-06-09 15:25:24",Mule
4391,1323,"Mule Olympus 4",CLOSED,"2016-05-26 21:09:22",NULL,"2016-06-09 21:09:00","2016-06-09 15:24:06",Mule
4389,1308,"SDK Olympus 3",CLOSED,"2016-05-30 16:04:04",NULL,"2016-06-13 16:04:00","2016-06-13 15:52:59",Mule
4387,1343,"Mule 4 M2 - Sprint 3",CLOSED,"2016-06-09 16:57:46",NULL,"2016-06-23 16:57:00","2016-06-23 15:28:46",Mule
4388,1345,"SDK Olympus 4",CLOSED,"2016-06-13 16:16:24",NULL,"2016-06-27 16:16:00","2016-06-27 15:22:08",Mule
4383,1368,"Mule 4 M2 - Sprint 4",CLOSED,"2016-06-23 16:11:54",NULL,"2016-07-07 16:11:00","2016-07-11 17:47:28",Mule
4386,1366,"Mule Olympus 6",CLOSED,"2016-06-23 16:12:14",NULL,"2016-07-07 16:12:00","2016-07-11 17:14:34",Mule
4384,1362,"SDK Olympus 5",CLOSED,"2016-06-27 16:12:00",NULL,"2016-07-11 16:12:00","2016-07-11 15:13:23",Mule
4382,1375,"Mule Pyrenees 1",CLOSED,"2016-07-07 12:01:37",NULL,"2016-07-21 12:01:00","2016-07-21 15:38:43",Mule
4385,1394,"Mule 4 M3 - Sprint 1",CLOSED,"2016-07-07 18:11:14",NULL,"2016-07-21 18:11:00","2016-07-21 15:49:26",Mule
4381,1370,"SDK Pyrenees 1",CLOSED,"2016-07-11 16:41:26",NULL,"2016-07-25 16:41:00","2016-07-25 15:08:20",Mule
4380,1420,"Mule Pyrenees 2",CLOSED,"2016-07-21 16:32:21",NULL,"2016-08-04 16:32:00","2016-08-05 14:29:54",Mule
4372,1429,"Mule 4 M3 - Sprint 2",CLOSED,"2016-07-21 16:32:40",NULL,"2016-08-04 16:32:00","2016-08-05 14:44:44",Mule
4379,1423,"SDK Pyrenees 2",CLOSED,"2016-07-25 15:44:07",NULL,"2016-08-08 15:44:00","2016-08-08 15:08:32",Mule
4378,1443,"Mule Pyrenees 3",CLOSED,"2016-08-04 15:24:11",NULL,"2016-08-18 15:24:00","2016-08-18 15:19:24",Mule
4376,1462,"Mule 4 M3 - Sprint 3",CLOSED,"2016-08-04 15:24:32",NULL,"2016-08-18 15:24:00","2016-08-18 15:29:53",Mule
4377,1442,"SDK Pyrenees 3",CLOSED,"2016-08-08 15:58:57",NULL,"2016-08-22 15:58:00","2016-08-23 15:44:28",Mule
4375,1459,"Mule Pyrenees 4",CLOSED,"2016-08-18 16:47:09",NULL,"2016-09-01 16:47:00","2016-09-01 15:59:32",Mule
4374,1479,"Mule 4 M3 - Sprint 4",CLOSED,"2016-08-18 20:28:35",NULL,"2016-09-01 20:28:00","2016-09-01 16:17:26",Mule
4373,1463,"SDK Pyrenees 4",CLOSED,"2016-08-23 16:44:49",NULL,"2016-09-06 16:44:00","2016-09-06 15:07:36",Mule
4369,1514,"Mule 4 M3 - Sprint 5",CLOSED,"2016-09-01 17:19:40",NULL,"2016-09-15 17:19:00","2016-09-15 17:15:42",Mule
4371,1478,"Mule Pyrenees 5",CLOSED,"2016-09-02 12:59:21",NULL,"2016-09-16 12:59:00","2016-09-15 17:03:55",Mule
4368,1480,"SDK Pyrenees 5",CLOSED,"2016-09-06 15:45:45",NULL,"2016-09-19 15:45:00","2016-09-19 15:10:20",Mule
4366,1501,"Mule Pyrenees 6",CLOSED,"2016-09-15 17:15:27",NULL,"2016-09-29 17:15:00","2016-09-23 19:39:36",Mule
4365,1538,"Mule 4 M4 - Sprint 1",CLOSED,"2016-09-15 17:37:09",NULL,"2016-09-29 17:37:00","2016-09-29 16:41:54",Mule
4364,1518,"SDK Pyrenees 6",CLOSED,"2016-09-19 16:15:18",NULL,"2016-10-02 16:15:00","2016-10-03 15:07:53",Mule
4367,1570,"Mule Pyrenees 6.1",CLOSED,"2016-09-26 13:45:52",NULL,"2016-09-29 13:45:00","2016-09-29 16:39:43",Mule
4363,1502,"Mule Qin 1",CLOSED,"2016-09-29 17:03:19",NULL,"2016-10-13 17:03:00","2016-10-13 16:07:41",Mule
4360,1539,"Mule 4 M4 - Sprint 2",CLOSED,"2016-09-29 17:38:03",NULL,"2016-10-13 17:38:00","2016-10-13 16:19:01",Mule
4359,1553,"SDK Qin 1",CLOSED,"2016-10-03 15:52:11",NULL,"2016-10-16 15:52:00","2016-10-18 15:24:44",Mule
4358,1540,"Mule 4 M4 - Sprint 3",CLOSED,"2016-10-13 19:54:18",NULL,"2016-10-27 19:54:00","2016-10-27 16:13:09",Mule
4361,1503,"Mule Qin 2",CLOSED,"2016-10-13 20:33:46",NULL,"2016-10-27 20:33:00","2016-10-27 16:58:40",Mule
4357,1572,"SDK Qin 2",CLOSED,"2016-10-18 16:02:49",NULL,"2016-10-31 16:02:00","2016-10-31 15:14:35",Mule
4354,1636,"Mule 4 M4 - Sprint 4",CLOSED,"2016-10-27 14:03:44",NULL,"2016-11-10 15:03:00","2016-11-10 16:30:57",Mule
4355,1504,"Mule Qin 3",CLOSED,"2016-10-27 20:15:32",NULL,"2016-11-10 21:15:00","2016-11-10 16:14:48",Mule
4356,1619,"SDK Qin 3",CLOSED,"2016-10-31 15:35:37",NULL,"2016-11-13 16:35:00","2016-11-14 15:42:49",Mule
4352,1637,"Mule 4 M4 - Sprint 5",CLOSED,"2016-11-10 18:00:59",NULL,"2016-11-24 18:00:00","2016-11-24 16:47:49",Mule
4353,1505,"Mule Qin 4",CLOSED,"2016-11-10 18:01:06",NULL,"2016-11-24 18:01:00","2016-11-24 16:16:47",Mule
4351,1644,"SDK Qin 4",CLOSED,"2016-11-14 16:32:14",NULL,"2016-11-29 16:32:00","2016-11-30 17:40:10",Mule
4350,1506,"Mule Qin 5 12/8",CLOSED,"2016-11-24 17:49:56",NULL,"2016-12-08 17:49:00","2016-12-12 18:51:36",Mule
4349,1638,"Mule 4 Beta - Sprint 1",CLOSED,"2016-11-24 17:50:09",NULL,"2016-12-08 17:50:00","2016-12-12 19:08:45",Mule
4348,1672,"SDK Rocky 1",CLOSED,"2016-11-30 19:53:17",NULL,"2016-12-19 19:53:00","2016-12-20 15:41:33",Mule
4346,1663,"Mule 4 M5 - Sprint 2",CLOSED,"2016-12-12 19:35:28",NULL,"2016-12-22 19:35:00","2016-12-22 16:41:46",Mule
4347,1507,"Mule Qin 6 12/22",CLOSED,"2016-12-12 19:35:44",NULL,"2016-12-22 19:35:00","2016-12-22 17:09:28",Mule
4345,1747,"SDK Rocky 2",CLOSED,"2016-12-19 16:22:39",NULL,"2017-01-02 16:22:00","2017-01-02 15:15:51",Mule
4344,1508,"Mule Qin 7 01/05",CLOSED,"2016-12-22 17:26:45",NULL,"2017-01-05 17:26:00","2017-01-05 19:28:26",Mule
4343,1664,"Mule 4 M5 - Sprint 3",CLOSED,"2016-12-22 21:02:50",NULL,"2017-01-05 21:02:00","2017-01-05 16:19:20",Mule
4342,1748,"SDK Rocky 3",CLOSED,"2017-01-02 15:55:12",NULL,"2017-01-16 15:55:00","2017-01-16 15:12:45",Mule
4341,1677,"Mule Rocky 1 01/19",CLOSED,"2017-01-05 19:29:00",NULL,"2017-01-19 19:29:00","2017-01-19 16:56:51",Mule
4340,1665,"Mule 4 M5 - Sprint 4",CLOSED,"2017-01-05 21:00:04",NULL,"2017-01-19 21:00:00","2017-01-19 16:46:44",Mule
4336,1791,"SDK Rocky 4",CLOSED,"2017-01-16 15:58:59",NULL,"2017-01-30 15:58:00","2017-02-10 22:41:24",Mule
4339,1678,"Mule Rocky 2 02/02",CLOSED,"2017-01-19 21:49:47",NULL,"2017-02-02 21:49:00","2017-02-02 17:24:44",Mule
4338,1803,"Mule 4 M5 - Sprint 5",CLOSED,"2017-01-19 21:50:49",NULL,"2017-02-02 21:50:00","2017-02-02 17:27:36",Mule
4333,1875,"Mule 4 M5 - Sprint 6",CLOSED,"2017-02-02 04:45:38",NULL,"2017-02-16 04:45:00","2017-02-20 14:34:26",Mule
4335,1679,"Mule Rocky 3 02/16",CLOSED,"2017-02-02 17:53:42",NULL,"2017-02-16 17:53:00","2017-02-20 14:34:17",Mule
4332,1680,"Mule Rocky 4 03/02",CLOSED,"2017-02-16 20:11:13",NULL,"2017-03-02 20:11:00","2017-03-03 13:27:59",Mule
4329,1828,"SDK M6 Sprint 1",CLOSED,"2017-03-01 16:57:12",NULL,"2017-03-20 15:57:00","2017-03-20 17:20:08",Mule
4331,1681,"Mule Rocky 5 03/16",CLOSED,"2017-03-02 13:32:38",NULL,"2017-03-16 12:32:00","2017-03-16 17:08:38",Mule
4330,1901,"Mule 4 M6 - Sprint 1",CLOSED,"2017-03-02 17:18:37",NULL,"2017-03-16 16:18:00","2017-03-16 16:38:11",Mule
4327,1911,"Mule 4 M6 - Sprint 2",CLOSED,"2017-03-16 20:24:41",NULL,"2017-03-30 20:24:00","2017-03-31 01:57:56",Mule
4328,1682,"Mule Rocky 6 03/30",CLOSED,"2017-03-16 20:55:43",NULL,"2017-03-30 20:55:00","2017-03-30 18:58:48",Mule
4320,1887,"SDK M6 Sprint 2",CLOSED,"2017-03-20 17:20:56",NULL,"2017-04-03 17:20:00","2017-04-03 15:29:18",Mule
4324,1912,"Mule 4 Beta - Sprint 1",CLOSED,"2017-03-31 02:05:48",NULL,"2017-04-18 02:05:00","2017-04-17 19:09:12",Mule
4326,1683,"Mule Shasta 1 04/13",CLOSED,"2017-03-31 02:11:54",NULL,"2017-04-18 02:11:00","2017-04-17 20:25:53",Mule
4325,1888,"SDK Beta Sprint 1",CLOSED,"2017-04-03 16:30:01",NULL,"2017-04-17 16:30:00","2017-04-18 20:14:04",Mule
4278,2030,"Mule 4 Beta - Sprint 2",CLOSED,"2017-04-17 20:24:18",NULL,"2017-04-27 20:24:00","2017-04-27 16:11:39",Mule
4321,1889,"SDK Beta Sprint 2",CLOSED,"2017-04-17 21:01:45",NULL,"2017-05-02 21:01:00","2017-05-02 17:12:11",Mule
4323,1684,"Mule Shasta 2  04/27",CLOSED,"2017-04-18 02:17:43",NULL,"2017-04-28 02:17:00","2017-04-27 20:17:45",Mule
4318,2031,"Mule 4 Beta - Sprint 3",CLOSED,"2017-04-27 19:15:40",NULL,"2017-05-11 19:15:00","2017-05-11 16:14:23",Mule
4319,1685,"Mule Shasta 3 05/11",CLOSED,"2017-04-27 20:33:28",NULL,"2017-05-11 20:33:00","2017-05-12 18:25:43",Mule
4317,1895,"SDK Beta Last Strushida",CLOSED,"2017-05-02 19:12:50",NULL,"2017-05-15 19:12:00","2017-05-15 15:28:03",Mule
4257,2109,"Gateway Qin 9",CLOSED,"2017-05-10 17:34:13",NULL,"2017-05-24 17:34:00","2017-05-24 16:43:36",Mule
4315,1884,"Mule 4 Beta 1 Release",CLOSED,"2017-05-11 18:27:13",NULL,"2017-05-26 18:27:00","2017-05-26 19:22:53",Mule
4316,1686,"Mule Shasta 4 05/25",CLOSED,"2017-05-11 18:29:05",NULL,"2017-05-25 18:29:00","2017-05-29 20:28:48",Mule
4314,2138,"SDK Beta Brasai Granatu",CLOSED,"2017-05-15 16:27:48",NULL,"2017-05-29 16:27:00","2017-05-29 15:39:48",Mule
4306,2059,"Mule 4 Beta Release 2 06/08",CLOSED,"2017-05-26 20:28:01",NULL,"2017-06-08 20:28:00","2017-06-08 16:05:08",Mule
4312,1687,"Mule Shasta 5 06/08",CLOSED,"2017-05-26 20:37:46",NULL,"2017-06-08 20:37:00","2017-06-12 20:50:13",Mule
4313,2160,"SDK Beta - enemy UAV is online",CLOSED,"2017-05-29 16:08:40",NULL,"2017-06-12 16:08:00","2017-06-12 15:21:19",Mule
4308,2060,"Mule 4 RC Sprint 1 06/22",CLOSED,"2017-06-08 17:28:47",NULL,"2017-06-22 17:28:00","2017-06-22 16:18:18",Mule
4310,2216,"Mule 4 RC Sprint 1 QA",CLOSED,"2017-06-08 17:29:41",NULL,"2017-06-22 17:29:00","2017-06-22 16:20:53",Mule
4311,1688,"Mule Shasta 6 06/22",CLOSED,"2017-06-08 20:50:03",NULL,"2017-06-22 20:50:00","2017-06-26 17:15:15",Mule
4307,2224,"SDK RC Sprint 1",CLOSED,"2017-06-12 16:10:45",NULL,"2017-06-26 16:10:00","2017-06-27 15:39:44",Mule
4305,1689,"Mule Tipas 1 07/06",CLOSED,"2017-06-22 14:38:51",NULL,"2017-07-06 14:38:00","2017-07-06 19:18:49",Mule
4304,2061,"Mule 4 RC Aquaman 07/06",CLOSED,"2017-06-22 17:25:51",NULL,"2017-07-06 17:25:00","2017-07-06 17:08:49",Mule
4309,2263,"Mule 4 RC Aquaman QA",CLOSED,"2017-06-22 17:26:10",NULL,"2017-07-06 17:26:00","2017-07-06 17:09:37",Mule
4303,2225,"SDK RC Aquaman",CLOSED,"2017-06-27 16:16:48",NULL,"2017-07-10 16:16:00","2017-07-13 15:22:53",Mule
4295,1690,"Mule Tipas 2 07/20",CLOSED,"2017-07-06 03:12:41",NULL,"2017-07-20 03:12:00","2017-08-04 03:54:17",Mule
4299,2307,"Mule 4 RC Batman QA",CLOSED,"2017-07-06 17:46:40",NULL,"2017-07-20 17:46:00","2017-07-20 16:14:04",Mule
4298,2062,"Mule 4 RC Batman 07/20",CLOSED,"2017-07-06 17:46:59",NULL,"2017-07-20 17:46:00","2017-07-20 16:13:24",Mule
4296,2226,"SDK RC Batman",CLOSED,"2017-07-11 16:12:33",NULL,"2017-07-21 16:12:00","2017-07-24 15:28:17",Mule
4293,2194,"Mule 4 RC Cyborg  08/03",CLOSED,"2017-07-20 17:59:18",NULL,"2017-08-03 17:59:00","2017-08-03 16:13:11",Mule
4294,2350,"Mule 4 RC Cyborg QA",CLOSED,"2017-07-20 18:25:38",NULL,"2017-08-03 18:25:00","2017-08-03 16:22:41",Mule
4292,2227,"SDK RC Cyborg",CLOSED,"2017-07-24 16:15:22",NULL,"2017-08-07 16:15:00","2017-08-07 15:36:38",Mule
4291,2344,"Gateway Qin 15",CLOSED,"2017-08-02 17:20:57",NULL,"2017-08-16 17:20:00","2017-08-16 14:33:11",Mule
4290,2285,"Mule 4 RC Darkseid 08/17",CLOSED,"2017-08-03 03:52:34",NULL,"2017-08-17 03:52:00","2017-08-17 16:39:34",Mule
4266,2396,"Mule 4 - RC Darkseid QA",CLOSED,"2017-08-03 03:52:56",NULL,"2017-08-17 03:52:00","2017-08-17 16:39:16",Mule
4288,1692,"Mule Tipas 4 08/17",CLOSED,"2017-08-03 13:39:13",NULL,"2017-08-17 13:39:00","2017-08-22 20:28:58",Mule
4287,2391,"SDK Darkseid",CLOSED,"2017-08-07 16:15:10",NULL,"2017-08-22 16:15:00","2017-08-22 15:03:39",Mule
4289,2347,"Gateway Qin 16",CLOSED,"2017-08-16 15:24:30",NULL,"2017-08-30 15:24:00","2017-08-30 19:10:21",Mule
4284,2034,"Mule 4 RC Enchantress QA",CLOSED,"2017-08-17 18:35:35",NULL,"2017-08-31 18:35:00","2017-08-31 16:12:35",Mule
4285,2286,"Mule 4 RC Enchantress 08/31",CLOSED,"2017-08-17 18:36:16",NULL,"2017-08-31 18:36:00","2017-08-31 16:12:51",Mule
4283,2361,"SDK RC - Enchantres",CLOSED,"2017-08-22 17:37:27",NULL,"2017-09-04 17:37:00","2017-09-04 15:15:19",Mule
4282,2473,"Mule 4 GA - Flash QA",CLOSED,"2017-08-31 17:25:56",NULL,"2017-09-14 17:25:00","2017-09-14 15:55:17",Mule
4280,2287,"Mule 4 GA Flash 09/14",CLOSED,"2017-08-31 17:26:14",NULL,"2017-09-14 17:26:00","2017-09-14 15:56:52",Mule
4281,1694,"Mule Tipas 6 09/14",CLOSED,"2017-08-31 19:33:54",NULL,"2017-09-14 19:33:00","2017-09-18 13:04:44",Mule
4279,1896,"SDK GA Flash",CLOSED,"2017-09-04 16:21:12",NULL,"2017-09-18 16:21:00","2017-09-18 15:24:05",Mule
4276,2466,"Gateway Qin 18",CLOSED,"2017-09-13 16:53:40",NULL,"2017-09-27 16:53:00","2017-09-27 15:17:04",Mule
4275,1695,"Mule Tipas 7 09/28",CLOSED,"2017-09-14 13:27:13",NULL,"2017-09-28 13:27:00","2017-10-02 13:48:11",Mule
4277,2518,"Mule 4 GA Green Arrow QA",CLOSED,"2017-09-14 17:58:13",NULL,"2017-09-28 17:58:00","2017-09-28 16:25:57",Mule
4273,2288,"Mule 4 GA Green Arrow 09/28",CLOSED,"2017-09-14 17:58:35",NULL,"2017-09-28 17:58:00","2017-09-28 16:26:29",Mule
4271,2483,"SDK GA Green Arrow",CLOSED,"2017-09-18 17:00:02",NULL,"2017-10-02 17:00:00","2017-10-02 15:30:27",Mule
4261,2587,"Mule 3 Ural 1",CLOSED,"2017-09-28 13:57:01",NULL,"2017-10-12 13:57:00","2017-11-09 18:55:03",Mule
4272,2571,"Mule 4 GA Harley Quinn QA",CLOSED,"2017-09-28 17:56:58",NULL,"2017-10-12 17:56:00","2017-10-12 16:49:12",Mule
4268,2430,"Mule 4 GA Harley Quinn 10/12",CLOSED,"2017-09-28 18:49:11",NULL,"2017-10-12 18:49:00","2017-10-12 16:48:36",Mule
4269,2491,"SDK GA Harley Quinn",CLOSED,"2017-10-02 16:41:42",NULL,"2017-10-16 16:41:00","2017-10-17 15:07:36",Mule
4267,2640,"Mule 4 Joker QA",CLOSED,"2017-10-12 19:08:10",NULL,"2017-10-26 19:08:00","2017-10-26 16:20:40",Mule
4265,2431,"Mule 4 Joker 10/26",CLOSED,"2017-10-12 19:09:31",NULL,"2017-10-26 19:09:00","2017-10-26 16:20:06",Mule
4264,2563,"SDK GA Joker",CLOSED,"2017-10-17 15:30:18",NULL,"2017-10-30 15:30:00","2017-10-31 15:09:26",Mule
4262,2633,"Gateway Bomberman",CLOSED,"2017-10-25 17:46:55",NULL,"2017-11-08 18:46:00","2017-11-08 16:37:04",Mule
4260,2455,"Mule 4 Krypto 11/09",CLOSED,"2017-10-26 16:47:09",NULL,"2017-11-09 17:47:00","2017-11-09 19:33:33",Mule
4259,1897,"SDK 4 y pico Krypton",CLOSED,"2017-10-31 15:35:10",NULL,"2017-11-13 16:35:00","2017-11-13 15:27:17",Mule
4256,2747,"Mule 4.1 Luthor QA",CLOSED,"2017-11-09 14:20:01",NULL,"2017-11-23 14:20:00","2017-11-24 14:25:02",Mule
4258,2628,"Mule 3 Ural 2",CLOSED,"2017-11-09 19:22:50",NULL,"2017-11-23 19:22:00","2017-11-24 16:35:45",Mule
4254,2456,"MTS 4.1 Luthor 11/23",CLOSED,"2017-11-09 21:30:34",NULL,"2017-11-23 21:30:00","2017-11-24 14:25:18",Mule
4255,2711,"SDK 4.1 Luthor",CLOSED,"2017-11-13 15:50:38",NULL,"2017-11-27 15:50:00","2017-11-27 15:27:26",Mule
4252,2798,"Mule 4.1 Messi QA",CLOSED,"2017-11-24 15:40:13",NULL,"2017-12-07 15:40:00","2017-12-07 16:26:50",Mule
4251,2797,"Mule 4.1 Messi",CLOSED,"2017-11-24 15:41:06",NULL,"2017-12-07 15:41:00","2017-12-07 16:27:19",Mule
4253,2754,"SDK 4.1 Messi",CLOSED,"2017-11-27 16:13:25",NULL,"2017-12-11 16:13:00","2017-12-12 15:18:55",Mule
4248,2869,"Mule 4.1 Negan QA",CLOSED,"2017-12-07 11:19:41",NULL,"2017-12-21 11:19:00","2017-12-21 16:18:07",Mule
4246,2814,"Mule 4.1 Negan",CLOSED,"2017-12-07 11:20:44",NULL,"2017-12-21 11:20:00","2017-12-21 16:18:33",Mule
4245,2810,"Mule 3 Ural 4",CLOSED,"2017-12-07 14:22:48",NULL,"2017-12-21 14:22:00","2018-01-04 20:37:31",Mule
4242,2868,"MTS Negan",CLOSED,"2017-12-07 17:44:59",NULL,"2017-12-21 17:44:00","2018-01-04 15:06:34",Mule
4243,2708,"SDK 4.1 Negan",CLOSED,"2017-12-12 16:14:27",NULL,"2017-12-25 16:14:00","2017-12-26 16:41:29",Mule
4236,2850,"Gateway Frogger",CLOSED,"2017-12-20 18:25:55",NULL,"2018-01-03 18:25:00","2018-01-03 16:38:33",Mule
4241,2877,"Mule 4.1 Obi-Wan",CLOSED,"2017-12-21 17:04:12",NULL,"2018-01-04 17:04:00","2018-01-04 15:57:27",Mule
4240,2878,"SDK 4.1 Obi-Wan",CLOSED,"2017-12-26 17:49:44",NULL,"2018-01-08 17:49:00","2018-01-09 15:13:54",Mule
4238,2916,"Gateway Galaga",CLOSED,"2018-01-03 17:31:14",NULL,"2018-01-17 17:31:00","2018-01-17 16:25:53",Mule
4239,2978,"Mule 4.1 Punisher QA",CLOSED,"2018-01-04 16:10:02",NULL,"2018-01-18 16:10:00","2018-01-18 16:39:16",Mule
4222,2876,"Mule 3 Ural 5",CLOSED,"2018-01-04 19:13:53",NULL,"2018-01-18 19:13:00","2018-03-14 16:49:10",Mule
4235,2889,"Mule 4.1 Punisher",CLOSED,"2018-01-04 20:36:50",NULL,"2018-01-18 20:36:00","2018-01-18 16:39:36",Mule
4233,2921,"SDK 4.1 Punisher",CLOSED,"2018-01-09 16:07:39",NULL,"2018-01-23 16:07:00","2018-01-22 15:39:52",Mule
4234,3022,"Mule 4.1 Qui Gon QA",CLOSED,"2018-01-18 17:25:06",NULL,"2018-02-01 17:25:00","2018-02-14 20:02:03",Mule
4229,2979,"Mule 4.1 Qui Gon",CLOSED,"2018-01-18 17:26:34",NULL,"2018-02-01 17:26:00","2018-02-14 20:03:02",Mule
4230,3038,"SDK 4.1.1 Qui Gon",CLOSED,"2018-01-22 17:29:58",NULL,"2018-02-05 17:29:00","2018-02-14 18:19:59",Mule
4226,3184,"SDK 2018-02-14",CLOSED,"2018-02-14 18:48:30",NULL,"2018-02-28 18:48:00","2018-02-28 17:53:19",Mule
4225,3189,"Mule 2018-02-14",CLOSED,"2018-02-14 21:27:56",NULL,"2018-02-28 21:27:00","2018-02-28 15:29:10",Mule
4228,3190,"Mule QA 2018-02-14",CLOSED,"2018-02-14 21:29:02",NULL,"2018-02-28 21:29:00","2018-02-28 15:28:52",Mule
4224,3285,"Mule QA 2018-02-28",CLOSED,"2018-02-28 16:25:56",NULL,"2018-03-14 16:25:00","2018-03-14 15:37:59",Mule
4219,3200,"Mule 2018-02-28",CLOSED,"2018-02-28 16:26:42",NULL,"2018-03-14 16:26:00","2018-03-14 15:38:20",Mule
4220,2922,"SDK 2018-02-28 Anakin",CLOSED,"2018-02-28 22:12:00",NULL,"2018-03-14 22:00:00","2018-03-15 14:40:10",Mule
4213,3321,"Mule 2018-03-14 Bobba Fett",CLOSED,"2018-03-14 16:46:44",NULL,"2018-03-28 16:46:00","2018-03-28 15:36:13",Mule
4203,2982,"Mule 3 Ural 6",CLOSED,"2018-03-14 18:57:00",NULL,"2018-03-28 18:57:00","2018-04-11 16:38:19",Mule
4216,3288,"SDK 2018-03-14 Bobba Fett",CLOSED,"2018-03-15 20:00:00",NULL,"2018-03-28 16:20:00","2018-04-03 15:32:14",Mule
4206,3336,"Mule 2018-03-28 C3PO",CLOSED,"2018-03-28 16:24:27",NULL,"2018-04-11 16:24:00","2018-04-11 15:46:04",Mule
4209,3289,"SDK 2018-03-28 C3PO",CLOSED,"2018-04-03 16:11:27",NULL,"2018-04-11 12:31:00","2018-04-11 17:29:38",Mule
4205,3349,"Mule 2018-04-11 Dooku",CLOSED,"2018-04-11 18:22:00",NULL,"2018-04-25 20:22:00","2018-04-25 16:18:41",Mule
4204,3358,"SDK 2018-04-11 Dooku",CLOSED,"2018-04-11 18:23:00",NULL,"2018-04-25 18:22:00","2018-04-26 15:17:52",Mule
4211,3354,"Mule 2018-04-11 Dooku QA",CLOSED,"2018-04-11 20:12:32",NULL,"2018-04-25 20:12:00","2018-04-25 16:18:04",Mule
4227,3359,"SDK 2018-04-25 Endor",CLOSED,"2018-04-26 15:58:46",NULL,"2018-05-10 15:58:00","2018-05-11 05:13:25",Mule
4244,3360,"SDK 2018-05-09 Finn",CLOSED,"2018-05-09 13:16:00",NULL,"2018-05-23 05:16:00","2018-05-23 17:19:18",Mule
4215,3352,"Mule 2018-05-23 Grievous",CLOSED,"2018-05-23 16:26:10",NULL,"2018-06-06 16:26:00","2018-06-06 15:32:39",Mule
4394,3575,"MMT 2018-05-23 Grievous",CLOSED,"2018-05-23 18:44:13",NULL,"2018-06-06 18:44:00","2018-06-06 18:06:30",Mule
4214,3612,"Mule 3 Vesuvius 4",CLOSED,"2018-06-21 14:20:28",NULL,"2018-07-04 14:20:00","2018-10-10 16:22:57",Mule
4218,3609,"Mule 4 - Jabba",CLOSED,"2018-07-04 17:09:30",NULL,"2018-07-18 17:09:00","2018-07-18 14:28:29",Mule
4202,3804,"Mule 4 - Kylo",CLOSED,"2018-07-18 19:37:32",NULL,"2018-08-01 19:37:00","2018-08-01 15:23:37",Mule
4302,3809,"SDK Kylo",CLOSED,"2018-07-19 02:51:36",NULL,"2018-08-02 02:51:00","2018-08-01 17:18:45",Mule
4223,3904,"Mule 4.2 - Maul 08/15",CLOSED,"2018-08-15 16:56:24",NULL,"2018-08-29 16:56:00","2018-08-29 15:32:25",Mule
4249,3905,"Mule 4.2 - Nien Nunb 08/29",CLOSED,"2018-08-29 16:37:50",NULL,"2018-09-12 00:15:00","2018-09-12 15:20:44",Mule
4250,3906,"Mule 4.2 - Organa 09/12",CLOSED,"2018-09-12 16:35:25",NULL,"2018-09-26 16:35:00","2018-09-26 15:26:19",Mule
4370,4101,"Mule 4 - R2D2 10/17",CLOSED,"2018-10-24 16:02:32",NULL,"2018-11-07 16:02:00","2018-11-07 15:20:37",Mule
4208,4104,"SDK Snoke",CLOSED,"2018-11-07 17:58:57",NULL,"2018-11-21 16:58:00","2018-11-21 17:18:23",Mule
4201,4107,"Mule 4 - Unduli 12/05",CLOSED,"2018-12-05 16:10:05",NULL,"2018-12-19 16:10:00","2018-12-19 15:32:13",Mule
4270,4606,"SDK Ziro",CLOSED,"2019-02-14 18:58:48",NULL,"2019-02-27 18:58:00","2019-03-13 17:45:07",Mule
4200,4757,"Mule 4 - Bacchus 03/27",CLOSED,"2019-03-27 16:27:45",NULL,"2019-04-10 16:27:00","2019-04-10 15:25:11",Mule
4322,4976,"Mule 3 - Aconcagua 6",CLOSED,"2019-04-10 19:03:32",NULL,"2019-04-24 19:03:00","2019-04-24 16:07:23",Mule
4232,4980,"SDK - Demeter",CLOSED,"2019-04-24 17:01:48",NULL,"2019-05-08 17:01:00","2019-05-09 13:58:52",Mule
4199,5124,"Mule Reliability - Enlil 05/08",CLOSED,"2019-05-08 16:32:36",NULL,"2019-05-22 16:32:00","2019-05-22 19:19:56",Mule
4286,5108,"Mule Runtime - Enlil 05/08",CLOSED,"2019-05-08 16:35:11",NULL,"2019-05-22 16:35:00","2019-05-22 15:32:51",Mule
4237,5702,"Mule Runtime - Pachamama 10/09",CLOSED,"2019-10-09 16:39:23",NULL,"2019-10-23 16:39:00","2019-10-23 16:38:05",Mule
4198,6784,"Prod Eng - Cream 04/08",CLOSED,"2020-04-08 15:28:38",NULL,"2020-04-22 15:28:00","2020-04-22 14:14:48",Mule
4337,7085,"Prod Eng - Foo Fighters 05/20",CLOSED,"2020-05-20 15:29:21",NULL,"2020-06-02 15:29:00","2020-06-03 13:37:57",Mule
4274,7158,"SDK - Foo Fighters - 05/20",CLOSED,"2020-05-20 17:15:20",NULL,"2020-06-03 17:15:00","2020-06-03 17:03:23",Mule
4196,7018,"Core Conn - Google+ - June 3",CLOSED,"2020-06-03 14:54:39",NULL,"2020-06-16 14:54:00","2020-06-17 14:24:21",Mule
4197,7179,"Prod Eng - Iron Maiden 07/01",CLOSED,"2020-07-01 14:53:36",NULL,"2020-07-15 14:53:00","2020-07-15 13:38:23",Mule
4966,3,"Release 3.0.0",CLOSED,"2012-09-27 04:26:47",NULL,"2012-10-08 19:05:00","2012-12-20 17:03:19","The Titanium SDK"
4970,4,"2012 Sprint 23",CLOSED,"2012-11-07 23:26:41",NULL,"2012-11-20 01:59:00","2012-11-21 02:58:24","The Titanium SDK"
4969,5,"2012 Sprint 24",CLOSED,"2012-11-21 03:07:35",NULL,"2012-12-04 03:07:35","2012-12-10 21:15:25","The Titanium SDK"
4968,6,"2012 Sprint 25",CLOSED,"2012-12-10 22:00:07",NULL,"2012-12-17 22:01:07","2012-12-18 16:52:12","The Titanium SDK"
4967,7,"2012 Sprint 26",CLOSED,"2012-12-19 16:45:47",NULL,"2013-01-02 16:45:47","2012-12-29 20:40:34","The Titanium SDK"
4956,8,"2013 Sprint 02 BB",CLOSED,"2013-01-14 18:21:00",NULL,"2013-01-28 18:21:00","2013-02-04 19:43:51","The Titanium SDK"
4965,9,"2013 Sprint 03 BB",CLOSED,"2013-02-04 19:45:10",NULL,"2013-02-11 19:44:10","2013-04-19 15:42:35","The Titanium SDK"
4700,10,"2013 Sprint 14",CLOSED,"2013-07-02 11:09:00",NULL,"2013-07-16 11:09:00","2020-08-31 14:31:00","The Titanium SDK"
4963,12,"2013 Sprint 14",CLOSED,"2013-07-02 19:29:00",NULL,"2013-07-15 19:29:00","2013-09-26 15:01:32","The Titanium SDK"
4961,15,"2013 Sprint 16",CLOSED,"2013-07-30 22:54:12",NULL,"2013-08-12 22:54:12","2013-09-26 15:01:49","The Titanium SDK"
4962,16,"2013 Sprint 17",CLOSED,"2013-08-13 23:48:00",NULL,"2013-08-23 23:48:00","2013-09-26 15:01:57","The Titanium SDK"
4960,17,"2013 Sprint 18",CLOSED,"2013-08-27 19:50:19",NULL,"2013-09-06 19:49:19","2013-09-26 15:02:06","The Titanium SDK"
4964,18,"2013 Sprint 19",CLOSED,"2013-09-09 21:34:05",NULL,"2013-09-20 21:34:05","2013-09-26 15:02:13","The Titanium SDK"
4959,22,"2013 Sprint 23",CLOSED,"2013-11-04 23:11:22",NULL,"2013-11-16 04:11:00","2013-11-21 16:47:18","The Titanium SDK"
4958,23,"2013 Sprint 24",CLOSED,"2013-11-19 19:13:37",NULL,"2013-12-01 19:13:37","2013-12-03 18:22:18","The Titanium SDK"
4957,24,"2013 Sprint 25",CLOSED,"2013-12-02 22:12:56",NULL,"2013-12-15 22:12:56","2013-12-16 16:59:16","The Titanium SDK"
4954,50,"2014 Sprint 09 Tooling",CLOSED,"2014-04-28 14:43:24",NULL,"2014-05-10 02:44:00","2014-05-12 12:36:16","The Titanium SDK"
4952,104,"2014 Sprint 10 SDK",CLOSED,"2014-05-12 15:00:00",NULL,"2014-05-23 23:00:00","2014-05-27 17:11:47","The Titanium SDK"
4953,107,"2014 Sprint 10 Tooling",CLOSED,"2014-05-12 15:00:00",NULL,"2014-05-23 23:00:00","2014-05-27 17:11:27","The Titanium SDK"
4951,109,"2014 Sprint 11 Studio",CLOSED,"2014-05-27 15:00:38",NULL,"2014-06-07 00:00:00","2014-06-09 13:52:16","The Titanium SDK"
4949,119,"2014 Sprint 11 Tooling",CLOSED,"2014-05-27 15:30:27",NULL,"2014-06-07 00:30:00","2014-06-12 19:51:59","The Titanium SDK"
4950,105,"2014 Sprint 11 SDK",CLOSED,"2014-05-27 20:43:32",NULL,"2014-06-06 23:00:00","2014-06-09 20:36:38","The Titanium SDK"
4948,121,"2014 Sprint 12 SDK",CLOSED,"2014-06-09 20:51:17",NULL,"2014-06-20 23:00:00","2014-06-23 15:52:30","The Titanium SDK"
4947,125,"2014 Sprint 12 Tooling",CLOSED,"2014-06-12 19:52:40",NULL,"2014-06-20 23:00:00","2014-06-23 22:24:41","The Titanium SDK"
4934,133,"2014 Sprint 13 SDK",CLOSED,"2014-06-23 20:55:21",NULL,"2014-07-03 23:00:00","2014-07-07 16:32:19","The Titanium SDK"
4946,135,"2014 Sprint 13 Tooling",CLOSED,"2014-06-23 22:44:05",NULL,"2014-07-03 23:00:00","2014-07-07 15:26:26","The Titanium SDK"
4945,149,"2014 Sprint 14 SDK",CLOSED,"2014-07-07 20:48:52",NULL,"2014-07-18 23:00:00","2014-07-21 14:58:33","The Titanium SDK"
4943,153,"2014 Sprint 14 Tooling",CLOSED,"2014-07-07 20:56:44",NULL,"2014-07-18 23:00:00","2014-07-21 14:58:26","The Titanium SDK"
4939,154,"2014 Sprint 15 SDK",CLOSED,"2014-07-21 20:56:32",NULL,"2014-08-01 23:00:00","2014-08-04 20:03:51","The Titanium SDK"
4942,155,"2014 Sprint 15 Tooling",CLOSED,"2014-07-21 21:15:26",NULL,"2014-08-01 23:00:00","2014-08-04 13:51:14","The Titanium SDK"
4941,161,"2014 Sprint 16 SDK",CLOSED,"2014-08-04 21:09:19",NULL,"2014-08-14 23:00:00","2014-08-18 20:17:18","The Titanium SDK"
4940,175,"2014 Sprint 17 SDK",CLOSED,"2014-08-21 21:07:00",NULL,"2014-08-29 23:00:00","2014-09-02 18:56:26","The Titanium SDK"
4938,188,"2014 Sprint 17 Tooling",CLOSED,"2014-08-21 21:08:00",NULL,"2014-08-29 23:00:00","2014-09-02 06:54:24","The Titanium SDK"
4936,208,"2014 Sprint 18 Tooling",CLOSED,"2014-09-02 19:24:55",NULL,"2014-09-12 23:00:00","2014-09-15 19:08:40","The Titanium SDK"
4937,199,"2014 Sprint 18 SDK",CLOSED,"2014-09-02 21:56:57",NULL,"2014-09-12 23:00:00","2014-09-15 19:08:19","The Titanium SDK"
4935,214,"2014 Sprint 19 Tooling",CLOSED,"2014-09-15 19:19:34",NULL,"2014-09-26 23:00:00","2014-09-29 13:02:08","The Titanium SDK"
4933,219,"2014 Sprint 19 SDK",CLOSED,"2014-09-18 20:06:28",NULL,"2014-09-26 23:00:00","2014-09-29 12:58:58","The Titanium SDK"
4932,220,"2014 Sprint 20 SDK",CLOSED,"2014-09-29 21:32:25",NULL,"2014-10-13 17:25:00","2014-10-13 17:25:46","The Titanium SDK"
4931,229,"2014 Sprint 20 Tooling",CLOSED,"2014-09-29 21:38:08",NULL,"2014-10-13 22:19:00","2014-10-13 22:19:33","The Titanium SDK"
4929,230,"2014 Sprint 21 SDK",CLOSED,"2014-10-13 21:00:57",NULL,"2014-10-24 23:00:00","2014-10-27 16:33:06","The Titanium SDK"
4926,250,"2014 Sprint 22 QE Client",CLOSED,"2014-10-25 22:40:14",NULL,"2014-11-09 00:41:00","2014-11-17 19:43:50","The Titanium SDK"
4927,235,"2014 Sprint 22 Studio",CLOSED,"2014-10-27 15:59:36",NULL,"2014-11-08 02:30:00","2014-11-10 06:04:44","The Titanium SDK"
4930,247,"2014 Sprint 22 Tooling",CLOSED,"2014-10-27 20:31:23",NULL,"2014-11-08 01:00:00","2014-11-10 19:26:04","The Titanium SDK"
4928,241,"2014 Sprint 22 SDK",CLOSED,"2014-10-27 22:25:43",NULL,"2014-11-08 01:00:00","2014-11-10 20:10:01","The Titanium SDK"
4924,252,"2014 Sprint 23 Tooling",CLOSED,"2014-11-10 21:34:40",NULL,"2014-11-22 01:00:00","2014-11-24 17:27:17","The Titanium SDK"
4925,251,"2014 Sprint 23 SDK",CLOSED,"2014-11-10 22:56:45",NULL,"2014-11-22 01:00:00","2014-11-22 05:03:37","The Titanium SDK"
4923,265,"2014 Sprint 24 Tooling",CLOSED,"2014-11-24 17:45:54",NULL,"2014-12-06 02:47:00","2014-12-08 17:25:44","The Titanium SDK"
4922,258,"2014 Sprint 24 SDK",CLOSED,"2014-11-24 22:28:25",NULL,"2014-12-06 01:00:00","2014-12-08 17:21:15","The Titanium SDK"
4921,288,"2014 Sprint 25 Tooling",CLOSED,"2014-12-08 17:30:22",NULL,"2014-12-20 02:30:00","2014-12-29 18:24:10","The Titanium SDK"
4920,272,"2014 Sprint 25 SDK",CLOSED,"2014-12-08 22:49:31",NULL,"2014-12-22 01:00:00","2015-01-05 18:18:29","The Titanium SDK"
4917,291,"2015 Sprint 01 SDK",CLOSED,"2015-01-03 01:00:00",NULL,"2015-01-17 01:00:00","2015-01-19 17:24:41","The Titanium SDK"
4918,302,"2015 Sprint 01 Tooling",CLOSED,"2015-01-03 17:30:00",NULL,"2015-01-17 01:00:00","2015-01-17 00:48:12","The Titanium SDK"
4919,190,"2015 Sprint 01 Windows",CLOSED,"2015-01-04 01:00:00",NULL,"2015-01-17 01:00:00","2015-01-19 17:24:53","The Titanium SDK"
4915,309,"2015 Sprint 02 SDK",CLOSED,"2015-01-17 01:00:17",NULL,"2015-01-31 01:00:00","2015-02-02 14:36:10","The Titanium SDK"
4913,317,"2015 Sprint 02 Windows",CLOSED,"2015-01-17 01:00:51",NULL,"2015-01-31 01:00:00","2015-01-30 23:07:53","The Titanium SDK"
4916,311,"2015 Sprint 02 Tooling",CLOSED,"2015-01-17 02:00:00",NULL,"2015-01-31 01:00:00","2015-01-31 03:36:53","The Titanium SDK"
4910,331,"2015 Sprint 03 Windows",CLOSED,"2015-01-31 01:00:00",NULL,"2015-02-14 01:00:00","2015-02-16 21:05:07","The Titanium SDK"
4909,330,"2015 Sprint 03 SDK",CLOSED,"2015-01-31 01:00:05",NULL,"2015-02-14 01:00:00","2015-02-16 21:01:52","The Titanium SDK"
4912,328,"2015 Sprint 03 Documentation",CLOSED,"2015-01-31 01:00:50",NULL,"2015-02-14 01:00:00","2015-02-16 21:06:40","The Titanium SDK"
4911,319,"2015 Sprint 03 Tooling",CLOSED,"2015-01-31 03:56:17",NULL,"2015-02-14 02:30:00","2015-02-14 02:18:47","The Titanium SDK"
4907,341,"2015 Sprint 04 Windows",CLOSED,"2015-02-14 01:00:07",NULL,"2015-02-28 01:00:00","2015-02-28 15:59:53","The Titanium SDK"
4908,345,"2015 Sprint 04 SDK",CLOSED,"2015-02-14 01:00:53",NULL,"2015-03-01 01:00:00","2015-02-28 15:39:44","The Titanium SDK"
4906,339,"2015 Sprint 04 Tooling",CLOSED,"2015-02-14 02:34:21",NULL,"2015-02-28 02:34:00","2015-02-28 15:51:33","The Titanium SDK"
4814,356,"2015 Sprint 05 SDK",CLOSED,"2015-02-28 15:50:09",NULL,"2015-03-14 00:00:00","2015-03-14 13:54:51","The Titanium SDK"
4905,354,"2015 Sprint 05 Tooling",CLOSED,"2015-02-28 15:56:04",NULL,"2015-03-14 00:00:00","2015-03-14 01:06:35","The Titanium SDK"
4904,350,"2015 Sprint 05 Windows",CLOSED,"2015-02-28 16:04:51",NULL,"2015-03-14 00:00:00","2015-03-14 13:58:44","The Titanium SDK"
4903,363,"2015 Sprint 06 Tooling",CLOSED,"2015-03-14 13:52:27",NULL,"2015-03-28 00:00:00","2015-03-30 15:43:14","The Titanium SDK"
4902,362,"2015 Sprint 06 SDK",CLOSED,"2015-03-14 13:56:54",NULL,"2015-03-28 00:00:00","2015-03-30 16:32:34","The Titanium SDK"
4901,351,"2015 Sprint 06 Windows",CLOSED,"2015-03-14 13:58:11",NULL,"2015-03-28 00:00:00","2015-03-30 13:10:55","The Titanium SDK"
4900,370,"2015 Sprint 07 SDK",CLOSED,"2015-03-28 00:00:13",NULL,"2015-04-10 23:00:00","2015-04-13 15:25:29","The Titanium SDK"
4898,373,"2015 Sprint 07 Tooling",CLOSED,"2015-03-28 00:00:54",NULL,"2015-04-24 23:00:00","2015-04-13 15:16:20","The Titanium SDK"
4899,352,"2015 Sprint 07 Windows",CLOSED,"2015-03-29 04:00:59",NULL,"2015-04-25 02:59:00","2015-04-12 16:16:41","The Titanium SDK"
4895,377,"2015 Sprint 08 Tooling",CLOSED,"2015-04-10 15:22:00",NULL,"2015-04-24 23:00:00","2015-04-30 18:39:26","The Titanium SDK"
4897,371,"2015 Sprint 08 SDK",CLOSED,"2015-04-10 23:00:50",NULL,"2015-04-24 11:00:00","2015-04-28 14:02:06","The Titanium SDK"
4896,393,"2015 Sprint 08 Windows",CLOSED,"2015-04-12 03:01:21",NULL,"2015-04-26 02:59:00","2015-04-27 13:31:21","The Titanium SDK"
4890,398,"2015 Sprint 09 SDK",CLOSED,"2015-04-24 23:00:00",NULL,"2015-05-08 23:00:00","2015-05-11 13:11:17","The Titanium SDK"
4893,383,"2015 Sprint 9 DevOps",CLOSED,"2015-04-24 23:00:03",NULL,"2015-05-08 22:49:00","2015-05-11 21:46:10","The Titanium SDK"
4891,403,"2015 Sprint 09 Tooling",CLOSED,"2015-04-24 23:00:32",NULL,"2015-05-08 23:00:00","2015-05-11 13:12:07","The Titanium SDK"
4894,394,"2015 Sprint 09 Windows",CLOSED,"2015-04-26 04:00:09",NULL,"2015-05-10 02:59:00","2015-05-11 12:20:24","The Titanium SDK"
4888,408,"2015 Sprint 10 Tooling",CLOSED,"2015-05-08 23:00:32",NULL,"2015-05-22 23:00:00","2015-05-24 01:26:36","The Titanium SDK"
4887,404,"2015 Sprint 10 SDK",CLOSED,"2015-05-08 23:00:53",NULL,"2015-05-22 23:00:00","2015-05-25 13:55:16","The Titanium SDK"
4889,410,"2015 Sprint 10 Windows",CLOSED,"2015-05-10 04:00:04",NULL,"2015-05-24 02:59:00","2015-05-22 15:34:57","The Titanium SDK"
4886,407,"2015 Sprint 11 SDK",CLOSED,"2015-05-22 23:00:08",NULL,"2015-06-05 23:00:00","2015-06-08 15:18:16","The Titanium SDK"
4892,415,"2015 Sprint 11 Tooling",CLOSED,"2015-05-23 01:31:08",NULL,"2015-06-06 01:31:00","2015-06-08 14:25:55","The Titanium SDK"
4885,419,"2015 Sprint 11 Windows",CLOSED,"2015-05-23 02:59:00",NULL,"2015-06-06 02:59:00","2015-06-07 00:14:52","The Titanium SDK"
4884,416,"2015 Sprint 12 SDK",CLOSED,"2015-06-05 23:00:44",NULL,"2015-06-19 23:00:00","2015-06-23 04:41:36","The Titanium SDK"
4883,420,"2015 Sprint 12 Windows",CLOSED,"2015-06-07 00:15:20",NULL,"2015-06-21 00:15:00","2015-06-20 22:02:18","The Titanium SDK"
4880,436,"2015 Sprint 13 Windows",CLOSED,"2015-06-20 22:02:44",NULL,"2015-07-04 22:02:00","2015-07-06 13:03:22","The Titanium SDK"
4882,442,"2015 Sprint 13 Tooling",CLOSED,"2015-06-22 15:14:06",NULL,"2015-07-04 00:14:00","2015-07-07 17:27:38","The Titanium SDK"
4879,429,"2015 Sprint 13 SDK",CLOSED,"2015-06-23 04:39:59",NULL,"2015-07-03 23:30:00","2015-07-07 03:59:44","The Titanium SDK"
4881,441,"2015 Sprint 14 SDK",CLOSED,"2015-07-04 00:00:23",NULL,"2015-07-18 00:00:00","2015-07-28 05:37:47","The Titanium SDK"
4878,443,"2015 Sprint 14 Windows",CLOSED,"2015-07-06 03:01:53",NULL,"2015-07-19 02:59:00","2015-07-20 21:18:15","The Titanium SDK"
4877,450,"2015 Sprint 14 Tooling",CLOSED,"2015-07-06 15:27:06",NULL,"2015-07-18 00:27:00","2015-07-20 16:26:13","The Titanium SDK"
4853,449,"2015 Sprint 14 Studio",CLOSED,"2015-07-06 15:47:28",NULL,"2015-07-18 00:47:00","2015-07-30 22:23:52","The Titanium SDK"
4875,445,"2015 Sprint 15 SDK",CLOSED,"2015-07-17 23:30:29",NULL,"2015-07-31 23:30:00","2015-08-03 00:49:18","The Titanium SDK"
4876,453,"2015 Sprint 15 Windows",CLOSED,"2015-07-20 03:01:12",NULL,"2015-08-02 02:59:00","2015-08-03 22:03:05","The Titanium SDK"
4874,455,"2015 Sprint 15 Tooling",CLOSED,"2015-07-20 15:26:20",NULL,"2015-08-08 00:26:00","2015-08-03 19:10:37","The Titanium SDK"
4872,451,"2015 Sprint 16 SDK",CLOSED,"2015-07-31 23:30:05",NULL,"2015-08-14 23:30:00","2015-08-17 04:55:00","The Titanium SDK"
4873,466,"2015 Sprint 16 Windows",CLOSED,"2015-08-03 03:01:41",NULL,"2015-08-15 02:59:00","2015-08-14 19:06:52","The Titanium SDK"
4871,465,"2015 Sprint 16 Tooling",CLOSED,"2015-08-03 15:11:06",NULL,"2015-08-15 00:11:00","2015-08-17 23:59:18","The Titanium SDK"
4868,464,"2015 Sprint 17 SDK",CLOSED,"2015-08-14 23:30:59",NULL,"2015-08-28 23:30:00","2015-08-31 07:10:48","The Titanium SDK"
4870,482,"2015 Sprint 17 Windows",CLOSED,"2015-08-15 03:01:00",NULL,"2015-08-29 02:59:00","2015-08-28 12:51:24","The Titanium SDK"
4869,478,"2015 Sprint 17 Tooling",CLOSED,"2015-08-17 15:09:50",NULL,"2015-08-29 00:09:00","2015-09-10 18:57:07","The Titanium SDK"
4866,481,"2015 Sprint 18 SDK",CLOSED,"2015-08-28 23:30:25",NULL,"2015-09-11 23:30:00","2015-09-14 04:24:05","The Titanium SDK"
4867,484,"2015 Sprint 18 Windows",CLOSED,"2015-08-30 03:01:00",NULL,"2015-09-12 02:59:00","2015-09-14 16:29:29","The Titanium SDK"
4865,487,"2015 Sprint 18 Tooling",CLOSED,"2015-08-31 14:59:22",NULL,"2015-09-11 23:59:00","2015-09-14 22:09:59","The Titanium SDK"
4864,485,"2015 Sprint 19 SDK",CLOSED,"2015-09-11 23:30:30",NULL,"2015-09-25 23:30:00","2015-09-28 01:29:14","The Titanium SDK"
4862,492,"2015 Sprint 19 Windows",CLOSED,"2015-09-13 03:01:58",NULL,"2015-09-26 02:59:00","2015-09-25 16:02:03","The Titanium SDK"
4863,495,"2015 Sprint 19 Tooling",CLOSED,"2015-09-14 15:11:58",NULL,"2015-09-26 00:11:00","2015-09-28 17:59:47","The Titanium SDK"
4860,494,"2015 Sprint 20 SDK",CLOSED,"2015-09-25 23:29:20",NULL,"2015-10-09 23:29:00","2015-10-12 04:33:31","The Titanium SDK"
4861,502,"2015 Sprint 20 Tooling",CLOSED,"2015-09-28 15:01:48",NULL,"2015-10-10 00:01:00","2015-10-12 20:13:40","The Titanium SDK"
4857,503,"2015 Sprint 21 SDK",CLOSED,"2015-10-09 23:32:18",NULL,"2015-10-23 23:32:00","2015-10-26 02:20:48","The Titanium SDK"
4858,512,"2015 Sprint 21 Tooling",CLOSED,"2015-10-12 20:15:57",NULL,"2015-10-24 00:15:00","2015-10-26 16:54:06","The Titanium SDK"
4854,517,"2015 Sprint 22 SDK",CLOSED,"2015-10-23 23:30:42",NULL,"2015-11-07 01:30:00","2015-11-09 02:37:29","The Titanium SDK"
4855,520,"2015 Sprint 22 Tooling",CLOSED,"2015-10-26 16:54:38",NULL,"2015-11-07 02:54:00","2015-11-10 23:31:40","The Titanium SDK"
4851,525,"2015 Sprint 23 SDK",CLOSED,"2015-11-07 01:30:16",NULL,"2015-11-21 01:30:00","2015-11-23 02:54:28","The Titanium SDK"
4852,531,"2015 Sprint 23 Tooling",CLOSED,"2015-11-10 23:44:28",NULL,"2015-11-21 02:44:00","2015-11-23 20:21:45","The Titanium SDK"
4828,529,"2015 Sprint 24 SDK",CLOSED,"2015-11-21 01:30:13",NULL,"2015-12-05 01:30:00","2015-12-07 03:57:17","The Titanium SDK"
4856,534,"2015 Sprint 24 Tooling",CLOSED,"2015-11-23 20:23:31",NULL,"2015-12-05 02:23:00","2015-12-07 18:44:26","The Titanium SDK"
4850,536,"2015 Sprint 25 SDK",CLOSED,"2015-12-05 01:30:40",NULL,"2015-12-19 01:30:00","2015-12-29 03:19:42","The Titanium SDK"
4859,538,"2015 Sprint 25 Tooling",CLOSED,"2015-12-07 18:48:43",NULL,"2015-12-19 03:48:00","2016-01-04 19:45:32","The Titanium SDK"
4765,542,"2015 Sprint 25 Studio",CLOSED,"2015-12-08 05:48:27",NULL,"2015-12-21 17:48:00","2015-12-23 00:55:33","The Titanium SDK"
4849,543,"2015 Sprint 26 SDK",CLOSED,"2015-12-19 01:30:24",NULL,"2016-01-02 01:30:00","2016-01-04 02:31:00","The Titanium SDK"
4847,555,"2016 Sprint 1 SDK",CLOSED,"2016-01-02 01:31:50",NULL,"2016-01-16 01:31:00","2016-01-18 00:52:44","The Titanium SDK"
4848,571,"2016 Sprint 01 Tooling",CLOSED,"2016-01-04 21:10:00",NULL,"2016-01-15 21:10:00","2016-02-01 17:31:01","The Titanium SDK"
4846,565,"2016 Sprint 2 SDK",CLOSED,"2016-01-16 01:30:40",NULL,"2016-01-30 01:30:00","2016-01-31 01:27:08","The Titanium SDK"
4844,580,"2016 Sprint 3 SDK",CLOSED,"2016-01-30 01:31:49",NULL,"2016-02-13 01:31:00","2016-02-15 05:32:41","The Titanium SDK"
4843,581,"2016 Sprint 03 Tooling",CLOSED,"2016-02-01 17:29:48",NULL,"2016-02-12 17:29:00","2016-02-17 05:30:51","The Titanium SDK"
4845,582,"2016 Sprint 04 Tooling",CLOSED,"2016-02-13 01:31:30",NULL,"2016-02-27 01:31:00","2016-02-29 02:55:58","The Titanium SDK"
4842,574,"2016 Sprint 4 SDK",CLOSED,"2016-02-13 01:33:48",NULL,"2016-02-27 01:33:00","2016-02-29 03:44:49","The Titanium SDK"
4840,585,"2016 Sprint 5 SDK",CLOSED,"2016-02-27 01:30:43",NULL,"2016-03-12 01:30:00","2016-03-14 11:50:18","The Titanium SDK"
4841,596,"2016 Sprint 05 Tooling",CLOSED,"2016-02-27 01:30:54",NULL,"2016-03-12 01:30:00","2016-03-14 11:54:10","The Titanium SDK"
4839,598,"2016 Sprint 06 Tooling",CLOSED,"2016-03-12 01:30:46",NULL,"2016-03-26 00:30:00","2016-03-28 02:31:23","The Titanium SDK"
4837,597,"2016 Sprint 06 SDK",CLOSED,"2016-03-12 01:31:00",NULL,"2016-03-26 00:30:00","2016-03-28 02:38:10","The Titanium SDK"
4836,614,"2016 Sprint 07 SDK",CLOSED,"2016-03-26 00:38:56",NULL,"2016-04-08 23:38:00","2016-04-11 03:41:08","The Titanium SDK"
4944,615,"2016 Sprint 07 Tooling",CLOSED,"2016-03-26 00:40:49",NULL,"2016-04-08 23:40:00","2016-04-11 03:48:58","The Titanium SDK"
4838,129,"To Be Scheduled",CLOSED,"2016-03-28 03:03:55",NULL,"2016-04-08 03:03:00","2016-03-29 03:09:04","The Titanium SDK"
4834,619,"2016 Sprint 08 Tooling",CLOSED,"2016-04-08 23:30:04",NULL,"2016-04-22 23:30:00","2016-04-25 01:58:13","The Titanium SDK"
4819,618,"2016 Sprint 08 SDK",CLOSED,"2016-04-08 23:30:18",NULL,"2016-04-22 23:30:00","2016-04-25 01:38:29","The Titanium SDK"
4835,625,"2016 Sprint 09 Tooling",CLOSED,"2016-04-22 23:30:13",NULL,"2016-05-06 23:30:00","2016-05-09 02:55:41","The Titanium SDK"
4832,624,"2016 Sprint 09 SDK",CLOSED,"2016-04-22 23:39:45",NULL,"2016-05-06 23:39:00","2016-05-09 02:43:10","The Titanium SDK"
4831,627,"2016 Sprint 10 SDK",CLOSED,"2016-05-06 23:43:57",NULL,"2016-05-20 23:43:00","2016-05-23 01:06:04","The Titanium SDK"
4833,628,"2016 Sprint 10 Tooling",CLOSED,"2016-05-06 23:55:11",NULL,"2016-05-20 23:55:00","2016-05-23 01:09:18","The Titanium SDK"
4830,631,"2016 Sprint 11 SDK",CLOSED,"2016-05-20 23:06:10",NULL,"2016-06-03 23:06:00","2016-06-06 06:30:40","The Titanium SDK"
4829,641,"2016 Sprint 12 SDK",CLOSED,"2016-06-03 23:30:29",NULL,"2016-06-17 23:30:00","2016-06-20 03:25:16","The Titanium SDK"
4779,649,"2016 Sprint 13 SDK",CLOSED,"2016-06-17 23:25:17",NULL,"2016-07-01 23:25:00","2016-07-04 03:25:17","The Titanium SDK"
4827,650,"2016 Sprint 13 Tooling",CLOSED,"2016-06-17 23:27:06",NULL,"2016-07-02 03:27:00","2016-07-04 03:26:24","The Titanium SDK"
4824,678,"2016 Sprint 14 SDK",CLOSED,"2016-07-01 23:25:58",NULL,"2016-07-15 23:25:00","2016-07-18 02:18:30","The Titanium SDK"
4825,679,"2016 Sprint 14 Tooling",CLOSED,"2016-07-01 23:26:00",NULL,"2016-07-15 23:26:00","2016-07-18 02:19:39","The Titanium SDK"
4823,681,"2016 Sprint 15 Tooling",CLOSED,"2016-07-15 23:19:14",NULL,"2016-07-29 23:19:00","2016-08-01 03:41:26","The Titanium SDK"
4822,682,"2016 Sprint 15 SDK",CLOSED,"2016-07-15 23:19:21",NULL,"2016-07-29 23:19:00","2016-08-01 03:40:11","The Titanium SDK"
4821,685,"2016 Sprint 16 SDK",CLOSED,"2016-07-29 23:40:03",NULL,"2016-08-12 23:40:00","2016-08-15 07:00:33","The Titanium SDK"
4820,686,"2016 Sprint 16 Tooling",CLOSED,"2016-07-29 23:42:22",NULL,"2016-08-12 23:42:00","2016-08-15 07:01:40","The Titanium SDK"
4818,695,"2016 Sprint 17 SDK",CLOSED,"2016-08-12 23:00:17",NULL,"2016-08-26 23:00:00","2016-08-29 02:18:09","The Titanium SDK"
4817,690,"2016 Sprint 17 Tooling",CLOSED,"2016-08-12 23:01:26",NULL,"2016-08-26 23:01:00","2016-08-29 02:15:36","The Titanium SDK"
4816,705,"2016 Sprint 18 Tooling",CLOSED,"2016-08-26 23:16:26",NULL,"2016-09-09 23:16:00","2016-09-13 19:21:37","The Titanium SDK"
4815,704,"2016 Sprint 18 SDK",CLOSED,"2016-08-26 23:18:37",NULL,"2016-09-09 23:18:00","2016-09-09 19:26:14","The Titanium SDK"
4813,707,"2016 Sprint 19 SDK",CLOSED,"2016-09-09 23:17:15",NULL,"2016-09-23 23:17:00","2016-09-26 04:17:04","The Titanium SDK"
4812,708,"2016 Sprint 19 Tooling",CLOSED,"2016-09-09 23:25:31",NULL,"2016-09-23 23:25:00","2016-09-26 04:33:11","The Titanium SDK"
4811,722,"2016 Sprint 20 SDK",CLOSED,"2016-09-28 15:50:17",NULL,"2016-10-12 15:50:00","2016-10-10 05:17:01","The Titanium SDK"
4810,723,"2016 Sprint 20 Tooling",CLOSED,"2016-09-29 13:46:17",NULL,"2016-10-13 13:46:00","2016-10-10 05:21:05","The Titanium SDK"
4808,733,"2016 Sprint 21 SDK",CLOSED,"2016-10-07 23:53:00",NULL,"2016-10-21 23:53:00","2016-10-24 02:58:09","The Titanium SDK"
4809,732,"2016 Sprint 21 Tooling",CLOSED,"2016-10-07 23:54:00",NULL,"2016-10-21 23:54:00","2016-10-24 03:18:14","The Titanium SDK"
4789,741,"2016 Sprint 22 SDK",CLOSED,"2016-10-21 23:02:30",NULL,"2016-11-05 00:02:00","2016-11-07 04:38:58","The Titanium SDK"
4807,745,"2016 Sprint 22 Tooling",CLOSED,"2016-10-21 23:20:00",NULL,"2016-11-05 00:19:00","2016-11-07 04:39:50","The Titanium SDK"
4805,752,"2016 Sprint 23 SDK",CLOSED,"2016-11-05 00:39:37",NULL,"2016-11-19 01:39:00","2016-11-29 06:51:58","The Titanium SDK"
4806,751,"2016 Sprint 23 Tooling",CLOSED,"2016-11-05 00:40:36",NULL,"2016-11-19 01:40:00","2016-11-28 03:51:25","The Titanium SDK"
4804,758,"2016 Sprint 24 SDK",CLOSED,"2016-11-19 01:32:07",NULL,"2016-12-03 01:32:00","2016-12-05 01:53:38","The Titanium SDK"
4802,770,"2016 Sprint 25 SDK",CLOSED,"2016-12-03 01:53:07",NULL,"2016-12-17 01:53:00","2016-12-21 03:19:44","The Titanium SDK"
4801,771,"2016 Sprint 25 Tooling",CLOSED,"2016-12-03 01:56:30",NULL,"2016-12-17 01:56:00","2016-12-21 03:17:01","The Titanium SDK"
4800,784,"2016 Sprint 26 SDK",CLOSED,"2016-12-17 01:24:58",NULL,"2016-12-31 01:24:00","2017-01-03 02:15:02","The Titanium SDK"
4803,786,"2016 Sprint 26 Tooling",CLOSED,"2016-12-17 01:25:00",NULL,"2016-12-31 01:25:00","2017-01-03 02:13:59","The Titanium SDK"
4826,788,"2017 Sprint 01 Tooling",CLOSED,"2016-12-31 02:14:38",NULL,"2017-01-14 02:14:00","2017-01-15 00:01:47","The Titanium SDK"
4782,787,"2017 Sprint 01 SDK",CLOSED,"2016-12-31 02:15:33",NULL,"2017-01-14 02:15:00","2017-01-15 00:00:19","The Titanium SDK"
4798,796,"2017 Sprint 02 SDK",CLOSED,"2017-01-15 00:00:42",NULL,"2017-01-29 00:00:00","2017-01-30 21:10:45","The Titanium SDK"
4799,799,"2017 Sprint 02 Tooling",CLOSED,"2017-01-15 00:01:58",NULL,"2017-01-29 00:01:00","2017-01-30 21:11:45","The Titanium SDK"
4795,809,"2017 Sprint 03 Tooling",CLOSED,"2017-01-28 16:13:07",NULL,"2017-02-11 16:13:00","2017-02-12 23:39:03","The Titanium SDK"
4797,808,"2017 Sprint 03 SDK",CLOSED,"2017-01-28 21:12:30",NULL,"2017-02-12 21:12:00","2017-02-12 23:37:15","The Titanium SDK"
4794,839,"2017 Sprint 04 SDK",CLOSED,"2017-02-12 23:36:01",NULL,"2017-02-26 23:36:00","2017-02-26 17:38:54","The Titanium SDK"
4796,840,"2017 Sprint 04 Tooling",CLOSED,"2017-02-12 23:40:44",NULL,"2017-02-26 23:40:00","2017-02-26 17:40:05","The Titanium SDK"
4791,847,"2017 Sprint 05 SDK",CLOSED,"2017-02-26 17:39:21",NULL,"2017-03-12 17:39:00","2017-03-12 19:14:39","The Titanium SDK"
4792,850,"2017 Sprint 05 Tooling",CLOSED,"2017-02-26 17:42:58",NULL,"2017-03-12 17:42:00","2017-03-12 19:11:36","The Titanium SDK"
4788,860,"2017 Sprint 06 Tooling",CLOSED,"2017-03-12 19:12:09",NULL,"2017-03-26 18:12:00","2017-03-26 21:02:35","The Titanium SDK"
4790,854,"2017 Sprint 06 SDK",CLOSED,"2017-03-12 19:14:58",NULL,"2017-03-26 18:14:00","2017-03-26 21:01:16","The Titanium SDK"
4793,865,"2017 Sprint 07 SDK",CLOSED,"2017-03-26 21:01:38",NULL,"2017-04-09 21:01:00","2017-04-10 14:40:14","The Titanium SDK"
4786,864,"2017 Sprint 07 Tooling",CLOSED,"2017-03-26 21:02:47",NULL,"2017-04-09 21:02:00","2017-04-10 14:38:31","The Titanium SDK"
4785,870,"2017 Sprint 08 Tooling",CLOSED,"2017-04-10 14:37:01",NULL,"2017-04-24 14:37:00","2017-04-23 20:40:37","The Titanium SDK"
4787,871,"2017 Sprint 08 SDK",CLOSED,"2017-04-10 14:40:31",NULL,"2017-04-24 14:40:00","2017-04-23 20:46:37","The Titanium SDK"
4784,882,"2017 Sprint 09 Tooling",CLOSED,"2017-04-23 20:40:52",NULL,"2017-05-07 20:40:00","2017-05-07 23:27:12","The Titanium SDK"
4783,883,"2017 Sprint 09 SDK",CLOSED,"2017-04-23 20:46:54",NULL,"2017-05-07 20:46:00","2017-05-07 23:25:44","The Titanium SDK"
4781,890,"2017 Sprint 10 Tooling",CLOSED,"2017-05-07 23:27:34",NULL,"2017-05-21 23:27:00","2017-05-22 01:42:48","The Titanium SDK"
4780,889,"2017 Sprint 10 SDK",CLOSED,"2017-05-07 23:27:50",NULL,"2017-05-21 23:27:00","2017-05-22 01:41:01","The Titanium SDK"
4778,896,"2017 Sprint 11 SDK",CLOSED,"2017-05-22 01:41:18",NULL,"2017-06-05 01:41:00","2017-06-04 23:14:33","The Titanium SDK"
4774,897,"2017 Sprint 11 Tooling",CLOSED,"2017-05-22 01:43:02",NULL,"2017-06-05 01:43:00","2017-06-04 23:19:07","The Titanium SDK"
4777,903,"2017 Sprint 12 SDK",CLOSED,"2017-06-04 23:15:46",NULL,"2017-06-18 23:15:00","2017-06-19 15:09:23","The Titanium SDK"
4776,904,"2017 Sprint 12 Tooling",CLOSED,"2017-06-04 23:19:28",NULL,"2017-06-18 23:19:00","2017-06-19 15:11:49","The Titanium SDK"
4773,917,"2017 Sprint 13 SDK",CLOSED,"2017-06-18 15:14:36",NULL,"2017-07-02 15:14:00","2017-07-06 22:53:22","The Titanium SDK"
4772,912,"2017 Sprint 13 Tooling",CLOSED,"2017-06-18 15:15:18",NULL,"2017-07-02 15:15:00","2017-07-06 22:54:40","The Titanium SDK"
4771,920,"2017 Sprint 14 SDK",CLOSED,"2017-07-02 15:29:41",NULL,"2017-07-16 15:29:00","2017-07-17 13:39:47","The Titanium SDK"
4770,921,"2017 Sprint 14 Tooling",CLOSED,"2017-07-02 22:55:00",NULL,"2017-07-16 22:55:00","2017-07-17 13:40:09","The Titanium SDK"
4768,925,"2017 Sprint 15 SDK",CLOSED,"2017-07-16 13:40:47",NULL,"2017-07-30 13:40:00","2017-07-31 15:15:09","The Titanium SDK"
4769,924,"2017 Sprint 15 Tooling",CLOSED,"2017-07-16 13:53:58",NULL,"2017-07-30 13:53:00","2017-07-31 15:11:04","The Titanium SDK"
4716,824,"2017 Sprint 16 Platform",CLOSED,"2017-07-28 23:00:37",NULL,"2017-08-11 23:00:00","2019-03-14 20:37:14","The Titanium SDK"
4775,931,"2017 Sprint 16 Tooling",CLOSED,"2017-07-30 15:15:40",NULL,"2017-08-13 15:15:00","2017-08-13 22:07:49","The Titanium SDK"
4767,933,"2017 Sprint 16 SDK",CLOSED,"2017-07-30 15:17:10",NULL,"2017-08-13 15:17:00","2017-08-13 22:06:34","The Titanium SDK"
4766,940,"2017 Sprint 17 Tooling",CLOSED,"2017-08-13 22:08:07",NULL,"2017-08-27 22:08:00","2017-08-27 20:14:06","The Titanium SDK"
4764,939,"2017 Sprint 17 SDK",CLOSED,"2017-08-13 22:08:29",NULL,"2017-08-27 22:08:00","2017-08-27 20:10:54","The Titanium SDK"
4762,944,"2017 Sprint 18 SDK",CLOSED,"2017-08-27 20:13:39",NULL,"2017-09-10 20:13:00","2017-09-10 20:24:16","The Titanium SDK"
4763,945,"2017 Sprint 18 Tooling",CLOSED,"2017-08-27 20:14:41",NULL,"2017-09-10 20:14:00","2017-09-10 20:23:48","The Titanium SDK"
4760,948,"2017 Sprint 19 SDK",CLOSED,"2017-09-10 20:24:52",NULL,"2017-09-24 20:24:00","2017-09-25 16:49:27","The Titanium SDK"
4761,949,"2017 Sprint 19 Tooling",CLOSED,"2017-09-10 20:25:25",NULL,"2017-09-24 20:25:00","2017-09-25 16:50:29","The Titanium SDK"
4759,951,"2017 Sprint 20 SDK",CLOSED,"2017-09-24 16:50:18",NULL,"2017-10-08 16:50:00","2017-10-09 19:38:08","The Titanium SDK"
4758,959,"2017 Sprint 21 SDK",CLOSED,"2017-10-08 19:38:15",NULL,"2017-10-22 19:38:00","2017-10-24 22:55:57","The Titanium SDK"
4914,960,"2017 Sprint 21 Tooling",CLOSED,"2017-10-08 19:39:50",NULL,"2017-10-22 19:39:00","2017-10-24 22:57:14","The Titanium SDK"
4756,963,"2017 Sprint 22 SDK",CLOSED,"2017-10-22 20:44:00",NULL,"2017-11-05 22:43:00","2017-11-06 16:33:42","The Titanium SDK"
4755,968,"2017 Sprint 23 SDK",CLOSED,"2017-11-05 16:37:25",NULL,"2017-11-19 16:37:00","2017-11-20 18:57:57","The Titanium SDK"
4754,975,"2017 Sprint 24 SDK",CLOSED,"2017-11-19 18:59:24",NULL,"2017-12-03 18:59:00","2017-12-04 23:20:14","The Titanium SDK"
4753,978,"2017 Sprint 25 SDK",CLOSED,"2017-12-03 23:22:15",NULL,"2017-12-17 23:22:00","2017-12-18 22:32:03","The Titanium SDK"
4752,984,"2017 Sprint 26 SDK",CLOSED,"2017-12-17 22:35:00",NULL,"2017-12-31 22:34:00","2018-01-02 16:57:06","The Titanium SDK"
4751,986,"2018 Sprint 01 Tooling",CLOSED,"2017-12-31 16:58:25",NULL,"2018-01-14 16:58:00","2018-01-17 22:42:40","The Titanium SDK"
4750,985,"2018 Sprint 01 SDK",CLOSED,"2017-12-31 16:58:55",NULL,"2018-01-14 16:58:00","2018-01-17 22:44:27","The Titanium SDK"
4749,990,"2018 Sprint 02 SDK",CLOSED,"2018-01-14 22:48:44",NULL,"2018-01-28 22:48:00","2018-01-29 16:22:43","The Titanium SDK"
4747,997,"2018 Sprint 03 SDK",CLOSED,"2018-01-28 16:23:12",NULL,"2018-02-11 16:23:00","2018-02-12 04:22:49","The Titanium SDK"
4748,996,"2018 Sprint 03 Tooling",CLOSED,"2018-01-28 16:24:34",NULL,"2018-02-11 16:24:00","2018-02-12 04:23:36","The Titanium SDK"
4746,1000,"2018 Sprint 04 SDK",CLOSED,"2018-02-12 04:23:02",NULL,"2018-02-26 04:23:00","2018-02-26 19:36:02","The Titanium SDK"
4757,1001,"2018 Sprint 04 Tooling",CLOSED,"2018-02-12 04:25:17",NULL,"2018-02-26 04:25:00","2018-02-26 19:38:14","The Titanium SDK"
4745,126,"2018 Sprint 05 SDK",CLOSED,"2018-02-25 19:38:09",NULL,"2018-03-11 18:38:00","2018-03-11 22:06:02","The Titanium SDK"
4744,1008,"2018 Sprint 06 SDK",CLOSED,"2018-03-11 22:18:04",NULL,"2018-03-25 21:18:00","2018-03-25 20:52:37","The Titanium SDK"
4743,1019,"2018 Sprint 07 Tooling",CLOSED,"2018-03-25 20:58:01",NULL,"2018-04-08 20:58:00","2018-04-08 16:56:19","The Titanium SDK"
4742,1018,"2018 Sprint 07 SDK",CLOSED,"2018-03-25 20:59:37",NULL,"2018-04-08 20:59:00","2018-04-08 16:55:14","The Titanium SDK"
4741,1021,"2018 Sprint 08 SDK",CLOSED,"2018-04-08 16:57:36",NULL,"2018-04-22 16:57:00","2018-04-22 21:51:19","The Titanium SDK"
4740,1028,"2018 Sprint 09 SDK",CLOSED,"2018-04-22 21:53:09",NULL,"2018-05-06 21:53:00","2018-05-06 23:02:16","The Titanium SDK"
4739,1034,"2018 Sprint 10 SDK",CLOSED,"2018-05-06 23:03:22",NULL,"2018-05-20 23:03:00","2018-05-20 19:54:59","The Titanium SDK"
4737,1035,"2018 Sprint 11 SDK",CLOSED,"2018-05-20 19:57:44",NULL,"2018-06-03 19:57:00","2018-06-04 14:13:14","The Titanium SDK"
4738,1037,"2018 Sprint 11 Tooling",CLOSED,"2018-05-20 20:01:41",NULL,"2018-06-03 20:01:00","2018-06-04 14:14:22","The Titanium SDK"
4736,1039,"2018 Sprint 12 SDK",CLOSED,"2018-06-03 14:22:23",NULL,"2018-06-17 14:22:00","2018-06-18 19:45:36","The Titanium SDK"
4734,1045,"2018 Sprint 13 SDK",CLOSED,"2018-06-17 19:47:14",NULL,"2018-07-01 19:47:00","2018-07-02 17:40:05","The Titanium SDK"
4733,1050,"2018 Sprint 14 SDK",CLOSED,"2018-07-01 17:40:57",NULL,"2018-07-15 17:40:00","2018-07-16 02:27:09","The Titanium SDK"
4732,1053,"2018 Sprint 15 SDK",CLOSED,"2018-07-15 20:52:05",NULL,"2018-07-29 20:52:00","2018-07-29 21:25:12","The Titanium SDK"
4731,1058,"2018 Sprint 16 SDK",CLOSED,"2018-07-29 21:26:06",NULL,"2018-08-12 21:26:00","2018-08-13 16:38:17","The Titanium SDK"
4730,1065,"2016 Sprint 17 SDK",CLOSED,"2018-08-13 16:39:37",NULL,"2018-08-27 16:39:00","2018-08-29 15:10:57","The Titanium SDK"
4729,1070,"2018 Sprint 18 SDK",CLOSED,"2018-08-26 15:14:35",NULL,"2018-09-09 15:14:00","2018-09-11 19:59:21","The Titanium SDK"
4728,1073,"2018 Sprint 19 SDK",CLOSED,"2018-09-09 20:02:56",NULL,"2018-09-23 20:02:00","2018-09-23 21:28:11","The Titanium SDK"
4727,1078,"2018 Sprint 20 SDK",CLOSED,"2018-09-23 15:57:58",NULL,"2018-10-07 15:57:00","2018-10-07 22:31:40","The Titanium SDK"
4726,1084,"2018 Sprint 21",CLOSED,"2018-10-07 22:32:41",NULL,"2018-10-21 22:32:00","2018-10-21 22:19:05","The Titanium SDK"
4725,1088,"2018 Sprint 22",CLOSED,"2018-10-21 22:20:53",NULL,"2018-11-04 23:20:00","2018-11-04 23:29:59","The Titanium SDK"
4955,1090,"Sprint 34 2018 - Jean Grey",CLOSED,"2018-10-26 19:51:05",NULL,"2018-11-02 20:51:00","2018-11-02 20:36:19","The Titanium SDK"
4735,1094,"2018 Sprint 23",CLOSED,"2018-11-04 22:55:10",NULL,"2018-11-18 22:55:00","2019-01-14 17:19:54","The Titanium SDK"
4724,1093,"2018 Sprint 23",CLOSED,"2018-11-04 23:35:52",NULL,"2018-11-18 23:35:00","2018-11-19 05:30:34","The Titanium SDK"
4723,1095,"2018 Sprint 24",CLOSED,"2018-11-19 05:35:58",NULL,"2018-12-03 05:35:00","2018-12-03 16:28:58","The Titanium SDK"
4722,1103,"2018 Sprint 25",CLOSED,"2018-12-02 16:29:22",NULL,"2018-12-16 16:29:00","2018-12-15 02:33:25","The Titanium SDK"
4721,1104,"2018 Sprint 26",CLOSED,"2018-12-17 15:56:00",NULL,"2018-12-21 15:56:00","2018-12-26 17:42:17","The Titanium SDK"
4720,1106,"2019 Sprint 1",CLOSED,"2018-12-31 19:39:58",NULL,"2019-01-11 19:39:00","2019-01-14 17:17:48","The Titanium SDK"
4719,1108,"2019 Sprint 2",CLOSED,"2019-01-14 17:20:19",NULL,"2019-01-26 17:20:00","2019-01-28 17:38:12","The Titanium SDK"
4718,1109,"2019 Sprint 3",CLOSED,"2019-01-28 17:38:43",NULL,"2019-02-09 17:38:00","2019-02-08 21:37:29","The Titanium SDK"
4717,1112,"2019 Sprint 4",CLOSED,"2019-02-11 16:16:38",NULL,"2019-02-23 16:16:00","2019-02-24 18:35:43","The Titanium SDK"
4715,1118,"2019 Sprint 5",CLOSED,"2019-02-24 18:36:06",NULL,"2019-03-08 18:36:00","2019-03-07 22:19:47","The Titanium SDK"
4714,1119,"2019 Sprint 6",CLOSED,"2019-03-03 22:20:00",NULL,"2019-03-15 22:20:00","2019-03-18 17:26:43","The Titanium SDK"
4713,1123,"2019 Sprint 7",CLOSED,"2019-03-18 17:27:26",NULL,"2019-03-30 17:27:00","2019-03-29 18:02:37","The Titanium SDK"
4712,1124,"2019 Sprint 8",CLOSED,"2019-03-31 17:03:00",NULL,"2019-04-12 17:03:00","2019-04-12 18:04:50","The Titanium SDK"
4711,1128,"2019 Sprint 9",CLOSED,"2019-04-14 18:05:00",NULL,"2019-04-26 18:05:00","2019-04-26 21:05:14","The Titanium SDK"
4710,1129,"2019 Sprint 10",CLOSED,"2019-04-28 21:06:00",NULL,"2019-05-17 21:06:00","2019-05-20 15:48:43","The Titanium SDK"
4709,1136,"2019 Sprint 11",CLOSED,"2019-05-18 16:39:53",NULL,"2019-05-31 16:39:00","2019-06-04 20:37:11","The Titanium SDK"
4708,1141,"2019 Sprint 12",CLOSED,"2019-06-03 21:00:37",NULL,"2019-06-14 21:00:00","2019-06-15 02:44:21","The Titanium SDK"
4707,1146,"2019 Sprint 13",CLOSED,"2019-06-18 05:36:50",NULL,"2019-07-01 05:36:00","2019-07-01 15:45:24","The Titanium SDK"
4706,1149,"2019 Sprint 14",CLOSED,"2019-07-01 15:55:05",NULL,"2019-07-14 15:55:00","2019-07-15 14:41:02","The Titanium SDK"
4705,1153,"2019 Sprint 15",CLOSED,"2019-07-15 17:30:38",NULL,"2019-07-28 17:30:00","2019-07-29 14:34:52","The Titanium SDK"
4704,1157,"2019 Sprint 16",CLOSED,"2019-07-29 14:35:47",NULL,"2019-08-11 14:35:00","2019-08-12 06:57:03","The Titanium SDK"
4703,1160,"2019 Sprint 17",CLOSED,"2019-08-12 06:59:29",NULL,"2019-08-25 06:59:00","2019-08-26 14:35:30","The Titanium SDK"
4702,1161,"2019 Sprint 18",CLOSED,"2019-08-26 20:46:26",NULL,"2019-09-08 20:46:00","2019-09-09 19:39:59","The Titanium SDK"
4701,1163,"2019 Sprint 19",CLOSED,"2019-09-09 19:43:13",NULL,"2019-09-22 19:43:00","2019-09-23 14:37:36","The Titanium SDK"
4699,1165,"2019 Sprint 20",CLOSED,"2019-09-23 14:38:44",NULL,"2019-10-06 14:38:00","2019-10-07 17:33:12","The Titanium SDK"
4698,1168,"2019 Sprint 21",CLOSED,"2019-10-07 17:35:57",NULL,"2019-10-20 17:35:00","2019-10-21 14:38:00","The Titanium SDK"
4697,1169,"2019 Sprint 22",CLOSED,"2019-10-21 14:38:22",NULL,"2019-11-03 15:38:00","2019-11-04 18:36:57","The Titanium SDK"
4696,1170,"2019 Sprint 23",CLOSED,"2019-11-04 18:38:15",NULL,"2019-11-17 18:38:00","2019-11-18 16:38:18","The Titanium SDK"
4695,1171,"2019 Sprint 24",CLOSED,"2019-11-18 16:40:09",NULL,"2019-12-01 16:40:00","2019-12-02 23:06:25","The Titanium SDK"
4694,1172,"2019 Sprint 25",CLOSED,"2019-12-02 23:08:40",NULL,"2019-12-15 23:08:00","2019-12-16 05:54:55","The Titanium SDK"
4693,1175,"2019 Sprint 26",CLOSED,"2019-12-16 06:12:12",NULL,"2019-12-21 06:12:00","2019-12-22 03:07:16","The Titanium SDK"
4692,1176,"2020 Sprint 1",CLOSED,"2020-01-02 21:15:56",NULL,"2020-01-17 21:15:00","2020-01-21 17:44:30","The Titanium SDK"
4691,1177,"2020 Sprint 2",CLOSED,"2020-01-20 17:44:38",NULL,"2020-01-31 17:44:00","2020-01-31 16:57:45","The Titanium SDK"
4690,1179,"2020 Sprint 3",CLOSED,"2020-02-03 16:58:00",NULL,"2020-02-14 16:58:00","2020-02-17 09:45:06","The Titanium SDK"
4689,1180,"2020 Sprint 4",CLOSED,"2020-02-17 09:48:42",NULL,"2020-02-28 09:48:00","2020-02-28 17:07:21","The Titanium SDK"
4688,1181,"2020 Sprint 5",CLOSED,"2020-03-02 18:45:03",NULL,"2020-03-13 18:45:00","2020-03-13 16:42:05","The Titanium SDK"
4687,1182,"2020 Sprint 6",CLOSED,"2020-03-16 21:38:00",NULL,"2020-03-27 21:38:00","2020-03-27 16:02:03","The Titanium SDK"
4686,1190,"2020 Sprint 7",CLOSED,"2020-03-27 16:30:22",NULL,"2020-04-10 15:30:00","2020-04-10 16:43:28","The Titanium SDK"
4684,1192,"2020 Sprint 8",CLOSED,"2020-04-10 17:08:36",NULL,"2020-04-24 17:08:00","2020-04-24 15:23:30","The Titanium SDK"
4685,43,"2020 Sprint 7",CLOSED,"2020-04-13 16:48:00",NULL,"2020-04-24 16:48:00","2020-04-23 17:07:57","The Titanium SDK"
4683,1194,"2020 Sprint 9",CLOSED,"2020-04-24 16:09:52",NULL,"2020-05-08 16:09:00","2020-05-08 14:40:08","The Titanium SDK"
4682,1195,"2020 Sprint 10",CLOSED,"2020-05-08 15:37:58",NULL,"2020-05-22 15:37:00","2020-05-21 14:26:11","The Titanium SDK"
4681,1196,"2020 Sprint 11",CLOSED,"2020-05-26 14:56:00",NULL,"2020-06-05 14:56:00","2020-06-08 20:05:50","The Titanium SDK"
4680,1198,"2020 Sprint 12",CLOSED,"2020-06-08 20:06:42",NULL,"2020-06-19 20:06:00","2020-06-19 14:54:38","The Titanium SDK"
4679,1199,"2020 Sprint 13",CLOSED,"2020-06-19 15:41:04",NULL,"2020-07-02 15:41:00","2020-07-02 14:37:12","The Titanium SDK"
4678,1201,"2020 Sprint 14",CLOSED,"2020-07-06 14:40:00",NULL,"2020-07-17 14:40:00","2020-07-20 21:16:28","The Titanium SDK"
4677,1202,"2020 Sprint 15",CLOSED,"2020-07-20 21:16:06",NULL,"2020-07-31 21:16:00","2020-08-03 19:27:13","The Titanium SDK"
4676,1203,"2020 Sprint 16",CLOSED,"2020-08-03 19:57:55",NULL,"2020-08-14 19:57:00","2020-08-14 14:19:52","The Titanium SDK"
4675,1204,"2020 Sprint 17",CLOSED,"2020-08-17 14:48:00",NULL,"2020-08-28 14:48:00","2020-08-31 14:36:28","The Titanium SDK"
4674,1205,"2020 Sprint 18",CLOSED,"2020-08-31 14:45:10",NULL,"2020-09-11 14:45:00","2020-09-11 18:56:21","The Titanium SDK"
4673,1206,"2020 Sprint 19",CLOSED,"2020-09-14 19:01:00",NULL,"2020-09-25 19:01:00","2020-09-28 14:30:20","The Titanium SDK"
4672,1207,"2020 Sprint 20",CLOSED,"2020-09-28 14:30:47",NULL,"2020-10-09 14:30:00","2020-10-09 15:33:43","The Titanium SDK"
4671,1208,"2020 Sprint 21",CLOSED,"2020-10-12 15:34:00",NULL,"2020-10-23 15:34:00","2020-10-23 01:32:44","The Titanium SDK"
4670,1209,"2020 Sprint 22",ACTIVE,"2020-10-27 02:33:00",NULL,"2020-11-07 02:33:00",NULL,"The Titanium SDK"
862,1167,"sprint 37 2019 - Kraven",FUTURE,NULL,NULL,NULL,NULL,"Titanium Mobile Platform"
916,1041,hold,FUTURE,NULL,NULL,NULL,NULL,"Titanium Mobile Platform"
1076,16,"2013 Sprint 17",CLOSED,"2013-08-14 00:48:00",NULL,"2013-08-24 00:48:00","2013-09-26 16:01:57","Titanium Mobile Platform"
1074,50,"2014 Sprint 09 Tooling",CLOSED,"2014-04-28 15:43:24",NULL,"2014-05-10 03:44:00","2014-05-12 13:36:16","Titanium Mobile Platform"
1075,102,"2014 Sprint 09 Docs",CLOSED,"2014-04-28 15:59:03",NULL,"2014-05-09 15:59:00","2014-05-10 04:07:08","Titanium Mobile Platform"
1073,103,"2014 Sprint 10 Docs",CLOSED,"2014-05-12 16:00:00",NULL,"2014-05-24 00:00:00","2014-05-27 18:12:09","Titanium Mobile Platform"
1045,106,"2014 Sprint 11 Docs",CLOSED,"2014-05-27 23:00:00",NULL,"2014-06-07 00:00:00","2014-06-09 17:11:07","Titanium Mobile Platform"
1072,120,"2014 Sprint 12 Docs",CLOSED,"2014-06-09 23:59:17",NULL,"2014-06-21 00:00:00","2014-06-20 22:52:57","Titanium Mobile Platform"
1071,144,"2014 Sprint 13 Docs",CLOSED,"2014-06-23 16:00:44",NULL,"2014-07-04 00:00:00","2014-07-07 17:13:08","Titanium Mobile Platform"
1070,150,"2014 Sprint 14 Docs",CLOSED,"2014-07-07 20:38:42",NULL,"2014-07-21 20:38:00","2014-07-21 15:59:08","Titanium Mobile Platform"
1069,149,"2014 Sprint 14 SDK",CLOSED,"2014-07-07 21:48:52",NULL,"2014-07-19 00:00:00","2014-07-21 15:58:33","Titanium Mobile Platform"
1068,160,"2014 Sprint 15 Docs",CLOSED,"2014-07-22 15:09:19",NULL,"2014-08-05 15:09:00","2014-08-04 17:13:11","Titanium Mobile Platform"
1067,170,"2014 Sprint 16 Docs",CLOSED,"2014-08-04 22:03:37",NULL,"2014-08-18 22:03:00","2014-08-18 18:24:00","Titanium Mobile Platform"
1065,187,"2014 Sprint 17 Docs",CLOSED,"2014-08-19 16:00:00",NULL,"2014-08-30 00:00:00","2014-09-02 17:14:28","Titanium Mobile Platform"
1064,203,"2014 Sprint 18 Docs",CLOSED,"2014-09-04 19:42:30",NULL,"2014-09-13 00:00:00","2014-09-15 17:08:19","Titanium Mobile Platform"
1063,218,"2014 Sprint 19 Docs",CLOSED,"2014-09-15 16:00:43",NULL,"2014-09-27 00:00:00","2014-09-29 14:02:34","Titanium Mobile Platform"
1062,227,"2014 Sprint 20 Docs",CLOSED,"2014-09-29 22:20:44",NULL,"2014-10-13 22:20:00","2014-10-13 14:51:28","Titanium Mobile Platform"
1056,236,"2014 Docs Sprint 21",CLOSED,"2014-10-14 14:03:52",NULL,"2014-10-28 14:03:00","2014-10-27 17:08:51","Titanium Mobile Platform"
1061,249,"2014 Sprint 22 Documentation",CLOSED,"2014-10-27 16:00:00",NULL,"2014-11-08 01:00:00","2014-11-10 18:40:43","Titanium Mobile Platform"
1060,257,"2014 Sprint 23 Documentation",CLOSED,"2014-11-10 22:19:53",NULL,"2014-11-22 01:00:00","2014-11-22 05:04:18","Titanium Mobile Platform"
1059,264,"2014 Sprint 24 Documentation",CLOSED,"2014-11-25 14:40:49",NULL,"2014-12-08 01:00:00","2014-12-08 17:28:14","Titanium Mobile Platform"
1058,282,"2014 Sprint 25 Documentation",CLOSED,"2014-12-08 23:49:28",NULL,"2014-12-22 23:49:00","2015-01-05 16:12:58","Titanium Mobile Platform"
1057,297,"2015 Sprint 01 Documentation",CLOSED,"2015-01-03 01:00:00",NULL,"2015-01-17 01:00:00","2015-01-19 17:25:07","Titanium Mobile Platform"
1055,316,"2015 Sprint 02 Documentation",CLOSED,"2015-01-17 01:00:00",NULL,"2015-01-31 01:00:00","2015-02-02 14:29:18","Titanium Mobile Platform"
1054,328,"2015 Sprint 03 Documentation",CLOSED,"2015-01-31 01:00:50",NULL,"2015-02-14 01:00:00","2015-02-16 21:06:40","Titanium Mobile Platform"
1053,357,"2015 Sprint 04 Documentation",CLOSED,"2015-02-14 01:00:15",NULL,"2015-02-28 01:00:00","2015-02-27 21:09:20","Titanium Mobile Platform"
1052,361,"2015 Sprint 05 Documentation",CLOSED,"2015-02-28 15:59:22",NULL,"2015-03-14 00:00:00","2015-03-13 17:52:10","Titanium Mobile Platform"
1051,374,"Sprint 2015 06 Documentation",CLOSED,"2015-03-14 14:01:24",NULL,"2015-03-28 00:00:00","2015-03-27 23:22:26","Titanium Mobile Platform"
1050,386,"2015 Sprint 07 Documentation",CLOSED,"2015-03-30 16:00:31",NULL,"2015-04-11 00:00:00","2015-04-10 23:52:28","Titanium Mobile Platform"
1049,387,"2015 Sprint 08 Documentation",CLOSED,"2015-04-13 16:00:59",NULL,"2015-04-25 01:00:00","2015-04-24 17:46:08","Titanium Mobile Platform"
1048,388,"2015 Sprint 09 Documentation",CLOSED,"2015-04-27 16:00:30",NULL,"2015-05-09 00:00:00","2015-05-08 22:25:12","Titanium Mobile Platform"
1047,411,"2015 Sprint 10 Documentation",CLOSED,"2015-05-09 00:00:55",NULL,"2015-05-23 00:00:00","2015-05-22 18:27:29","Titanium Mobile Platform"
1046,426,"2015 Sprint 11 Documentation",CLOSED,"2015-05-26 16:00:09",NULL,"2015-06-13 00:00:00","2015-06-05 17:55:15","Titanium Mobile Platform"
1044,434,"2015 Sprint 12  Documentation",CLOSED,"2015-06-06 00:00:29",NULL,"2015-06-20 00:00:00","2015-06-19 23:50:30","Titanium Mobile Platform"
1043,435,"2015 Sprint 13  Documentation",CLOSED,"2015-06-22 16:00:47",NULL,"2015-07-02 00:00:00","2015-07-01 23:53:31","Titanium Mobile Platform"
1042,444,"2015 Sprint 14 Documentation",CLOSED,"2015-07-06 15:00:21",NULL,"2015-07-18 00:00:00","2015-07-20 18:14:11","Titanium Mobile Platform"
1041,452,"2015 Sprint 15 Documentation",CLOSED,"2015-07-20 16:00:56",NULL,"2015-08-01 00:00:00","2015-08-03 17:25:30","Titanium Mobile Platform"
1040,476,"2015 Sprint 16 Docs",CLOSED,"2015-08-04 04:00:00",NULL,"2015-08-15 00:00:00","2015-08-31 20:21:47","Titanium Mobile Platform"
1039,480,"2015 Sprint 17 Docs",CLOSED,"2015-08-17 16:00:58",NULL,"2015-08-29 00:00:00","2015-08-28 20:23:26","Titanium Mobile Platform"
1038,490,"2015 Sprint 18 Docs",CLOSED,"2015-08-31 16:00:24",NULL,"2015-09-12 00:00:00","2015-09-11 22:57:13","Titanium Mobile Platform"
1037,496,"2015 Sprint 19 Docs",CLOSED,"2015-09-14 16:00:03",NULL,"2015-09-24 00:00:00","2015-09-23 20:12:21","Titanium Mobile Platform"
1036,505,"2015 Sprint 20 Docs",CLOSED,"2015-10-08 20:39:46",NULL,"2015-10-10 00:00:00","2015-10-09 21:37:33","Titanium Mobile Platform"
1035,518,"2015 Sprint 21 Docs",CLOSED,"2015-10-12 16:00:21",NULL,"2015-10-24 00:00:00","2015-10-23 23:55:04","Titanium Mobile Platform"
1032,535,"2015 Sprint 24 DevOps",CLOSED,"2015-11-21 01:00:00",NULL,"2015-12-05 00:59:00","2015-12-07 18:43:13","Titanium Mobile Platform"
1034,565,"2016 Sprint 2 SDK",CLOSED,"2016-01-16 01:30:40",NULL,"2016-01-30 01:30:00","2016-01-31 01:27:08","Titanium Mobile Platform"
1028,580,"2016 Sprint 3 SDK",CLOSED,"2016-01-30 01:31:49",NULL,"2016-02-13 01:31:00","2016-02-15 05:32:41","Titanium Mobile Platform"
1025,585,"2016 Sprint 5 SDK",CLOSED,"2016-02-27 01:30:43",NULL,"2016-03-12 01:30:00","2016-03-14 11:50:18","Titanium Mobile Platform"
1023,129,"To Be Scheduled",CLOSED,"2016-03-28 04:03:55",NULL,"2016-04-08 04:03:00","2016-03-29 04:09:04","Titanium Mobile Platform"
1019,624,"2016 Sprint 09 SDK",CLOSED,"2016-04-23 00:39:45",NULL,"2016-05-07 00:39:00","2016-05-09 03:43:10","Titanium Mobile Platform"
1017,627,"2016 Sprint 10 SDK",CLOSED,"2016-05-07 00:43:57",NULL,"2016-05-21 00:43:00","2016-05-23 02:06:04","Titanium Mobile Platform"
1026,631,"2016 Sprint 11 SDK",CLOSED,"2016-05-21 00:06:10",NULL,"2016-06-04 00:06:00","2016-06-06 07:30:40","Titanium Mobile Platform"
1030,678,"2016 Sprint 14 SDK",CLOSED,"2016-07-02 00:25:58",NULL,"2016-07-16 00:25:00","2016-07-18 03:18:30","Titanium Mobile Platform"
1014,682,"2016 Sprint 15 SDK",CLOSED,"2016-07-16 00:19:21",NULL,"2016-07-30 00:19:00","2016-08-01 04:40:11","Titanium Mobile Platform"
1012,685,"2016 Sprint 16 SDK",CLOSED,"2016-07-30 00:40:03",NULL,"2016-08-13 00:40:00","2016-08-15 08:00:33","Titanium Mobile Platform"
1021,695,"2016 Sprint 17 SDK",CLOSED,"2016-08-13 00:00:17",NULL,"2016-08-27 00:00:00","2016-08-29 03:18:09","Titanium Mobile Platform"
1031,49,"Release 3.3.0",CLOSED,"2016-08-25 17:02:56",NULL,"2016-09-08 17:02:00","2016-08-25 17:03:18","Titanium Mobile Platform"
1029,528,"Sprint 02 2016: 1/10 - 1/23",CLOSED,"2016-08-25 17:03:56",NULL,"2016-09-08 17:03:00","2016-08-25 17:04:06","Titanium Mobile Platform"
1027,666,"Sprint 05 2016: 2/21 - 3/5",CLOSED,"2016-08-25 17:04:34",NULL,"2016-09-08 17:04:00","2016-08-25 17:04:43","Titanium Mobile Platform"
1024,667,"Sprint 06 2016: 3/6 - 3/19",CLOSED,"2016-08-25 17:05:08",NULL,"2016-09-08 17:05:00","2016-08-25 17:05:16","Titanium Mobile Platform"
1022,668,"Sprint 07 2016: 3/20 - 4/2",CLOSED,"2016-08-25 17:05:37",NULL,"2016-09-08 17:05:00","2016-08-25 17:05:46","Titanium Mobile Platform"
1015,669,"Sprint 08 2016: 4/3 - 4/16",CLOSED,"2016-08-25 17:06:31",NULL,"2016-09-08 17:06:00","2016-08-25 17:06:40","Titanium Mobile Platform"
1020,670,"Sprint 09 2016: 4/17 - 4/30",CLOSED,"2016-08-25 17:06:59",NULL,"2016-09-08 17:06:00","2016-08-25 17:07:06","Titanium Mobile Platform"
1018,671,"Sprint 10 2016: 5/1 - 5/14",CLOSED,"2016-08-25 17:07:20",NULL,"2016-09-08 17:07:00","2016-08-25 17:07:31","Titanium Mobile Platform"
1016,672,"Sprint 11 2016: 5/15 - 5/28",CLOSED,"2016-08-25 17:07:47",NULL,"2016-09-08 17:07:00","2016-08-25 17:07:55","Titanium Mobile Platform"
1011,710,"Sprint 18 2016: 8/21 - 9/3",CLOSED,"2016-08-25 17:20:14",NULL,"2016-08-26 21:00:00","2016-08-26 21:03:10","Titanium Mobile Platform"
1010,711,"Sprint 19 2016: 9/4 - 9/17",CLOSED,"2016-08-26 21:13:34",NULL,"2016-09-09 21:00:00","2016-09-02 20:05:43","Titanium Mobile Platform"
1009,704,"2016 Sprint 18 SDK",CLOSED,"2016-08-27 00:18:37",NULL,"2016-09-10 00:18:00","2016-09-09 20:26:14","Titanium Mobile Platform"
1008,721,"Sprint 36: Tachikoma",CLOSED,"2016-09-03 20:23:00",NULL,"2016-09-09 20:23:00","2016-09-09 20:26:30","Titanium Mobile Platform"
1006,724,"Sprint 37 - 2016: Data",CLOSED,"2016-09-09 21:11:51",NULL,"2016-09-16 21:11:00","2016-09-16 20:57:44","Titanium Mobile Platform"
1004,707,"2016 Sprint 19 SDK",CLOSED,"2016-09-10 00:17:15",NULL,"2016-09-24 00:17:00","2016-09-26 05:17:04","Titanium Mobile Platform"
1005,727,"Sprint 38 - 2016: Mega Man",CLOSED,"2016-09-16 21:57:09",NULL,"2016-09-23 21:57:00","2016-09-23 20:03:34","Titanium Mobile Platform"
1003,728,"Sprint 39 - 2016: Awesome-O",CLOSED,"2016-09-23 20:53:07",NULL,"2016-09-30 20:53:00","2016-09-30 21:04:22","Titanium Mobile Platform"
1002,736,"Sprint 40 - 2016: R2D2",CLOSED,"2016-09-30 21:16:17",NULL,"2016-10-07 21:16:00","2016-10-07 21:10:15","Titanium Mobile Platform"
1001,737,"Sprint 41 - 2016: HAL 9000",CLOSED,"2016-10-07 21:58:31",NULL,"2016-10-14 21:58:00","2016-10-14 20:54:59","Titanium Mobile Platform"
1000,733,"2016 Sprint 21 SDK",CLOSED,"2016-10-08 00:53:00",NULL,"2016-10-22 00:53:00","2016-10-24 03:58:09","Titanium Mobile Platform"
999,738,"Sprint 42 - 2016: ED-209",CLOSED,"2016-10-14 21:18:30",NULL,"2016-10-21 21:18:00","2016-10-21 19:47:28","Titanium Mobile Platform"
998,747,"Sprint 43 - 2016: Bishop",CLOSED,"2016-10-21 20:45:46",NULL,"2016-10-28 20:45:00","2016-10-31 16:26:17","Titanium Mobile Platform"
1007,741,"2016 Sprint 22 SDK",CLOSED,"2016-10-22 00:02:30",NULL,"2016-11-05 00:02:00","2016-11-07 04:38:58","Titanium Mobile Platform"
996,748,"Sprint 44 - 2016: HELPeR",CLOSED,"2016-10-31 16:31:13",NULL,"2016-11-04 21:00:00","2016-11-04 21:12:05","Titanium Mobile Platform"
995,749,"Sprint 45 - 2016: Mr. Roboto",CLOSED,"2016-11-04 21:34:22",NULL,"2016-11-11 22:00:00","2016-11-11 22:38:18","Titanium Mobile Platform"
994,761,"Sprint 46 - 2016: Marvin",CLOSED,"2016-11-11 22:45:29",NULL,"2016-11-18 22:45:00","2016-11-28 16:56:10","Titanium Mobile Platform"
993,762,"Sprint 47 - 2016: Bender",CLOSED,"2016-11-28 16:58:04",NULL,"2016-12-16 21:00:00","2016-12-02 21:55:59","Titanium Mobile Platform"
992,763,"Sprint 48 - 2016: Astro Boy",CLOSED,"2016-12-02 22:04:13",NULL,"2016-12-09 22:04:00","2016-12-09 21:55:54","Titanium Mobile Platform"
985,781,"Sprint 49 - 2016: Iron Giant",CLOSED,"2016-12-09 22:00:55",NULL,"2016-12-16 22:00:00","2016-12-16 00:20:51","Titanium Mobile Platform"
991,790,"Sprint 1 2017 - Explorer",CLOSED,"2017-01-03 18:31:14",NULL,"2017-01-20 22:00:00","2017-01-06 23:06:10","Titanium Mobile Platform"
989,791,"Sprint 2 2017 - Enterprise",CLOSED,"2017-01-06 23:08:24",NULL,"2017-01-13 23:08:00","2017-01-13 22:24:05","Titanium Mobile Platform"
988,792,"Sprint 3 2017 - Moonraker",CLOSED,"2017-01-13 22:30:20",NULL,"2017-01-20 22:30:00","2017-01-20 20:02:13","Titanium Mobile Platform"
987,793,"Sprint 4 2017 - Orion III",CLOSED,"2017-01-20 20:05:13",NULL,"2017-02-03 20:05:00","2017-01-26 20:42:20","Titanium Mobile Platform"
990,527,"Future (unforeseeable)",CLOSED,"2017-01-30 20:47:00",NULL,"2017-02-03 20:47:00","2017-01-26 20:47:53","Titanium Mobile Platform"
986,800,"Sprint 5 2017 - Mongoose",CLOSED,"2017-01-30 20:48:00",NULL,"2017-02-03 20:48:00","2017-02-03 22:06:58","Titanium Mobile Platform"
984,801,"Sprint 6 2017 - Moya",CLOSED,"2017-02-03 22:26:03",NULL,"2017-02-10 22:26:00","2017-02-10 20:40:14","Titanium Mobile Platform"
983,810,"Sprint 7 2017 - Serenity",CLOSED,"2017-02-10 20:46:08",NULL,"2017-02-16 20:46:00","2017-02-16 21:26:53","Titanium Mobile Platform"
982,811,"Sprint 8 2017 - Cygnus",CLOSED,"2017-02-16 21:41:15",NULL,"2017-02-24 21:41:00","2017-02-24 22:06:52","Titanium Mobile Platform"
981,844,"Sprint 9 2017 - Ark",CLOSED,"2017-02-24 22:07:56",NULL,"2017-03-03 22:07:00","2017-03-03 21:04:38","Titanium Mobile Platform"
977,847,"2017 Sprint 05 SDK",CLOSED,"2017-02-26 17:39:21",NULL,"2017-03-12 17:39:00","2017-03-12 19:14:39","Titanium Mobile Platform"
979,845,"Sprint 10 2017 - Galactica",CLOSED,"2017-03-03 21:05:09",NULL,"2017-03-10 22:05:00","2017-03-10 22:04:51","Titanium Mobile Platform"
976,846,"Sprint 11 2017 - Pegasus",CLOSED,"2017-03-10 22:21:39",NULL,"2017-03-17 22:21:00","2017-03-20 16:07:39","Titanium Mobile Platform"
975,856,"Sprint 12 2017 - Basestar",CLOSED,"2017-03-20 16:29:34",NULL,"2017-03-24 16:29:00","2017-03-24 19:30:47","Titanium Mobile Platform"
978,857,"Sprint 13 2017 - Derelict",CLOSED,"2017-03-24 19:42:46",NULL,"2017-03-31 19:42:00","2017-04-03 17:08:41","Titanium Mobile Platform"
974,858,"Sprint 14 2017 - Endurance",CLOSED,"2017-04-03 17:18:51",NULL,"2017-04-07 17:18:00","2017-04-07 20:12:36","Titanium Mobile Platform"
973,859,"Sprint 15 2017 - Jupiter 2",CLOSED,"2017-04-07 20:19:42",NULL,"2017-04-13 20:19:00","2017-04-17 17:51:59","Titanium Mobile Platform"
1066,871,"2017 Sprint 08 SDK",CLOSED,"2017-04-10 15:40:31",NULL,"2017-04-24 15:40:00","2017-04-23 21:46:37","Titanium Mobile Platform"
972,872,"Sprint 16 2017 - Protector",CLOSED,"2017-04-17 18:22:37",NULL,"2017-04-21 18:22:00","2017-04-21 21:10:14","Titanium Mobile Platform"
971,873,"Sprint 17 2017 - Macross",CLOSED,"2017-04-21 21:18:02",NULL,"2017-04-28 19:00:00","2017-04-28 17:53:10","Titanium Mobile Platform"
969,874,"Sprint 18 2017 - Spaceball One",CLOSED,"2017-04-28 17:56:11",NULL,"2017-05-05 17:56:00","2017-05-05 19:57:52","Titanium Mobile Platform"
970,875,"Sprint 19 2017 - StarDestroyer",CLOSED,"2017-05-05 20:00:14",NULL,"2017-05-12 20:00:00","2017-05-12 20:40:00","Titanium Mobile Platform"
968,887,"Sprint 20 2017 - Titan",CLOSED,"2017-05-12 21:01:56",NULL,"2017-05-19 21:01:00","2017-05-22 15:03:12","Titanium Mobile Platform"
967,893,"Sprint 21 2017 - Voyager",CLOSED,"2017-05-22 15:14:46",NULL,"2017-05-26 15:14:00","2017-05-30 13:31:33","Titanium Mobile Platform"
965,894,"Sprint 22 2017 - Valkyrie",CLOSED,"2017-05-30 13:34:45",NULL,"2017-06-02 13:34:00","2017-06-02 21:33:20","Titanium Mobile Platform"
964,895,"Sprint 23 2017 - Viper",CLOSED,"2017-06-02 21:45:52",NULL,"2017-06-09 21:45:00","2017-06-09 21:22:21","Titanium Mobile Platform"
962,905,"Sprint 24 2017 - Raider",CLOSED,"2017-06-09 21:27:19",NULL,"2017-06-16 21:27:00","2017-06-16 21:58:00","Titanium Mobile Platform"
959,906,"Sprint 25 2017 - Blackbird",CLOSED,"2017-06-16 21:59:21",NULL,"2017-06-23 21:59:00","2017-06-26 17:55:05","Titanium Mobile Platform"
961,911,"Sprint 26 2017 - A-wing",CLOSED,"2017-06-26 17:55:39",NULL,"2017-06-30 17:55:00","2017-06-30 19:55:57","Titanium Mobile Platform"
960,922,"Sprint 27 2017 - Mill Falcon",CLOSED,"2017-07-05 19:56:00",NULL,"2017-07-14 19:56:00","2017-07-14 20:37:39","Titanium Mobile Platform"
958,926,"Sprint 29 2017 - Planet Expres",CLOSED,"2017-07-21 20:37:58",NULL,"2017-07-28 20:37:00","2017-07-28 22:25:41","Titanium Mobile Platform"
957,927,"Sprint 30 2017 - X-wing",CLOSED,"2017-07-28 22:29:15",NULL,"2017-08-04 22:29:00","2017-08-04 19:57:45","Titanium Mobile Platform"
956,933,"2017 Sprint 16 SDK",CLOSED,"2017-07-30 16:17:10",NULL,"2017-08-13 16:17:00","2017-08-13 23:06:34","Titanium Mobile Platform"
954,934,"Sprint 31 2017 - Betty",CLOSED,"2017-08-04 19:58:35",NULL,"2017-08-11 19:58:00","2017-08-11 21:03:58","Titanium Mobile Platform"
955,940,"2017 Sprint 17 Tooling",CLOSED,"2017-08-13 23:08:07",NULL,"2017-08-27 23:08:00","2017-08-27 21:14:06","Titanium Mobile Platform"
963,935,"Sprint 32 2017 - Y-wing",CLOSED,"2017-08-15 20:18:37",NULL,"2017-08-18 20:18:00","2017-08-18 22:53:52","Titanium Mobile Platform"
953,942,"Sprint 33 2017 - Red Dwarf",CLOSED,"2017-09-08 19:54:30",NULL,"2017-09-15 19:54:00","2017-09-18 17:06:49","Titanium Mobile Platform"
952,950,"Sprint 34 2017 - U-wing",CLOSED,"2017-09-18 17:16:45",NULL,"2017-09-22 17:16:00","2017-09-22 21:07:32","Titanium Mobile Platform"
951,956,"Sprint 35 2017 - Ascendant",CLOSED,"2017-09-22 21:27:28",NULL,"2017-09-29 21:27:00","2017-09-29 20:30:17","Titanium Mobile Platform"
950,957,"Sprint 36 2017 - Destiny",CLOSED,"2017-09-29 20:43:37",NULL,"2017-10-06 20:43:00","2017-10-06 20:25:31","Titanium Mobile Platform"
949,958,"Sprint 37 2017 - Escape Pod",CLOSED,"2017-10-06 20:29:53",NULL,"2017-10-13 20:29:00","2017-10-13 21:09:23","Titanium Mobile Platform"
948,961,"Sprint 38 2017 - EVA Pod",CLOSED,"2017-10-13 21:40:08",NULL,"2017-10-20 21:40:00","2017-10-20 19:55:25","Titanium Mobile Platform"
946,962,"Sprint 39 2017 - Javelin",CLOSED,"2017-10-20 20:38:34",NULL,"2017-10-27 20:38:00","2017-10-27 20:50:22","Titanium Mobile Platform"
947,965,"Sprint 40 2017 - TARDIS",CLOSED,"2017-10-27 20:51:04",NULL,"2017-11-03 20:51:00","2017-11-03 22:02:26","Titanium Mobile Platform"
943,966,"Sprint 41 2017 - Death Star",CLOSED,"2017-11-03 22:06:40",NULL,"2017-11-10 22:06:00","2017-11-10 21:40:21","Titanium Mobile Platform"
944,967,"Sprint 42 2017 - Deep Space 9",CLOSED,"2017-11-10 21:46:07",NULL,"2017-11-17 21:46:00","2017-11-27 16:50:47","Titanium Mobile Platform"
941,973,"Sprint 43 2017 - Elysium",CLOSED,"2017-11-27 18:55:17",NULL,"2017-12-01 18:55:00","2017-12-01 21:36:10","Titanium Mobile Platform"
940,974,"Sprint 44 2017 - Thunderbird 5",CLOSED,"2017-12-01 21:44:01",NULL,"2017-12-08 21:44:00","2017-12-08 22:22:28","Titanium Mobile Platform"
938,979,"Sprint 45 2017 - Tycho",CLOSED,"2017-12-08 22:26:21",NULL,"2017-12-15 22:26:00","2017-12-18 16:22:37","Titanium Mobile Platform"
1013,983,"2017 Sprint 26 Tooling",CLOSED,"2017-12-17 22:33:17",NULL,"2017-12-31 22:33:00","2018-01-02 16:57:52","Titanium Mobile Platform"
939,980,"Sprint 46 2017 - Watchtower",CLOSED,"2017-12-18 16:33:56",NULL,"2017-12-22 16:33:00","2017-12-22 18:34:34","Titanium Mobile Platform"
937,981,"Sprint 1 2018 - Spider-man",CLOSED,"2018-01-02 18:31:22",NULL,"2018-01-05 18:31:00","2018-01-05 21:27:36","Titanium Mobile Platform"
936,987,"Sprint 2 2018 - Thor",CLOSED,"2018-01-05 21:31:14",NULL,"2018-01-12 21:31:00","2018-01-12 20:56:47","Titanium Mobile Platform"
935,988,"Sprint 3 2018 - Dr. Strange",CLOSED,"2018-01-12 21:02:17",NULL,"2018-01-19 21:02:00","2018-01-19 21:10:12","Titanium Mobile Platform"
934,992,"Sprint 4 2018 - Hulk",CLOSED,"2018-01-19 21:13:21",NULL,"2018-01-26 21:13:00","2018-01-26 20:29:43","Titanium Mobile Platform"
933,993,"Sprint 5 2018 - Iron Man",CLOSED,"2018-01-26 20:35:52",NULL,"2018-02-02 20:35:00","2018-02-02 21:44:57","Titanium Mobile Platform"
932,997,"2018 Sprint 03 SDK",CLOSED,"2018-01-28 16:23:12",NULL,"2018-02-11 16:23:00","2018-02-12 04:22:49","Titanium Mobile Platform"
945,1000,"2018 Sprint 04 SDK",CLOSED,"2018-02-12 04:23:02",NULL,"2018-02-26 04:23:00","2018-02-26 19:36:02","Titanium Mobile Platform"
929,999,"Sprint 7 2018 - Capt Marvel",CLOSED,"2018-02-12 21:59:28",NULL,"2018-02-16 21:59:00","2018-02-16 22:01:44","Titanium Mobile Platform"
931,1004,"Sprint 8 2018 - Capt America",CLOSED,"2018-02-16 22:08:54",NULL,"2018-02-23 22:08:00","2018-02-23 21:18:34","Titanium Mobile Platform"
930,1005,"Sprint 9 2018 - Wolverine",CLOSED,"2018-02-23 22:52:20",NULL,"2018-03-02 22:52:00","2018-03-02 20:41:03","Titanium Mobile Platform"
928,126,"2018 Sprint 05 SDK",CLOSED,"2018-02-25 19:38:09",NULL,"2018-03-11 18:38:00","2018-03-11 22:06:02","Titanium Mobile Platform"
942,1011,"Sprint 11 2018 - Storm",CLOSED,"2018-03-12 15:30:21",NULL,"2018-03-16 15:30:00","2018-03-16 21:06:34","Titanium Mobile Platform"
927,1015,"Sprint 12 2018 - Groot",CLOSED,"2018-03-16 21:23:20",NULL,"2018-03-23 21:23:00","2018-03-23 21:29:13","Titanium Mobile Platform"
926,1018,"2018 Sprint 07 SDK",CLOSED,"2018-03-25 21:59:37",NULL,"2018-04-08 21:59:00","2018-04-08 17:55:14","Titanium Mobile Platform"
925,1021,"2018 Sprint 08 SDK",CLOSED,"2018-04-08 17:57:36",NULL,"2018-04-22 17:57:00","2018-04-22 22:51:19","Titanium Mobile Platform"
922,1028,"2018 Sprint 09 SDK",CLOSED,"2018-04-22 22:53:09",NULL,"2018-05-06 22:53:00","2018-05-07 00:02:16","Titanium Mobile Platform"
924,1017,"Sprint 14 2018 - Deadpool",CLOSED,"2018-04-26 15:24:31",NULL,"2018-04-27 15:24:00","2018-04-27 18:49:17","Titanium Mobile Platform"
923,1025,"Sprint 15 2018 - Scarlet Witch",CLOSED,"2018-04-27 18:55:07",NULL,"2018-05-04 18:55:00","2018-05-04 20:02:37","Titanium Mobile Platform"
921,1034,"2018 Sprint 10 SDK",CLOSED,"2018-05-07 00:03:22",NULL,"2018-05-21 00:03:00","2018-05-20 20:54:59","Titanium Mobile Platform"
919,1035,"2018 Sprint 11 SDK",CLOSED,"2018-05-20 20:57:44",NULL,"2018-06-03 20:57:00","2018-06-04 15:13:14","Titanium Mobile Platform"
920,1026,"Sprint 16 2018 - Hawkeye",CLOSED,"2018-05-25 20:23:41",NULL,"2018-06-01 20:23:00","2018-06-01 20:40:30","Titanium Mobile Platform"
918,1042,"Sprint 17 2018 - Luke Cage",CLOSED,"2018-06-01 20:41:15",NULL,"2018-06-08 20:41:00","2018-06-11 15:34:34","Titanium Mobile Platform"
917,1043,"Sprint 18 2018 - Falcon",CLOSED,"2018-06-11 17:38:20",NULL,"2018-06-15 17:38:00","2018-06-15 21:10:04","Titanium Mobile Platform"
915,1047,"Sprint 19 2018 - Human Torch",CLOSED,"2018-06-15 21:10:59",NULL,"2018-06-22 21:10:00","2018-06-29 19:51:02","Titanium Mobile Platform"
914,1045,"2018 Sprint 13 SDK",CLOSED,"2018-06-17 20:47:14",NULL,"2018-07-01 20:47:00","2018-07-02 18:40:05","Titanium Mobile Platform"
913,1050,"2018 Sprint 14 SDK",CLOSED,"2018-07-01 18:40:57",NULL,"2018-07-15 18:40:00","2018-07-16 03:27:09","Titanium Mobile Platform"
911,1048,"Sprint 20 2018 - Avengers",CLOSED,"2018-07-09 16:07:13",NULL,"2018-07-27 16:07:00","2018-07-16 15:16:01","Titanium Mobile Platform"
966,1053,"2018 Sprint 15 SDK",CLOSED,"2018-07-15 21:52:05",NULL,"2018-07-29 21:52:00","2018-07-29 22:25:12","Titanium Mobile Platform"
912,1055,"Sprint 21 2018 - Quicksilver",CLOSED,"2018-07-16 15:16:45",NULL,"2018-07-20 15:16:00","2018-07-20 20:08:26","Titanium Mobile Platform"
910,1060,"Sprint 23 2018 - Thing",CLOSED,"2018-07-30 16:39:49",NULL,"2018-08-03 16:39:00","2018-08-03 20:44:04","Titanium Mobile Platform"
909,1064,"Sprint 24 2018 - Beast",CLOSED,"2018-08-03 20:48:12",NULL,"2018-08-10 20:48:00","2018-08-10 20:32:17","Titanium Mobile Platform"
908,1067,"Sprint 25 2018 - Susan Storm",CLOSED,"2018-08-10 20:33:36",NULL,"2018-08-17 20:33:00","2018-08-17 21:08:45","Titanium Mobile Platform"
907,1068,"Sprint 26 2018 - Felicia Hardy",CLOSED,"2018-08-17 21:12:33",NULL,"2018-08-24 21:12:00","2018-08-24 22:12:45","Titanium Mobile Platform"
906,1069,"Sprint 27 2018 - Bishop",CLOSED,"2018-08-24 22:14:51",NULL,"2018-08-31 22:14:00","2018-08-31 21:03:13","Titanium Mobile Platform"
905,1074,"Sprint 28 2018 - Arch Angel",CLOSED,"2018-08-31 21:23:03",NULL,"2018-09-07 21:23:00","2018-09-10 17:13:34","Titanium Mobile Platform"
903,1077,"2018 Sprint 19 Studio",CLOSED,"2018-09-10 06:49:03",NULL,"2018-09-24 06:49:00","2018-09-24 06:47:43","Titanium Mobile Platform"
904,1075,"Sprint 29 2018 - Silver Surfer",CLOSED,"2018-09-10 18:13:02",NULL,"2018-09-14 18:13:00","2018-09-14 21:09:41","Titanium Mobile Platform"
902,1076,"Sprint 30 2018 - Psylocke",CLOSED,"2018-09-24 16:09:43",NULL,"2018-09-28 16:09:00","2018-09-28 20:42:07","Titanium Mobile Platform"
900,1082,"Sprint 33 2018 - Rogue",CLOSED,"2018-10-19 20:22:46",NULL,"2018-10-26 20:22:00","2018-10-26 20:44:56","Titanium Mobile Platform"
899,1090,"Sprint 34 2018 - Jean Grey",CLOSED,"2018-10-26 20:51:05",NULL,"2018-11-02 20:51:00","2018-11-02 20:36:19","Titanium Mobile Platform"
898,1092,"Sprint 36 2018 - X-23",CLOSED,"2018-11-09 20:55:03",NULL,"2018-11-16 20:55:00","2018-11-16 21:53:00","Titanium Mobile Platform"
896,1099,"Sprint 37 2018 - Iceman",CLOSED,"2018-11-27 21:55:57",NULL,"2018-11-30 21:55:00","2018-11-30 21:00:43","Titanium Mobile Platform"
897,1100,"Sprint 38 2018 - Cyclops",CLOSED,"2018-11-30 21:01:48",NULL,"2018-12-07 21:01:00","2018-12-07 21:22:07","Titanium Mobile Platform"
895,1101,"Sprint 39 2018 - Nightcrawler",CLOSED,"2018-12-11 16:35:00",NULL,"2018-12-14 16:35:00","2018-12-14 21:38:45","Titanium Mobile Platform"
894,1102,"Sprint 40 2018 - Star-Lord",CLOSED,"2018-12-14 22:08:19",NULL,"2018-12-21 22:08:00","2018-12-21 20:47:33","Titanium Mobile Platform"
893,1105,"Sprint 1 2019 - Dark Phoenix",CLOSED,"2019-01-04 21:16:00",NULL,"2019-01-11 21:15:00","2019-01-11 21:47:17","Titanium Mobile Platform"
892,1107,"Sprint 2 2019 - Hela",CLOSED,"2019-01-11 21:49:53",NULL,"2019-01-18 21:49:00","2019-01-18 21:02:30","Titanium Mobile Platform"
891,1113,"sprint 5 2019 - Loki",CLOSED,"2019-02-04 17:35:32",NULL,"2019-02-08 17:35:00","2019-02-08 21:16:48","Titanium Mobile Platform"
889,1112,"2019 Sprint 4",CLOSED,"2019-02-11 16:16:38",NULL,"2019-02-23 16:16:00","2019-02-24 18:35:43","Titanium Mobile Platform"
887,1115,"sprint 7 2019 - Mephisto",CLOSED,"2019-02-15 21:39:25",NULL,"2019-02-22 21:39:00","2019-02-22 20:59:28","Titanium Mobile Platform"
886,1117,"sprint 9 2019 - Ultron",CLOSED,"2019-03-01 21:17:12",NULL,"2019-03-08 21:17:00","2019-03-08 21:03:19","Titanium Mobile Platform"
888,1120,"sprint 10 2019 - Apocalypse",CLOSED,"2019-03-08 21:05:45",NULL,"2019-03-15 21:05:00","2019-03-15 20:06:13","Titanium Mobile Platform"
885,1121,"sprint 11  2019 - Thanos",CLOSED,"2019-03-15 20:37:20",NULL,"2019-03-22 20:37:00","2019-03-25 15:41:32","Titanium Mobile Platform"
901,1122,"sprint 12 2019 - Dr Doom",CLOSED,"2019-03-25 16:11:05",NULL,"2019-03-29 16:11:00","2019-03-29 21:04:51","Titanium Mobile Platform"
884,1125,"sprint 13 2019 - Annihilus",CLOSED,"2019-03-29 21:05:54",NULL,"2019-04-05 21:05:00","2019-04-05 20:31:23","Titanium Mobile Platform"
883,1126,"sprint 14 2019 - Bullseye",CLOSED,"2019-04-05 20:32:25",NULL,"2019-04-12 20:32:00","2019-04-12 21:20:20","Titanium Mobile Platform"
882,1127,"sprint 15 2019 - Kingpin",CLOSED,"2019-04-12 21:23:22",NULL,"2019-04-19 21:23:00","2019-04-19 21:03:24","Titanium Mobile Platform"
881,1130,"sprint 16 2019 - Mysterio",CLOSED,"2019-04-19 21:04:26",NULL,"2019-04-26 21:04:00","2019-04-29 14:58:29","Titanium Mobile Platform"
868,1129,"2019 Sprint 10",CLOSED,"2019-04-28 22:06:00",NULL,"2019-05-17 22:06:00","2019-05-20 16:48:43","Titanium Mobile Platform"
880,1131,"sprint 17 2019 - Abomination",CLOSED,"2019-04-29 15:49:59",NULL,"2019-05-03 15:49:00","2019-05-03 21:49:28","Titanium Mobile Platform"
997,1132,"sprint 18 2019 - Mystique",CLOSED,"2019-05-03 21:50:14",NULL,"2019-05-10 21:50:00","2019-05-10 20:54:50","Titanium Mobile Platform"
879,1133,"sprint 19 2019 - Carnage",CLOSED,"2019-05-10 21:14:55",NULL,"2019-05-17 21:14:00","2019-05-17 20:21:04","Titanium Mobile Platform"
877,1139,"sprint 21 2019 - Electro",CLOSED,"2019-05-24 22:13:32",NULL,"2019-05-31 22:13:00","2019-05-30 21:05:00","Titanium Mobile Platform"
878,1140,"sprint 22 2019 - Onslaught",CLOSED,"2019-05-30 21:05:20",NULL,"2019-06-06 21:05:00","2019-06-07 20:13:39","Titanium Mobile Platform"
875,1141,"2019 Sprint 12",CLOSED,"2019-06-03 22:00:37",NULL,"2019-06-14 22:00:00","2019-06-15 03:44:21","Titanium Mobile Platform"
876,1143,"sprint 23 2019 - Juggernaut",CLOSED,"2019-06-07 20:56:59",NULL,"2019-06-14 20:56:00","2019-06-14 17:29:24","Titanium Mobile Platform"
873,1144,"sprint 24 2019 - Sandman",CLOSED,"2019-06-17 15:21:50",NULL,"2019-06-21 15:21:00","2019-06-21 20:02:27","Titanium Mobile Platform"
874,1147,"sprint 25 2019 - Sabretooth",CLOSED,"2019-06-21 20:11:43",NULL,"2019-06-28 20:11:00","2019-06-28 20:00:56","Titanium Mobile Platform"
871,1148,"sprint 26 2019 - Deathstrike",CLOSED,"2019-06-28 20:04:42",NULL,"2019-07-02 20:04:00","2019-07-02 20:40:29","Titanium Mobile Platform"
980,1150,"sprint 27 2019 - Omega Red",CLOSED,"2019-07-09 20:47:00",NULL,"2019-07-12 20:47:00","2019-07-12 20:42:14","Titanium Mobile Platform"
870,1151,"sprint 28 2019 - Dr Otto Octav",CLOSED,"2019-07-12 20:47:57",NULL,"2019-07-19 20:47:00","2019-07-19 22:07:50","Titanium Mobile Platform"
890,1152,"sprint 29 2019 - Vulcan",CLOSED,"2019-07-22 14:06:20",NULL,"2019-07-26 14:06:00","2019-07-26 20:35:34","Titanium Mobile Platform"
869,1154,"sprint 30 2019 - Mandarin",CLOSED,"2019-07-26 21:04:56",NULL,"2019-08-02 21:04:00","2019-08-02 20:27:58","Titanium Mobile Platform"
1033,1157,"2019 Sprint 16",CLOSED,"2019-07-29 15:35:47",NULL,"2019-08-11 15:35:00","2019-08-12 07:57:03","Titanium Mobile Platform"
867,1155,"sprint 31 2019 - Nebula",CLOSED,"2019-08-12 16:17:00",NULL,"2019-08-16 16:17:00","2019-08-16 20:46:41","Titanium Mobile Platform"
866,1158,"sprint 32 2019 - Sentinel",CLOSED,"2019-08-16 21:07:10",NULL,"2019-08-23 21:07:00","2019-08-23 21:41:37","Titanium Mobile Platform"
865,1159,"sprint 33 2019 - Green Goblin",CLOSED,"2019-08-23 21:44:19",NULL,"2019-08-29 21:44:00","2019-08-29 18:29:34","Titanium Mobile Platform"
872,1161,"2019 Sprint 18",CLOSED,"2019-08-26 21:46:26",NULL,"2019-09-08 21:46:00","2019-09-09 20:39:59","Titanium Mobile Platform"
864,1162,"sprint 34 2019 - Super-Skrull",CLOSED,"2019-09-03 18:30:00",NULL,"2019-09-06 18:30:00","2019-09-06 20:24:04","Titanium Mobile Platform"
863,1164,"sprint 35 2019 - Dormammu",CLOSED,"2019-09-16 16:08:19",NULL,"2019-09-20 16:08:00","2019-09-20 20:53:53","Titanium Mobile Platform"
861,1166,"sprint 36 2019 - Taskmaster",ACTIVE,"2019-09-20 21:01:00",NULL,"2019-10-04 21:00:00",NULL,"Titanium Mobile Platform"
860,1180,"2020 Sprint 4",CLOSED,"2020-02-17 09:48:42",NULL,"2020-02-28 09:48:00","2020-02-28 17:07:21","Titanium Mobile Platform"
